task_id,task_type,required_skills,task_priority,estimated_effort_hours,sla_hours,task_location,created_at,deadline
T00001,Data Engineering,Azure,Critical,6.9,12.3,Remote,2026-04-21T11:00,2026-04-21T23:18
T00002,Machine Learning,PyTorch|Machine Learning|TensorFlow,Medium,7.1,29.7,Remote,2026-05-03T04:00,2026-05-04T09:42
T00003,Software Development,Node.js,Medium,11.1,43.5,Coimbatore,2026-05-15T00:00,2026-05-16T19:30
T00004,Data Engineering,Azure|Python,Medium,9.4,43.8,Kolkata,2026-06-19T17:00,2026-06-21T12:48
T00005,Testing,Java,High,3.5,9.0,Chennai,2026-01-05T06:00,2026-01-05T15:00
T00006,Database,Python|PostgreSQL|Java,Medium,4.9,12.0,Kolkata,2026-05-13T02:00,2026-05-13T14:00
T00007,Machine Learning,TensorFlow,Low,8.8,40.4,Coimbatore,2026-07-17T16:00,2026-07-19T08:24
T00008,Cloud/DevOps,Kubernetes,Medium,10.5,52.0,Kolkata,2026-01-26T16:00,2026-01-28T20:00
T00009,Cybersecurity,Linux|AWS|Cybersecurity,Low,5.1,38.9,Remote,2026-01-11T22:00,2026-01-13T12:54
T00010,Testing,Java|Selenium,Low,8.5,32.0,Mumbai,2026-04-01T22:00,2026-04-03T06:00
T00011,Cybersecurity,Python,High,7.2,11.8,Hyderabad,2026-01-02T16:00,2026-01-03T03:48
T00012,Testing,SQL,High,4.7,10.5,Pune,2026-02-28T16:00,2026-03-01T02:30
T00013,Support,Linux|Java,High,5.0,9.5,Kolkata,2026-02-01T11:00,2026-02-01T20:30
T00014,Machine Learning,PyTorch|Python,Medium,7.1,28.4,Remote,2026-04-01T06:00,2026-04-02T10:24
T00015,Machine Learning,Python|TensorFlow|PyTorch,Critical,6.5,8.5,Delhi,2026-05-22T16:00,2026-05-23T00:30
T00016,Support,AWS|Azure|Linux,Low,7.6,60.2,Hyderabad,2026-01-13T05:00,2026-01-15T17:12
T00017,Data Engineering,PostgreSQL,Low,7.2,51.2,Bangalore,2026-03-08T03:00,2026-03-10T06:12
T00018,Testing,Selenium|JavaScript,Medium,5.3,15.0,Kolkata,2026-07-23T11:00,2026-07-24T02:00
T00019,Support,SQL|Python,Low,6.8,53.2,Coimbatore,2026-01-05T14:00,2026-01-07T19:12
T00020,Bug Fix,SQL|Node.js,High,8.9,22.1,Remote,2026-02-06T10:00,2026-02-07T08:06
T00021,Database,PostgreSQL,Medium,3.0,12.2,Chennai,2026-07-28T05:00,2026-07-28T17:12
T00022,Cloud/DevOps,Azure|AWS|Kubernetes,Critical,8.5,11.0,Kolkata,2026-05-16T11:00,2026-05-16T22:00
T00023,Bug Fix,Python,Medium,13.8,40.9,Delhi,2026-08-27T00:00,2026-08-28T16:54
T00024,Bug Fix,Spring Boot,Medium,15.8,67.6,Mumbai,2026-07-26T20:00,2026-07-29T15:36
T00025,Support,SQL,Medium,6.0,27.3,Remote,2026-01-20T13:00,2026-01-21T16:18
T00026,Data Engineering,SQL,High,4.2,12.1,Hyderabad,2026-01-11T06:00,2026-01-11T18:06
T00027,Cloud/DevOps,Linux|Kubernetes,High,4.7,8.3,Kolkata,2026-04-04T21:00,2026-04-05T05:18
T00028,Support,Java|Linux,High,2.0,6.0,Chennai,2026-07-20T16:00,2026-07-20T22:00
T00029,Software Development,C++,Medium,8.5,23.9,Delhi,2026-05-13T07:00,2026-05-14T06:54
T00030,Software Development,Java|React|Python,High,6.5,12.2,Pune,2026-06-25T13:00,2026-06-26T01:12
T00031,Testing,SQL|Python,Medium,4.4,15.7,Remote,2026-08-08T18:00,2026-08-09T09:42
T00032,Bug Fix,Node.js,Critical,6.7,8.7,Coimbatore,2026-05-16T22:00,2026-05-17T06:42
T00033,Bug Fix,JavaScript|C++,Medium,3.6,17.5,Pune,2026-06-14T19:00,2026-06-15T12:30
T00034,Data Engineering,SQL|Python|PostgreSQL,High,9.9,24.6,Pune,2026-03-06T16:00,2026-03-07T16:36
T00035,Cybersecurity,AWS|Cybersecurity,Medium,3.9,15.8,Kolkata,2026-03-30T22:00,2026-03-31T13:48
T00036,Cloud/DevOps,Docker|Azure|Linux,Medium,5.5,23.0,Remote,2026-08-18T16:00,2026-08-19T15:00
T00037,Cloud/DevOps,AWS|Azure|Docker,Medium,9.8,45.7,Mumbai,2026-03-04T20:00,2026-03-06T17:42
T00038,Testing,Selenium|SQL,Low,7.7,47.0,Kolkata,2026-03-31T07:00,2026-04-02T06:00
T00039,Support,Azure,Medium,5.1,23.3,Bangalore,2026-03-08T18:00,2026-03-09T17:18
T00040,Cloud/DevOps,Linux|Kubernetes,Low,8.4,28.6,Mumbai,2026-03-10T17:00,2026-03-11T21:36
T00041,Data Engineering,Azure|Python,Low,2.9,24.0,Bangalore,2026-08-04T18:00,2026-08-05T18:00
T00042,Bug Fix,Node.js,Medium,5.5,18.9,Chennai,2026-06-17T11:00,2026-06-18T05:54
T00043,Support,Azure,Medium,3.4,15.3,Hyderabad,2026-01-14T06:00,2026-01-14T21:18
T00044,Software Development,Spring Boot|Python|C++,High,5.2,10.8,Remote,2026-01-07T11:00,2026-01-07T21:48
T00045,Data Engineering,Python,Medium,3.3,12.5,Mumbai,2026-04-15T20:00,2026-04-16T08:30
T00046,Data Engineering,PostgreSQL|Spark,High,6.0,15.4,Chennai,2026-05-29T09:00,2026-05-30T00:24
T00047,Testing,JavaScript|Selenium|Python,Critical,8.6,9.6,Coimbatore,2026-05-09T10:00,2026-05-09T19:36
T00048,Database,SQL|MongoDB,Medium,2.5,12.0,Pune,2026-05-23T15:00,2026-05-24T03:00
T00049,Bug Fix,Node.js|JavaScript|SQL,High,4.1,7.4,Pune,2026-05-25T00:00,2026-05-25T07:24
T00050,Machine Learning,SQL|TensorFlow,Medium,3.0,12.0,Kolkata,2026-06-28T22:00,2026-06-29T10:00
T00051,Machine Learning,Python,High,7.0,11.4,Remote,2026-04-24T05:00,2026-04-24T16:24
T00052,Bug Fix,C++|Python,Medium,4.3,14.1,Coimbatore,2026-01-26T23:00,2026-01-27T13:06
T00053,Software Development,C++,Low,7.1,53.1,Remote,2026-02-02T19:00,2026-02-05T00:06
T00054,Bug Fix,SQL|JavaScript,Medium,4.5,20.5,Delhi,2026-04-02T22:00,2026-04-03T18:30
T00055,Data Engineering,SQL,High,3.8,9.1,Remote,2026-08-10T20:00,2026-08-11T05:06
T00056,Database,Java,Medium,5.4,21.9,Bangalore,2026-08-20T22:00,2026-08-21T19:54
T00057,Database,Python,Medium,6.5,27.1,Hyderabad,2026-06-15T06:00,2026-06-16T09:06
T00058,Cloud/DevOps,Linux|Python|AWS,Medium,8.4,33.5,Delhi,2026-08-18T00:00,2026-08-19T09:30
T00059,Support,SQL|Azure|Linux,Medium,5.7,14.2,Kolkata,2026-02-21T02:00,2026-02-21T16:12
T00060,Machine Learning,Deep Learning|Python,Medium,6.4,28.5,Coimbatore,2026-04-20T19:00,2026-04-21T23:30
T00061,Database,Python|SQL|PostgreSQL,Medium,3.3,13.1,Coimbatore,2026-06-07T01:00,2026-06-07T14:06
T00062,Cybersecurity,Azure,Medium,11.9,47.2,Kolkata,2026-05-19T01:00,2026-05-21T00:12
T00063,Cloud/DevOps,Azure,High,3.4,8.2,Mumbai,2026-04-27T17:00,2026-04-28T01:12
T00064,Bug Fix,SQL,High,3.3,8.1,Pune,2026-06-04T20:00,2026-06-05T04:06
T00065,Support,Azure|SQL,Low,4.4,29.0,Delhi,2026-07-07T07:00,2026-07-08T12:00
T00066,Testing,Java|JavaScript|Selenium,Critical,5.2,8.6,Mumbai,2026-02-06T21:00,2026-02-07T05:36
T00067,Cybersecurity,Azure,Low,10.5,62.4,Remote,2026-02-07T03:00,2026-02-09T17:24
T00068,Database,Java,High,6.5,15.5,Remote,2026-02-16T07:00,2026-02-16T22:30
T00069,Data Engineering,SQL|Python|PostgreSQL,High,6.8,19.2,Delhi,2026-03-02T20:00,2026-03-03T15:12
T00070,Machine Learning,TensorFlow|Deep Learning,Critical,5.8,8.1,Remote,2026-07-28T05:00,2026-07-28T13:06
T00071,Support,Azure|AWS,High,3.2,6.2,Mumbai,2026-04-13T09:00,2026-04-13T15:12
T00072,Data Engineering,Azure|SQL|Spark,High,9.5,22.6,Delhi,2026-08-18T21:00,2026-08-19T19:36
T00073,Support,Python|SQL,Medium,7.1,30.2,Bangalore,2026-08-19T12:00,2026-08-20T18:12
T00074,Testing,Selenium,High,3.2,6.0,Kolkata,2026-04-09T04:00,2026-04-09T10:00
T00075,Support,Azure,High,5.0,13.5,Pune,2026-02-05T08:00,2026-02-05T21:30
T00076,Software Development,React|C++,Critical,10.2,15.2,Chennai,2026-08-25T21:00,2026-08-26T12:12
T00077,Machine Learning,TensorFlow|Machine Learning|Deep Learning,High,6.6,17.6,Hyderabad,2026-03-28T03:00,2026-03-28T20:36
T00078,Database,SQL,Medium,3.6,12.0,Delhi,2026-04-11T18:00,2026-04-12T06:00
T00079,Support,Linux|Azure,Medium,4.5,18.6,Bangalore,2026-04-06T15:00,2026-04-07T09:36
T00080,Data Engineering,AWS|Python,High,11.1,21.7,Remote,2026-01-15T00:00,2026-01-15T21:42
T00081,Cloud/DevOps,Python,Medium,4.6,12.0,Remote,2026-07-08T03:00,2026-07-08T15:00
T00082,Cybersecurity,Azure|AWS|Cybersecurity,Medium,14.5,43.4,Pune,2026-02-24T18:00,2026-02-26T13:24
T00083,Support,AWS|SQL,Low,5.1,31.7,Remote,2026-03-16T22:00,2026-03-18T05:42
T00084,Software Development,JavaScript|React|Java,Medium,6.3,29.8,Mumbai,2026-03-25T14:00,2026-03-26T19:48
T00085,Support,Python|SQL,Medium,7.1,16.0,Coimbatore,2026-06-25T22:00,2026-06-26T14:00
T00086,Support,SQL|Azure|Linux,High,5.6,12.9,Delhi,2026-02-27T12:00,2026-02-28T00:54
T00087,Bug Fix,C++|Python|Java,Medium,5.2,12.0,Pune,2026-08-10T01:00,2026-08-10T13:00
T00088,Bug Fix,SQL|Python|JavaScript,Medium,5.6,16.5,Delhi,2026-07-10T20:00,2026-07-11T12:30
T00089,Bug Fix,Java|C++|Node.js,Low,9.1,50.2,Pune,2026-08-19T04:00,2026-08-21T06:12
T00090,Testing,Selenium|Python|Java,Medium,4.3,18.2,Remote,2026-08-23T11:00,2026-08-24T05:12
T00091,Data Engineering,Azure|Spark,Critical,6.6,9.8,Coimbatore,2026-04-12T01:00,2026-04-12T10:48
T00092,Machine Learning,SQL|Deep Learning|Machine Learning,Medium,7.6,18.9,Hyderabad,2026-04-15T09:00,2026-04-16T03:54
T00093,Testing,Selenium,Medium,6.3,13.9,Coimbatore,2026-07-30T22:00,2026-07-31T11:54
T00094,Database,MongoDB|PostgreSQL,High,4.5,7.2,Hyderabad,2026-03-09T18:00,2026-03-10T01:12
T00095,Database,MongoDB|Java,High,3.2,8.7,Delhi,2026-04-19T20:00,2026-04-20T04:42
T00096,Software Development,Python|C++,High,7.0,14.3,Mumbai,2026-02-27T22:00,2026-02-28T12:18
T00097,Database,MongoDB|Java,Medium,2.6,12.0,Pune,2026-06-14T04:00,2026-06-14T16:00
T00098,Support,Java,High,8.6,24.4,Remote,2026-02-18T03:00,2026-02-19T03:24
T00099,Software Development,Node.js|React|C++,Medium,3.7,17.3,Remote,2026-08-04T23:00,2026-08-05T16:18
T00100,Data Engineering,PostgreSQL|SQL,High,9.7,16.5,Remote,2026-06-11T12:00,2026-06-12T04:30
T00101,Bug Fix,JavaScript|Node.js,Low,7.6,28.9,Remote,2026-06-24T14:00,2026-06-25T18:54
T00102,Data Engineering,Azure|PostgreSQL|Spark,Low,7.8,33.7,Hyderabad,2026-07-13T12:00,2026-07-14T21:42
T00103,Machine Learning,Deep Learning|TensorFlow|PyTorch,Critical,6.8,12.1,Pune,2026-01-15T23:00,2026-01-16T11:06
T00104,Support,Linux|Python|AWS,Medium,12.3,43.7,Delhi,2026-04-01T06:00,2026-04-03T01:42
T00105,Support,Java|Azure,Medium,5.8,20.3,Bangalore,2026-03-18T10:00,2026-03-19T06:18
T00106,Data Engineering,Python,Medium,4.9,12.1,Remote,2026-05-31T12:00,2026-06-01T00:06
T00107,Machine Learning,Deep Learning|Python,Medium,5.9,14.7,Delhi,2026-02-10T18:00,2026-02-11T08:42
T00108,Machine Learning,Machine Learning,Medium,3.0,12.0,Remote,2026-01-09T00:00,2026-01-09T12:00
T00109,Software Development,JavaScript,Critical,6.1,10.8,Chennai,2026-02-20T12:00,2026-02-20T22:48
T00110,Testing,Java,Medium,8.8,39.3,Bangalore,2026-08-15T06:00,2026-08-16T21:18
T00111,Support,Linux|Java,Critical,6.5,8.9,Bangalore,2026-08-02T02:00,2026-08-02T10:54
T00112,Software Development,Node.js,High,6.0,10.3,Coimbatore,2026-02-07T10:00,2026-02-07T20:18
T00113,Database,Java|SQL|MongoDB,Medium,3.4,12.0,Remote,2026-03-02T22:00,2026-03-03T10:00
T00114,Software Development,Spring Boot|React|Node.js,Medium,15.6,51.3,Kolkata,2026-07-04T10:00,2026-07-06T13:18
T00115,Cloud/DevOps,Python|Linux|AWS,Medium,2.7,12.8,Coimbatore,2026-05-11T12:00,2026-05-12T00:48
T00116,Support,Java|Linux,Low,6.2,30.2,Hyderabad,2026-04-08T01:00,2026-04-09T07:12
T00117,Cloud/DevOps,Docker|AWS,Medium,7.0,32.0,Delhi,2026-08-24T03:00,2026-08-25T11:00
T00118,Cloud/DevOps,Docker|Kubernetes|Azure,Medium,9.2,28.6,Remote,2026-07-13T02:00,2026-07-14T06:36
T00119,Testing,JavaScript|Python,High,5.5,15.4,Coimbatore,2026-06-15T11:00,2026-06-16T02:24
T00120,Database,PostgreSQL|SQL|Python,Medium,18.2,69.9,Chennai,2026-03-20T19:00,2026-03-23T16:54
T00121,Cybersecurity,Cybersecurity|Azure|AWS,Medium,6.5,18.1,Mumbai,2026-02-25T05:00,2026-02-25T23:06
T00122,Software Development,React|C++|Node.js,High,3.7,6.0,Remote,2026-01-28T16:00,2026-01-28T22:00
T00123,Machine Learning,PyTorch,Medium,8.9,35.8,Mumbai,2026-04-08T23:00,2026-04-10T10:48
T00124,Software Development,Java,Critical,8.4,11.6,Remote,2026-03-24T00:00,2026-03-24T11:36
T00125,Support,Azure,High,12.3,31.8,Remote,2026-03-10T17:00,2026-03-12T00:48
T00126,Cloud/DevOps,Docker|Azure,High,6.5,13.7,Coimbatore,2026-07-19T08:00,2026-07-19T21:42
T00127,Bug Fix,JavaScript|SQL|Java,High,10.6,26.9,Delhi,2026-07-11T01:00,2026-07-12T03:54
T00128,Database,MongoDB,Critical,5.7,8.6,Chennai,2026-07-12T14:00,2026-07-12T22:36
T00129,Bug Fix,Java|Spring Boot,High,4.4,12.9,Remote,2026-06-14T21:00,2026-06-15T09:54
T00130,Software Development,C++|JavaScript|Python,Medium,4.4,13.3,Remote,2026-07-03T05:00,2026-07-03T18:18
T00131,Database,MongoDB|PostgreSQL,High,6.0,15.6,Pune,2026-03-03T07:00,2026-03-03T22:36
T00132,Machine Learning,Machine Learning,High,3.6,6.0,Coimbatore,2026-03-12T22:00,2026-03-13T04:00
T00133,Database,SQL|Java|PostgreSQL,Medium,12.0,33.9,Bangalore,2026-08-20T01:00,2026-08-21T10:54
T00134,Testing,Java|JavaScript,Low,9.3,53.0,Remote,2026-06-24T20:00,2026-06-27T01:00
T00135,Cybersecurity,Linux|AWS|Cybersecurity,High,5.4,8.2,Hyderabad,2026-04-29T21:00,2026-04-30T05:12
T00136,Bug Fix,JavaScript|Node.js,High,4.3,8.2,Remote,2026-05-10T21:00,2026-05-11T05:12
T00137,Cloud/DevOps,Kubernetes,Medium,4.7,14.5,Delhi,2026-04-28T11:00,2026-04-29T01:30
T00138,Database,Java,Low,6.5,24.0,Pune,2026-04-06T19:00,2026-04-07T19:00
T00139,Support,Python|Linux,Low,8.0,44.0,Remote,2026-03-22T20:00,2026-03-24T16:00
T00140,Cloud/DevOps,Docker|Python,Medium,6.5,26.5,Chennai,2026-07-02T15:00,2026-07-03T17:30
T00141,Testing,Selenium|SQL,High,4.5,10.5,Pune,2026-03-15T22:00,2026-03-16T08:30
T00142,Software Development,Java|JavaScript,High,7.1,12.5,Pune,2026-04-28T20:00,2026-04-29T08:30
T00143,Cloud/DevOps,Linux|Kubernetes|Python,High,5.3,13.0,Bangalore,2026-05-02T14:00,2026-05-03T03:00
T00144,Cloud/DevOps,Python|Linux,Medium,4.3,12.7,Pune,2026-02-27T13:00,2026-02-28T01:42
T00145,Cybersecurity,AWS|Python,High,6.2,10.9,Chennai,2026-04-02T16:00,2026-04-03T02:54
T00146,Machine Learning,Deep Learning|Python|Machine Learning,Medium,11.5,23.9,Delhi,2026-02-13T01:00,2026-02-14T00:54
T00147,Bug Fix,JavaScript,High,5.4,14.1,Kolkata,2026-06-29T05:00,2026-06-29T19:06
T00148,Data Engineering,AWS,High,9.1,20.1,Remote,2026-08-03T05:00,2026-08-04T01:06
T00149,Support,Linux|AWS,Medium,7.4,28.9,Remote,2026-04-04T08:00,2026-04-05T12:54
T00150,Support,Azure|AWS|Java,Critical,5.9,6.9,Pune,2026-05-29T20:00,2026-05-30T02:54
T00151,Cybersecurity,Linux|Python,Low,6.5,24.0,Pune,2026-05-06T05:00,2026-05-07T05:00
T00152,Support,Azure,Critical,11.6,12.8,Delhi,2026-06-10T12:00,2026-06-11T00:48
T00153,Machine Learning,PyTorch,Medium,5.1,16.2,Bangalore,2026-04-11T08:00,2026-04-12T00:12
T00154,Cybersecurity,Linux|Python,Low,7.3,51.1,Remote,2026-08-09T20:00,2026-08-11T23:06
T00155,Testing,JavaScript|Python,Medium,8.4,24.1,Kolkata,2026-08-26T05:00,2026-08-27T05:06
T00156,Database,Java|Python,Medium,6.2,14.3,Pune,2026-07-31T05:00,2026-07-31T19:18
T00157,Database,SQL|PostgreSQL|Java,Medium,6.0,17.6,Kolkata,2026-02-13T01:00,2026-02-13T18:36
T00158,Database,SQL|MongoDB|Java,High,7.5,16.5,Hyderabad,2026-05-08T03:00,2026-05-08T19:30
T00159,Cybersecurity,Cybersecurity,Critical,7.9,14.1,Hyderabad,2026-03-27T17:00,2026-03-28T07:06
T00160,Machine Learning,SQL|Python,Medium,12.2,49.3,Pune,2026-01-12T19:00,2026-01-14T20:18
T00161,Data Engineering,Azure|Python|AWS,Medium,6.9,32.2,Hyderabad,2026-04-21T15:00,2026-04-22T23:12
T00162,Machine Learning,TensorFlow|Deep Learning|Python,Medium,4.9,21.4,Chennai,2026-02-08T22:00,2026-02-09T19:24
T00163,Database,Java|PostgreSQL|Python,High,4.1,10.4,Mumbai,2026-01-15T17:00,2026-01-16T03:24
T00164,Software Development,JavaScript,High,12.6,21.3,Hyderabad,2026-08-02T18:00,2026-08-03T15:18
T00165,Support,Java|Python|Linux,Low,4.3,24.0,Chennai,2026-04-19T11:00,2026-04-20T11:00
T00166,Database,MongoDB|Python|SQL,Medium,6.3,21.5,Remote,2026-06-16T00:00,2026-06-16T21:30
T00167,Data Engineering,AWS,Medium,4.8,14.9,Chennai,2026-07-09T15:00,2026-07-10T05:54
T00168,Support,Azure|Linux,High,6.9,16.8,Mumbai,2026-08-07T03:00,2026-08-07T19:48
T00169,Support,Linux|AWS,High,7.6,14.6,Delhi,2026-01-22T23:00,2026-01-23T13:36
T00170,Cloud/DevOps,AWS,Medium,3.8,12.0,Remote,2026-08-08T03:00,2026-08-08T15:00
T00171,Cybersecurity,AWS|Python|Cybersecurity,Medium,6.6,31.6,Hyderabad,2026-08-08T10:00,2026-08-09T17:36
T00172,Database,Python,High,2.8,8.1,Delhi,2026-08-13T04:00,2026-08-13T12:06
T00173,Software Development,JavaScript|Node.js|Java,High,3.8,6.3,Hyderabad,2026-05-07T08:00,2026-05-07T14:18
T00174,Cybersecurity,Linux,Medium,3.6,12.0,Remote,2026-07-01T20:00,2026-07-02T08:00
T00175,Bug Fix,Node.js|JavaScript|Spring Boot,High,5.6,15.1,Remote,2026-05-23T02:00,2026-05-23T17:06
T00176,Support,Azure|Linux,Medium,19.1,89.9,Remote,2026-05-18T10:00,2026-05-22T03:54
T00177,Cloud/DevOps,Python|Kubernetes,High,5.0,11.6,Delhi,2026-04-22T04:00,2026-04-22T15:36
T00178,Testing,SQL|JavaScript,Critical,4.4,7.2,Pune,2026-07-08T04:00,2026-07-08T11:12
T00179,Support,AWS|Azure|Linux,Low,5.8,25.1,Remote,2026-07-09T08:00,2026-07-10T09:06
T00180,Machine Learning,Deep Learning|Python,Medium,6.4,14.3,Mumbai,2026-03-27T15:00,2026-03-28T05:18
T00181,Data Engineering,Azure|AWS,High,2.5,6.0,Remote,2026-06-15T01:00,2026-06-15T07:00
T00182,Bug Fix,SQL,Medium,10.1,48.4,Coimbatore,2026-05-11T14:00,2026-05-13T14:24
T00183,Software Development,C++|Spring Boot|React,Low,6.2,36.1,Mumbai,2026-03-19T18:00,2026-03-21T06:06
T00184,Machine Learning,Python,High,9.5,15.5,Delhi,2026-06-21T20:00,2026-06-22T11:30
T00185,Cybersecurity,Linux,Medium,5.6,20.4,Pune,2026-04-10T06:00,2026-04-11T02:24
T00186,Cybersecurity,AWS|Linux|Cybersecurity,Medium,4.1,15.2,Remote,2026-01-30T09:00,2026-01-31T00:12
T00187,Support,Linux,Low,8.2,62.5,Coimbatore,2026-07-30T15:00,2026-08-02T05:30
T00188,Cybersecurity,Python|Azure,Medium,4.2,18.1,Bangalore,2026-02-08T18:00,2026-02-09T12:06
T00189,Database,PostgreSQL|Python|SQL,Critical,3.1,3.7,Coimbatore,2026-04-30T17:00,2026-04-30T20:42
T00190,Software Development,Node.js,Critical,3.5,3.9,Hyderabad,2026-02-08T17:00,2026-02-08T20:54
T00191,Machine Learning,PyTorch,Medium,4.2,17.6,Bangalore,2026-07-04T00:00,2026-07-04T17:36
T00192,Software Development,Node.js|Spring Boot,Medium,4.9,12.8,Remote,2026-08-26T15:00,2026-08-27T03:48
T00193,Software Development,Spring Boot|Java,Low,8.7,65.8,Mumbai,2026-04-03T23:00,2026-04-06T16:48
T00194,Software Development,C++|Spring Boot,Medium,12.7,52.4,Mumbai,2026-02-07T04:00,2026-02-09T08:24
T00195,Support,Linux,Medium,7.1,33.8,Pune,2026-06-15T19:00,2026-06-17T04:48
T00196,Database,PostgreSQL|SQL,Medium,4.4,12.0,Remote,2026-04-25T05:00,2026-04-25T17:00
T00197,Software Development,JavaScript|React|Java,Critical,9.4,12.6,Delhi,2026-04-05T12:00,2026-04-06T00:36
T00198,Data Engineering,Azure,Medium,6.8,18.5,Bangalore,2026-08-13T14:00,2026-08-14T08:30
T00199,Testing,Python|SQL|JavaScript,Low,7.9,50.7,Hyderabad,2026-05-26T22:00,2026-05-29T00:42
T00200,Testing,JavaScript|Java|SQL,Critical,4.4,7.8,Coimbatore,2026-02-17T12:00,2026-02-17T19:48
T00201,Cloud/DevOps,Python,Low,10.0,67.3,Pune,2026-03-05T05:00,2026-03-08T00:18
T00202,Machine Learning,Machine Learning,Medium,10.1,28.3,Remote,2026-02-22T05:00,2026-02-23T09:18
T00203,Machine Learning,Machine Learning|SQL|Python,Medium,7.9,27.7,Remote,2026-07-29T09:00,2026-07-30T12:42
T00204,Cloud/DevOps,Kubernetes,Medium,4.2,12.0,Chennai,2026-06-10T09:00,2026-06-10T21:00
T00205,Cybersecurity,Linux,High,5.9,12.9,Hyderabad,2026-04-03T11:00,2026-04-03T23:54
T00206,Cybersecurity,Azure,High,5.2,12.6,Remote,2026-05-27T07:00,2026-05-27T19:36
T00207,Support,Azure|SQL|AWS,Medium,4.4,16.2,Remote,2026-07-23T01:00,2026-07-23T17:12
T00208,Software Development,JavaScript,Medium,4.9,14.1,Chennai,2026-08-04T15:00,2026-08-05T05:06
T00209,Support,Python,High,5.2,8.7,Remote,2026-08-24T21:00,2026-08-25T05:42
T00210,Support,Python,Medium,5.7,21.5,Hyderabad,2026-08-26T23:00,2026-08-27T20:30
T00211,Bug Fix,JavaScript|C++,High,7.3,19.0,Coimbatore,2026-06-05T13:00,2026-06-06T08:00
T00212,Database,MongoDB|SQL|Java,High,6.7,15.6,Chennai,2026-02-09T08:00,2026-02-09T23:36
T00213,Cloud/DevOps,Python|Azure|Linux,High,2.5,6.0,Pune,2026-02-28T16:00,2026-02-28T22:00
T00214,Testing,Java|Selenium|SQL,Critical,6.0,9.2,Kolkata,2026-06-02T16:00,2026-06-03T01:12
T00215,Machine Learning,SQL|TensorFlow|PyTorch,Medium,2.7,12.0,Remote,2026-03-23T13:00,2026-03-24T01:00
T00216,Support,SQL,Medium,3.5,12.0,Chennai,2026-04-06T07:00,2026-04-06T19:00
T00217,Testing,Selenium|JavaScript,Low,3.7,24.0,Remote,2026-08-17T01:00,2026-08-18T01:00
T00218,Data Engineering,Azure|AWS,Medium,1.6,12.0,Delhi,2026-07-12T06:00,2026-07-12T18:00
T00219,Bug Fix,Spring Boot|Python,Low,9.1,46.1,Hyderabad,2026-07-08T06:00,2026-07-10T04:06
T00220,Machine Learning,Python|SQL|PyTorch,Medium,6.8,24.3,Remote,2026-08-26T21:00,2026-08-27T21:18
T00221,Data Engineering,AWS|PostgreSQL|Azure,Medium,3.2,13.2,Hyderabad,2026-05-02T03:00,2026-05-02T16:12
T00222,Bug Fix,Spring Boot,High,5.4,12.6,Hyderabad,2026-01-01T21:00,2026-01-02T09:36
T00223,Machine Learning,Deep Learning|SQL|Python,Medium,6.0,12.1,Mumbai,2026-01-05T05:00,2026-01-05T17:06
T00224,Cybersecurity,Azure|Cybersecurity|AWS,Medium,5.8,12.2,Bangalore,2026-04-27T21:00,2026-04-28T09:12
T00225,Data Engineering,PostgreSQL|AWS|Spark,Medium,2.9,12.0,Mumbai,2026-06-14T17:00,2026-06-15T05:00
T00226,Support,Linux,Medium,4.9,17.7,Bangalore,2026-07-09T21:00,2026-07-10T14:42
T00227,Cybersecurity,Azure,Low,8.2,59.8,Chennai,2026-07-15T06:00,2026-07-17T17:48
T00228,Cybersecurity,AWS,High,3.4,6.6,Remote,2026-04-04T01:00,2026-04-04T07:36
T00229,Data Engineering,Spark,High,5.7,12.7,Remote,2026-04-14T13:00,2026-04-15T01:42
T00230,Machine Learning,TensorFlow|PyTorch,Medium,3.4,12.0,Remote,2026-02-22T23:00,2026-02-23T11:00
T00231,Data Engineering,Azure,Low,3.2,24.0,Pune,2026-08-20T08:00,2026-08-21T08:00
T00232,Bug Fix,Spring Boot|Java,Low,13.5,42.0,Pune,2026-01-16T09:00,2026-01-18T03:00
T00233,Machine Learning,Machine Learning|SQL,Medium,6.7,26.9,Pune,2026-08-07T10:00,2026-08-08T12:54
T00234,Data Engineering,Python|Azure,Critical,6.3,9.3,Remote,2026-02-21T08:00,2026-02-21T17:18
T00235,Testing,Python,Medium,4.2,19.6,Remote,2026-04-20T02:00,2026-04-20T21:36
T00236,Software Development,Java,Medium,7.0,15.1,Delhi,2026-06-01T19:00,2026-06-02T10:06
T00237,Data Engineering,AWS|Azure|PostgreSQL,High,2.7,6.9,Remote,2026-05-15T03:00,2026-05-15T09:54
T00238,Database,PostgreSQL|SQL|MongoDB,Medium,5.4,22.3,Kolkata,2026-01-28T04:00,2026-01-29T02:18
T00239,Machine Learning,Machine Learning,High,16.9,35.3,Mumbai,2026-06-10T23:00,2026-06-12T10:18
T00240,Database,SQL|Java,Medium,4.8,12.1,Mumbai,2026-04-22T05:00,2026-04-22T17:06
T00241,Data Engineering,Python|PostgreSQL|Azure,Medium,10.5,37.8,Delhi,2026-07-26T16:00,2026-07-28T05:48
T00242,Cybersecurity,Azure,Medium,3.6,12.0,Hyderabad,2026-07-21T22:00,2026-07-22T10:00
T00243,Cybersecurity,Azure|Python,Medium,3.3,12.0,Remote,2026-08-26T06:00,2026-08-26T18:00
T00244,Bug Fix,Node.js|Spring Boot|JavaScript,Medium,8.1,39.4,Coimbatore,2026-06-16T11:00,2026-06-18T02:24
T00245,Bug Fix,SQL|Node.js|Spring Boot,Medium,6.8,18.0,Bangalore,2026-07-24T13:00,2026-07-25T07:00
T00246,Software Development,Spring Boot,Low,6.2,36.5,Hyderabad,2026-07-18T14:00,2026-07-20T02:30
T00247,Cloud/DevOps,Linux|Docker,Critical,7.1,10.3,Bangalore,2026-03-12T13:00,2026-03-12T23:18
T00248,Software Development,Node.js|Java,Low,3.9,24.0,Delhi,2026-04-11T18:00,2026-04-12T18:00
T00249,Cybersecurity,Python|AWS|Linux,Medium,6.7,22.9,Hyderabad,2026-08-29T01:00,2026-08-29T23:54
T00250,Cybersecurity,AWS|Linux,Medium,8.3,16.9,Chennai,2026-07-09T23:00,2026-07-10T15:54
T00251,Database,Python|PostgreSQL|SQL,Low,14.5,76.4,Delhi,2026-02-19T12:00,2026-02-22T16:24
T00252,Database,MongoDB|PostgreSQL,Medium,7.3,33.1,Hyderabad,2026-07-08T19:00,2026-07-10T04:06
T00253,Testing,JavaScript|Python,Low,3.0,24.0,Remote,2026-06-21T15:00,2026-06-22T15:00
T00254,Bug Fix,C++,High,9.0,14.6,Remote,2026-06-14T17:00,2026-06-15T07:36
T00255,Machine Learning,SQL|Python,High,6.4,15.5,Mumbai,2026-01-31T13:00,2026-02-01T04:30
T00256,Software Development,React|Node.js,Critical,6.5,8.8,Pune,2026-07-02T23:00,2026-07-03T07:48
T00257,Data Engineering,Azure,Critical,12.1,18.1,Chennai,2026-04-10T02:00,2026-04-10T20:06
T00258,Database,PostgreSQL|SQL|MongoDB,Critical,11.3,14.7,Coimbatore,2026-08-04T04:00,2026-08-04T18:42
T00259,Support,Java,Medium,6.8,18.8,Coimbatore,2026-02-13T15:00,2026-02-14T09:48
T00260,Data Engineering,Azure|SQL|PostgreSQL,Medium,4.7,16.8,Chennai,2026-07-26T11:00,2026-07-27T03:48
T00261,Bug Fix,Node.js,Critical,3.5,6.3,Delhi,2026-04-28T09:00,2026-04-28T15:18
T00262,Database,PostgreSQL|Java|MongoDB,High,4.3,11.3,Coimbatore,2026-03-23T14:00,2026-03-24T01:18
T00263,Data Engineering,PostgreSQL|Azure,Medium,12.9,46.4,Delhi,2026-01-19T07:00,2026-01-21T05:24
T00264,Cybersecurity,Python|Linux,Medium,5.6,24.6,Delhi,2026-08-22T16:00,2026-08-23T16:36
T00265,Cloud/DevOps,Python|AWS|Linux,Critical,3.2,5.4,Mumbai,2026-08-20T23:00,2026-08-21T04:24
T00266,Testing,Python,High,4.1,10.8,Remote,2026-04-03T15:00,2026-04-04T01:48
T00267,Support,Azure|Linux,Medium,3.4,12.2,Kolkata,2026-03-08T21:00,2026-03-09T09:12
T00268,Machine Learning,Deep Learning|SQL|Machine Learning,Low,6.6,39.4,Hyderabad,2026-05-01T08:00,2026-05-02T23:24
T00269,Bug Fix,Java|SQL|Node.js,Low,20.0,116.6,Bangalore,2026-07-24T23:00,2026-07-29T19:36
T00270,Data Engineering,Spark|PostgreSQL,High,3.3,9.9,Delhi,2026-02-08T05:00,2026-02-08T14:54
T00271,Cloud/DevOps,Azure|AWS,Medium,3.5,17.5,Pune,2026-08-25T15:00,2026-08-26T08:30
T00272,Data Engineering,Python|PostgreSQL,Critical,4.1,6.4,Coimbatore,2026-04-01T17:00,2026-04-01T23:24
T00273,Support,Linux|AWS,High,6.5,14.1,Kolkata,2026-02-19T11:00,2026-02-20T01:06
T00274,Software Development,Spring Boot,Medium,4.0,12.7,Chennai,2026-02-21T04:00,2026-02-21T16:42
T00275,Database,Python|Java,High,16.5,38.1,Chennai,2026-06-26T07:00,2026-06-27T21:06
T00276,Database,Java,Medium,10.6,30.8,Chennai,2026-05-12T14:00,2026-05-13T20:48
T00277,Bug Fix,Node.js|JavaScript,Low,5.3,33.1,Bangalore,2026-08-05T04:00,2026-08-06T13:06
T00278,Software Development,Spring Boot|Python,Medium,5.5,22.4,Kolkata,2026-07-09T15:00,2026-07-10T13:24
T00279,Database,PostgreSQL|Java|SQL,Medium,9.1,31.6,Coimbatore,2026-01-30T08:00,2026-01-31T15:36
T00280,Testing,JavaScript|SQL,Critical,3.4,4.5,Chennai,2026-07-04T21:00,2026-07-05T01:30
T00281,Bug Fix,SQL,High,8.1,22.7,Remote,2026-05-19T18:00,2026-05-20T16:42
T00282,Machine Learning,Python,High,5.9,16.9,Remote,2026-02-21T05:00,2026-02-21T21:54
T00283,Machine Learning,SQL|Machine Learning|Python,Medium,3.6,15.8,Kolkata,2026-01-17T00:00,2026-01-17T15:48
T00284,Data Engineering,Python|Azure|AWS,Medium,8.1,35.7,Delhi,2026-07-29T00:00,2026-07-30T11:42
T00285,Cybersecurity,Cybersecurity|Linux,Medium,3.8,16.2,Bangalore,2026-04-26T12:00,2026-04-27T04:12
T00286,Cloud/DevOps,Azure|Kubernetes|Python,Critical,12.0,19.7,Chennai,2026-08-27T01:00,2026-08-27T20:42
T00287,Bug Fix,Java,Medium,2.4,12.0,Delhi,2026-06-16T14:00,2026-06-17T02:00
T00288,Database,PostgreSQL|Java|SQL,High,6.2,18.0,Remote,2026-08-26T02:00,2026-08-26T20:00
T00289,Software Development,Python|Spring Boot|React,High,4.6,10.7,Hyderabad,2026-08-25T11:00,2026-08-25T21:42
T00290,Support,AWS,Medium,9.3,24.7,Hyderabad,2026-02-10T11:00,2026-02-11T11:42
T00291,Software Development,Java,High,5.9,14.8,Chennai,2026-04-05T17:00,2026-04-06T07:48
T00292,Cloud/DevOps,Azure|Kubernetes,Medium,13.6,45.7,Coimbatore,2026-01-19T19:00,2026-01-21T16:42
T00293,Support,Linux,High,5.9,16.8,Kolkata,2026-01-19T06:00,2026-01-19T22:48
T00294,Cloud/DevOps,Azure|Docker,Medium,4.1,12.0,Delhi,2026-07-22T16:00,2026-07-23T04:00
T00295,Cybersecurity,Cybersecurity,Medium,5.4,13.1,Remote,2026-03-10T15:00,2026-03-11T04:06
T00296,Data Engineering,Spark|SQL,Medium,4.2,12.0,Mumbai,2026-06-05T16:00,2026-06-06T04:00
T00297,Software Development,Node.js|Java|JavaScript,Low,9.9,38.2,Mumbai,2026-02-13T19:00,2026-02-15T09:12
T00298,Testing,Java|JavaScript|Python,Critical,10.3,18.5,Remote,2026-03-17T10:00,2026-03-18T04:30
T00299,Database,SQL|Python,High,4.5,10.7,Remote,2026-06-11T23:00,2026-06-12T09:42
T00300,Software Development,Java|C++,Critical,8.6,12.0,Delhi,2026-02-21T05:00,2026-02-21T17:00
T00301,Bug Fix,Spring Boot|Python,Low,11.3,56.9,Hyderabad,2026-06-13T23:00,2026-06-16T07:54
T00302,Cloud/DevOps,Azure|AWS,Low,7.0,37.1,Remote,2026-02-15T16:00,2026-02-17T05:06
T00303,Software Development,React|Python,High,4.2,8.6,Kolkata,2026-07-19T14:00,2026-07-19T22:36
T00304,Software Development,Java|React|JavaScript,Medium,3.2,13.1,Remote,2026-08-05T13:00,2026-08-06T02:06
T00305,Machine Learning,Python|PyTorch|Deep Learning,High,20.0,33.3,Mumbai,2026-07-05T12:00,2026-07-06T21:18
T00306,Software Development,JavaScript|Python,High,8.6,22.9,Bangalore,2026-06-09T05:00,2026-06-10T03:54
T00307,Machine Learning,Python|TensorFlow|Machine Learning,High,8.1,23.1,Remote,2026-04-25T16:00,2026-04-26T15:06
T00308,Cybersecurity,Cybersecurity|Azure,Medium,5.6,25.1,Kolkata,2026-08-21T13:00,2026-08-22T14:06
T00309,Support,Python|AWS,Medium,9.3,45.9,Coimbatore,2026-07-01T22:00,2026-07-03T19:54
T00310,Database,SQL,Medium,4.2,12.0,Hyderabad,2026-03-06T15:00,2026-03-07T03:00
T00311,Software Development,React|Spring Boot,Medium,3.9,13.0,Chennai,2026-06-28T02:00,2026-06-28T15:00
T00312,Machine Learning,Python,High,7.3,14.7,Mumbai,2026-04-10T21:00,2026-04-11T11:42
T00313,Support,Python|Azure|Java,Medium,9.3,40.6,Hyderabad,2026-06-16T07:00,2026-06-17T23:36
T00314,Cloud/DevOps,AWS|Azure,Medium,5.8,27.7,Remote,2026-06-15T15:00,2026-06-16T18:42
T00315,Data Engineering,Azure,High,7.0,13.0,Chennai,2026-04-08T17:00,2026-04-09T06:00
T00316,Data Engineering,Spark|Azure,Medium,6.3,18.6,Mumbai,2026-04-19T10:00,2026-04-20T04:36
T00317,Cloud/DevOps,Linux|Azure,Medium,6.4,25.2,Pune,2026-02-20T20:00,2026-02-21T21:12
T00318,Testing,Java|SQL|JavaScript,High,3.2,6.3,Delhi,2026-06-12T03:00,2026-06-12T09:18
T00319,Machine Learning,Deep Learning|Python,Medium,6.7,24.0,Pune,2026-07-31T03:00,2026-08-01T03:00
T00320,Software Development,Node.js,High,11.0,24.6,Remote,2026-03-09T04:00,2026-03-10T04:36
T00321,Support,Azure,Medium,5.1,14.6,Mumbai,2026-07-26T21:00,2026-07-27T11:36
T00322,Database,SQL|PostgreSQL|MongoDB,High,8.3,18.0,Bangalore,2026-04-16T12:00,2026-04-17T06:00
T00323,Cybersecurity,Azure,Medium,4.0,19.9,Remote,2026-05-26T01:00,2026-05-26T20:54
T00324,Bug Fix,SQL|Spring Boot|Java,Low,7.0,27.1,Kolkata,2026-04-25T20:00,2026-04-26T23:06
T00325,Data Engineering,SQL,High,4.4,12.0,Pune,2026-07-14T05:00,2026-07-14T17:00
T00326,Testing,JavaScript|SQL,Medium,7.8,22.6,Kolkata,2026-07-20T03:00,2026-07-21T01:36
T00327,Testing,Java|SQL,Critical,6.7,11.0,Kolkata,2026-02-12T18:00,2026-02-13T05:00
T00328,Cloud/DevOps,Kubernetes|Linux|Python,High,7.2,18.3,Coimbatore,2026-01-24T03:00,2026-01-24T21:18
T00329,Support,AWS|SQL|Java,Medium,3.6,16.7,Bangalore,2026-05-08T18:00,2026-05-09T10:42
T00330,Data Engineering,Spark,Medium,3.7,14.5,Coimbatore,2026-05-03T08:00,2026-05-03T22:30
T00331,Machine Learning,Machine Learning|Python|SQL,Medium,7.4,30.0,Mumbai,2026-06-25T18:00,2026-06-27T00:00
T00332,Support,Java|Linux|SQL,Low,2.8,24.0,Bangalore,2026-02-03T02:00,2026-02-04T02:00
T00333,Machine Learning,PyTorch,Medium,10.1,36.1,Remote,2026-02-05T08:00,2026-02-06T20:06
T00334,Bug Fix,Spring Boot|Java,Low,4.1,24.0,Kolkata,2026-07-08T11:00,2026-07-09T11:00
T00335,Support,Linux|Java,Low,8.2,59.7,Bangalore,2026-07-24T08:00,2026-07-26T19:42
T00336,Machine Learning,Machine Learning|SQL,Low,7.6,52.2,Delhi,2026-08-24T05:00,2026-08-26T09:12
T00337,Machine Learning,Python,High,6.1,10.2,Pune,2026-01-15T21:00,2026-01-16T07:12
T00338,Bug Fix,C++|Java,High,4.1,6.7,Pune,2026-01-16T03:00,2026-01-16T09:42
T00339,Cloud/DevOps,Azure|Linux,High,7.2,11.5,Remote,2026-07-18T06:00,2026-07-18T17:30
T00340,Support,Azure,Medium,17.8,40.9,Hyderabad,2026-01-06T03:00,2026-01-07T19:54
T00341,Database,Java|PostgreSQL,Medium,5.0,13.2,Hyderabad,2026-06-22T11:00,2026-06-23T00:12
T00342,Bug Fix,Java|Spring Boot,Low,8.6,27.5,Mumbai,2026-05-20T11:00,2026-05-21T14:30
T00343,Bug Fix,JavaScript|Spring Boot,High,5.4,10.5,Delhi,2026-06-18T21:00,2026-06-19T07:30
T00344,Bug Fix,C++|JavaScript,Medium,3.5,13.9,Coimbatore,2026-03-06T19:00,2026-03-07T08:54
T00345,Data Engineering,PostgreSQL|AWS,Critical,4.0,5.0,Hyderabad,2026-02-11T01:00,2026-02-11T06:00
T00346,Cybersecurity,Linux,High,7.6,19.5,Remote,2026-07-23T10:00,2026-07-24T05:30
T00347,Testing,SQL|Python|Java,High,6.1,13.3,Coimbatore,2026-07-23T00:00,2026-07-23T13:18
T00348,Database,PostgreSQL|Java,Low,17.7,97.2,Chennai,2026-03-27T22:00,2026-03-31T23:12
T00349,Cybersecurity,Python|Linux|AWS,High,13.8,37.1,Hyderabad,2026-03-03T12:00,2026-03-05T01:06
T00350,Database,Java|MongoDB,Medium,10.1,20.7,Chennai,2026-04-11T13:00,2026-04-12T09:42
T00351,Bug Fix,Spring Boot|JavaScript,High,5.7,10.1,Pune,2026-05-28T06:00,2026-05-28T16:06
T00352,Database,PostgreSQL|MongoDB,High,5.9,14.8,Remote,2026-02-26T09:00,2026-02-26T23:48
T00353,Support,Python|Azure|Linux,Medium,5.1,25.1,Remote,2026-08-23T07:00,2026-08-24T08:06
T00354,Cloud/DevOps,Docker|AWS,Low,3.8,24.0,Mumbai,2026-08-20T06:00,2026-08-21T06:00
T00355,Bug Fix,JavaScript|SQL,Medium,3.8,12.0,Pune,2026-05-11T06:00,2026-05-11T18:00
T00356,Bug Fix,Java|JavaScript|SQL,Medium,3.5,12.0,Delhi,2026-07-22T15:00,2026-07-23T03:00
T00357,Support,Java|SQL,High,5.1,12.0,Kolkata,2026-07-14T06:00,2026-07-14T18:00
T00358,Machine Learning,TensorFlow|PyTorch,High,7.0,13.6,Delhi,2026-02-04T12:00,2026-02-05T01:36
T00359,Database,SQL|PostgreSQL|Python,Medium,4.2,18.5,Remote,2026-03-11T05:00,2026-03-11T23:30
T00360,Bug Fix,JavaScript|SQL|Java,Medium,6.3,19.2,Coimbatore,2026-02-01T18:00,2026-02-02T13:12
T00361,Testing,Python|SQL|JavaScript,Medium,4.1,15.9,Kolkata,2026-08-11T18:00,2026-08-12T09:54
T00362,Support,SQL,High,6.1,13.7,Kolkata,2026-08-18T14:00,2026-08-19T03:42
T00363,Support,Python|AWS|SQL,Medium,5.3,13.0,Pune,2026-04-02T19:00,2026-04-03T08:00
T00364,Cybersecurity,Cybersecurity|Linux,High,4.7,8.2,Remote,2026-05-29T23:00,2026-05-30T07:12
T00365,Cybersecurity,Cybersecurity,Low,4.5,35.8,Delhi,2026-03-22T23:00,2026-03-24T10:48
T00366,Software Development,Python,Medium,4.1,16.1,Chennai,2026-08-10T04:00,2026-08-10T20:06
T00367,Software Development,C++,High,4.9,7.8,Delhi,2026-06-16T05:00,2026-06-16T12:48
T00368,Bug Fix,SQL|C++,High,3.7,8.3,Coimbatore,2026-05-05T10:00,2026-05-05T18:18
T00369,Support,Python|SQL,Medium,4.4,13.9,Hyderabad,2026-06-28T12:00,2026-06-29T01:54
T00370,Machine Learning,Python,Medium,11.5,31.8,Remote,2026-05-25T17:00,2026-05-27T00:48
T00371,Database,MongoDB|SQL|PostgreSQL,Medium,5.8,16.4,Bangalore,2026-01-20T11:00,2026-01-21T03:24
T00372,Database,MongoDB|Java|SQL,High,15.0,23.7,Hyderabad,2026-05-05T06:00,2026-05-06T05:42
T00373,Support,Java|Azure,Critical,8.2,10.4,Kolkata,2026-03-28T17:00,2026-03-29T03:24
T00374,Software Development,JavaScript|C++,Low,8.3,33.6,Bangalore,2026-05-13T23:00,2026-05-15T08:36
T00375,Cloud/DevOps,Kubernetes|AWS|Docker,High,5.8,16.0,Delhi,2026-05-31T04:00,2026-05-31T20:00
T00376,Data Engineering,Spark|AWS|Python,Medium,9.2,38.8,Kolkata,2026-02-04T15:00,2026-02-06T05:48
T00377,Software Development,Spring Boot,High,9.7,16.5,Delhi,2026-08-26T16:00,2026-08-27T08:30
T00378,Testing,JavaScript|Selenium,Low,3.1,24.0,Bangalore,2026-03-10T16:00,2026-03-11T16:00
T00379,Cybersecurity,AWS|Azure,High,4.3,10.3,Mumbai,2026-07-23T03:00,2026-07-23T13:18
T00380,Machine Learning,TensorFlow,Medium,5.3,23.9,Remote,2026-04-07T13:00,2026-04-08T12:54
T00381,Software Development,Node.js,High,17.1,48.0,Hyderabad,2026-03-18T23:00,2026-03-20T23:00
T00382,Data Engineering,PostgreSQL,High,6.6,19.4,Bangalore,2026-03-31T17:00,2026-04-01T12:24
T00383,Bug Fix,C++,Medium,9.9,26.5,Hyderabad,2026-07-13T23:00,2026-07-15T01:30
T00384,Testing,SQL|JavaScript,Low,11.9,94.9,Pune,2026-03-07T09:00,2026-03-11T07:54
T00385,Machine Learning,Machine Learning|TensorFlow,High,4.1,7.7,Remote,2026-08-20T12:00,2026-08-20T19:42
T00386,Database,SQL,Medium,5.4,17.0,Delhi,2026-08-22T22:00,2026-08-23T15:00
T00387,Testing,Selenium,Medium,5.8,22.2,Remote,2026-07-24T05:00,2026-07-25T03:12
T00388,Software Development,Node.js|C++,Medium,3.6,12.0,Kolkata,2026-01-16T21:00,2026-01-17T09:00
T00389,Bug Fix,C++|Node.js,Medium,4.6,22.7,Kolkata,2026-02-15T09:00,2026-02-16T07:42
T00390,Cloud/DevOps,Docker|Python,High,7.9,15.6,Bangalore,2026-04-07T06:00,2026-04-07T21:36
T00391,Database,Java,High,11.0,17.4,Bangalore,2026-04-19T01:00,2026-04-19T18:24
T00392,Machine Learning,Python,Medium,3.7,12.0,Kolkata,2026-01-20T00:00,2026-01-20T12:00
T00393,Database,Java|Python,Medium,4.0,12.0,Pune,2026-01-15T07:00,2026-01-15T19:00
T00394,Data Engineering,AWS|Spark|SQL,Medium,12.9,47.9,Delhi,2026-03-04T00:00,2026-03-05T23:54
T00395,Machine Learning,SQL|Python,High,7.6,18.1,Coimbatore,2026-01-27T14:00,2026-01-28T08:06
T00396,Data Engineering,Python,Medium,8.2,31.9,Pune,2026-04-21T19:00,2026-04-23T02:54
T00397,Software Development,Java|Spring Boot,High,3.0,9.0,Remote,2026-07-23T04:00,2026-07-23T13:00
T00398,Machine Learning,SQL,Medium,14.7,53.5,Remote,2026-02-14T12:00,2026-02-16T17:30
T00399,Bug Fix,JavaScript|Python,Medium,8.5,17.5,Hyderabad,2026-05-11T13:00,2026-05-12T06:30
T00400,Cybersecurity,Python|Linux,Low,5.9,41.5,Pune,2026-02-25T23:00,2026-02-27T16:30
T00401,Data Engineering,Azure|Python,High,6.1,17.3,Kolkata,2026-08-23T04:00,2026-08-23T21:18
T00402,Cybersecurity,AWS,High,7.0,15.0,Chennai,2026-04-03T00:00,2026-04-03T15:00
T00403,Cloud/DevOps,Python|Azure,High,6.4,10.4,Kolkata,2026-06-25T14:00,2026-06-26T00:24
T00404,Bug Fix,JavaScript|Python,Critical,7.4,9.4,Delhi,2026-05-30T15:00,2026-05-31T00:24
T00405,Software Development,Java|C++|Node.js,Low,5.6,35.3,Remote,2026-04-12T05:00,2026-04-13T16:18
T00406,Cloud/DevOps,Linux|AWS,High,5.2,14.4,Chennai,2026-03-28T20:00,2026-03-29T10:24
T00407,Cybersecurity,Python|Azure|AWS,High,8.6,23.3,Mumbai,2026-01-29T19:00,2026-01-30T18:18
T00408,Machine Learning,Python,High,11.2,18.6,Remote,2026-03-06T06:00,2026-03-07T00:36
T00409,Software Development,Java|C++,Medium,5.7,26.3,Remote,2026-01-07T11:00,2026-01-08T13:18
T00410,Testing,JavaScript|Python|SQL,High,7.6,14.9,Bangalore,2026-06-16T12:00,2026-06-17T02:54
T00411,Software Development,Java,High,7.2,11.1,Kolkata,2026-02-16T11:00,2026-02-16T22:06
T00412,Data Engineering,SQL|PostgreSQL|Azure,Low,7.7,39.3,Coimbatore,2026-08-10T18:00,2026-08-12T09:18
T00413,Data Engineering,Azure|PostgreSQL|AWS,Medium,11.7,30.5,Remote,2026-02-27T01:00,2026-02-28T07:30
T00414,Software Development,Java|C++,High,16.7,40.0,Remote,2026-05-15T02:00,2026-05-16T18:00
T00415,Software Development,React|C++,Medium,4.8,12.0,Remote,2026-04-10T15:00,2026-04-11T03:00
T00416,Support,Java,High,5.3,11.9,Mumbai,2026-04-19T04:00,2026-04-19T15:54
T00417,Cybersecurity,Linux,Medium,4.2,12.0,Hyderabad,2026-06-03T09:00,2026-06-03T21:00
T00418,Cloud/DevOps,Python|Kubernetes|Azure,High,8.0,17.0,Mumbai,2026-07-20T23:00,2026-07-21T16:00
T00419,Data Engineering,SQL|Spark|Python,High,4.2,10.1,Coimbatore,2026-06-11T14:00,2026-06-12T00:06
T00420,Database,PostgreSQL|Java,Medium,3.4,12.0,Remote,2026-05-23T08:00,2026-05-23T20:00
T00421,Bug Fix,Spring Boot|Java,High,4.1,7.7,Mumbai,2026-01-12T06:00,2026-01-12T13:42
T00422,Software Development,JavaScript|Python|Node.js,High,10.9,18.0,Remote,2026-05-02T15:00,2026-05-03T09:00
T00423,Support,Linux,High,4.1,8.9,Remote,2026-01-15T16:00,2026-01-16T00:54
T00424,Bug Fix,C++,Medium,7.9,20.6,Delhi,2026-06-20T11:00,2026-06-21T07:36
T00425,Machine Learning,Deep Learning|SQL,Medium,3.6,15.4,Mumbai,2026-01-03T14:00,2026-01-04T05:24
T00426,Machine Learning,PyTorch,Medium,2.1,12.0,Delhi,2026-08-04T05:00,2026-08-04T17:00
T00427,Support,Java|SQL|Python,Low,10.8,67.0,Remote,2026-06-06T23:00,2026-06-09T18:00
T00428,Support,Python|Azure,High,20.4,48.0,Mumbai,2026-01-21T02:00,2026-01-23T02:00
T00429,Software Development,Node.js|C++,Critical,7.9,9.8,Remote,2026-04-28T20:00,2026-04-29T05:48
T00430,Database,MongoDB|Python|SQL,High,3.0,6.3,Bangalore,2026-08-02T11:00,2026-08-02T17:18
T00431,Support,Linux|SQL,Medium,4.8,18.8,Chennai,2026-06-28T00:00,2026-06-28T18:48
T00432,Support,Java|Linux|Azure,High,3.5,8.5,Mumbai,2026-01-10T21:00,2026-01-11T05:30
T00433,Software Development,Java|React|JavaScript,Medium,3.4,12.0,Remote,2026-02-12T15:00,2026-02-13T03:00
T00434,Support,Linux|Java|AWS,Medium,13.0,52.2,Delhi,2026-07-13T10:00,2026-07-15T14:12
T00435,Machine Learning,Deep Learning,Medium,2.1,12.0,Bangalore,2026-06-27T18:00,2026-06-28T06:00
T00436,Cybersecurity,Cybersecurity,Low,10.6,55.4,Mumbai,2026-05-26T16:00,2026-05-28T23:24
T00437,Support,AWS|Azure,Medium,5.4,18.9,Delhi,2026-08-20T09:00,2026-08-21T03:54
T00438,Database,Python|PostgreSQL|SQL,Medium,5.9,28.9,Remote,2026-05-31T14:00,2026-06-01T18:54
T00439,Bug Fix,Python|Spring Boot|C++,Low,3.3,25.1,Coimbatore,2026-06-30T23:00,2026-07-02T00:06
T00440,Cybersecurity,Cybersecurity,Medium,4.3,12.0,Pune,2026-07-25T17:00,2026-07-26T05:00
T00441,Testing,SQL|Selenium,High,3.1,6.0,Pune,2026-05-09T04:00,2026-05-09T10:00
T00442,Machine Learning,SQL,Medium,3.8,17.5,Delhi,2026-04-08T03:00,2026-04-08T20:30
T00443,Testing,SQL|Python|Java,Medium,9.2,39.4,Remote,2026-06-14T14:00,2026-06-16T05:24
T00444,Database,Python|PostgreSQL,High,3.1,7.7,Delhi,2026-08-06T14:00,2026-08-06T21:42
T00445,Machine Learning,Deep Learning|PyTorch,Low,7.6,33.3,Coimbatore,2026-05-13T13:00,2026-05-14T22:18
T00446,Software Development,Spring Boot|C++|JavaScript,Medium,3.1,12.0,Remote,2026-02-26T21:00,2026-02-27T09:00
T00447,Software Development,Node.js|Python|React,Medium,11.5,32.5,Hyderabad,2026-07-05T07:00,2026-07-06T15:30
T00448,Database,Java,High,5.5,15.4,Chennai,2026-03-26T02:00,2026-03-26T17:24
T00449,Cybersecurity,AWS,Low,6.2,24.0,Coimbatore,2026-04-27T09:00,2026-04-28T09:00
T00450,Data Engineering,SQL|Azure,Medium,3.8,12.2,Bangalore,2026-07-05T07:00,2026-07-05T19:12
T00451,Cloud/DevOps,AWS,High,5.0,8.6,Mumbai,2026-01-21T11:00,2026-01-21T19:36
T00452,Cybersecurity,Cybersecurity,Medium,9.6,33.4,Remote,2026-03-30T09:00,2026-03-31T18:24
T00453,Bug Fix,Java|JavaScript,Medium,5.2,16.8,Hyderabad,2026-05-12T19:00,2026-05-13T11:48
T00454,Testing,JavaScript|Selenium|SQL,High,6.9,16.2,Kolkata,2026-01-07T17:00,2026-01-08T09:12
T00455,Support,Linux,Medium,6.3,29.8,Kolkata,2026-01-30T00:00,2026-01-31T05:48
T00456,Software Development,C++|Node.js,Medium,11.5,43.6,Delhi,2026-01-15T15:00,2026-01-17T10:36
T00457,Machine Learning,PyTorch|Deep Learning|Python,Medium,6.2,14.1,Coimbatore,2026-05-01T07:00,2026-05-01T21:06
T00458,Support,Python|Linux,High,10.1,25.5,Mumbai,2026-02-18T01:00,2026-02-19T02:30
T00459,Testing,SQL|Python|Selenium,High,5.0,14.7,Mumbai,2026-08-06T04:00,2026-08-06T18:42
T00460,Data Engineering,Python|AWS|PostgreSQL,Low,6.9,37.6,Delhi,2026-01-06T19:00,2026-01-08T08:36
T00461,Bug Fix,C++|Java|Node.js,Low,13.1,83.3,Mumbai,2026-07-04T01:00,2026-07-07T12:18
T00462,Cloud/DevOps,Azure|AWS,Low,5.3,24.0,Chennai,2026-05-09T20:00,2026-05-10T20:00
T00463,Cloud/DevOps,AWS,High,9.9,18.1,Kolkata,2026-04-07T08:00,2026-04-08T02:06
T00464,Software Development,React|Spring Boot,High,4.5,12.3,Delhi,2026-05-05T06:00,2026-05-05T18:18
T00465,Testing,JavaScript|SQL|Selenium,Medium,8.0,32.4,Remote,2026-02-08T05:00,2026-02-09T13:24
T00466,Bug Fix,Python|C++|Java,Low,1.9,24.0,Remote,2026-03-02T06:00,2026-03-03T06:00
T00467,Testing,JavaScript|SQL|Selenium,Critical,3.5,5.0,Mumbai,2026-07-30T02:00,2026-07-30T07:00
T00468,Software Development,Python|Java|JavaScript,Critical,6.2,8.5,Mumbai,2026-06-26T22:00,2026-06-27T06:30
T00469,Software Development,Python|Spring Boot|React,Critical,9.0,12.0,Coimbatore,2026-01-29T07:00,2026-01-29T19:00
T00470,Bug Fix,Spring Boot,Medium,4.1,20.0,Chennai,2026-08-03T01:00,2026-08-03T21:00
T00471,Support,SQL,High,8.9,21.7,Remote,2026-04-25T05:00,2026-04-26T02:42
T00472,Bug Fix,Java,Medium,7.0,16.1,Chennai,2026-02-12T23:00,2026-02-13T15:06
T00473,Software Development,C++|React,Medium,7.0,32.2,Remote,2026-07-11T06:00,2026-07-12T14:12
T00474,Database,Python|Java,High,6.9,20.1,Chennai,2026-01-04T23:00,2026-01-05T19:06
T00475,Support,AWS|Linux,Low,9.4,70.7,Bangalore,2026-06-05T08:00,2026-06-08T06:42
T00476,Support,Java|Python,Medium,6.7,16.2,Chennai,2026-08-06T22:00,2026-08-07T14:12
T00477,Data Engineering,AWS|PostgreSQL,Medium,7.2,27.0,Remote,2026-01-22T00:00,2026-01-23T03:00
T00478,Data Engineering,Spark|AWS,Medium,7.4,16.1,Remote,2026-02-20T01:00,2026-02-20T17:06
T00479,Software Development,JavaScript|Python,Critical,6.9,7.9,Hyderabad,2026-07-11T08:00,2026-07-11T15:54
T00480,Database,Python|MongoDB|Java,Medium,5.0,14.9,Coimbatore,2026-08-17T08:00,2026-08-17T22:54
T00481,Software Development,Python|Java,High,7.9,14.4,Kolkata,2026-06-05T10:00,2026-06-06T00:24
T00482,Cybersecurity,AWS,Medium,10.9,24.2,Chennai,2026-04-24T12:00,2026-04-25T12:12
T00483,Bug Fix,JavaScript,Medium,19.2,59.1,Chennai,2026-07-09T17:00,2026-07-12T04:06
T00484,Machine Learning,Machine Learning|SQL,High,7.7,18.0,Bangalore,2026-03-10T08:00,2026-03-11T02:00
T00485,Software Development,C++,Medium,2.7,12.6,Mumbai,2026-03-09T06:00,2026-03-09T18:36
T00486,Testing,Java|Python,High,4.1,8.5,Remote,2026-03-14T03:00,2026-03-14T11:30
T00487,Machine Learning,PyTorch,Medium,8.8,21.5,Hyderabad,2026-05-27T23:00,2026-05-28T20:30
T00488,Testing,JavaScript,Critical,8.7,10.1,Kolkata,2026-01-19T13:00,2026-01-19T23:06
T00489,Bug Fix,Node.js,Medium,4.9,12.4,Mumbai,2026-08-15T20:00,2026-08-16T08:24
T00490,Database,Python|Java|PostgreSQL,Medium,10.0,39.5,Hyderabad,2026-06-29T17:00,2026-07-01T08:30
T00491,Machine Learning,Machine Learning|TensorFlow,Medium,5.5,13.6,Mumbai,2026-03-17T07:00,2026-03-17T20:36
T00492,Support,Linux,High,4.3,7.9,Chennai,2026-03-29T06:00,2026-03-29T13:54
T00493,Support,Java|Python|AWS,Medium,4.2,12.4,Delhi,2026-06-09T04:00,2026-06-09T16:24
T00494,Data Engineering,SQL|Spark,High,5.3,14.6,Remote,2026-01-09T19:00,2026-01-10T09:36
T00495,Bug Fix,Python|Java,Low,4.7,24.0,Mumbai,2026-07-06T23:00,2026-07-07T23:00
T00496,Testing,Python|Java|JavaScript,High,8.6,16.3,Pune,2026-03-27T17:00,2026-03-28T09:18
T00497,Cloud/DevOps,Kubernetes|Linux,High,8.6,22.2,Hyderabad,2026-04-07T13:00,2026-04-08T11:12
T00498,Machine Learning,PyTorch|SQL|TensorFlow,High,5.2,10.2,Hyderabad,2026-06-12T07:00,2026-06-12T17:12
T00499,Cybersecurity,AWS,Medium,6.4,23.9,Bangalore,2026-05-27T17:00,2026-05-28T16:54
T00500,Software Development,C++|Spring Boot,High,4.8,12.1,Delhi,2026-04-15T16:00,2026-04-16T04:06
T00501,Support,Java|AWS,Low,4.2,25.3,Remote,2026-08-25T01:00,2026-08-26T02:18
T00502,Cybersecurity,Linux|AWS,Low,5.1,24.0,Kolkata,2026-07-16T06:00,2026-07-17T06:00
T00503,Testing,Java,Low,6.3,40.6,Kolkata,2026-08-07T11:00,2026-08-09T03:36
T00504,Data Engineering,Python,Critical,5.4,7.0,Remote,2026-01-10T12:00,2026-01-10T19:00
T00505,Database,MongoDB,Medium,5.5,12.8,Remote,2026-01-25T06:00,2026-01-25T18:48
T00506,Database,SQL|Python|Java,Low,4.0,26.2,Kolkata,2026-05-24T04:00,2026-05-25T06:12
T00507,Testing,Java|SQL|JavaScript,Medium,11.9,53.2,Remote,2026-02-24T13:00,2026-02-26T18:12
T00508,Support,AWS|Python,Medium,7.5,21.5,Kolkata,2026-03-26T15:00,2026-03-27T12:30
T00509,Testing,JavaScript|Java,Medium,3.1,12.0,Delhi,2026-04-29T17:00,2026-04-30T05:00
T00510,Data Engineering,AWS|Python|PostgreSQL,High,6.5,10.4,Hyderabad,2026-08-14T08:00,2026-08-14T18:24
T00511,Cybersecurity,Cybersecurity|Python|Azure,High,6.1,12.9,Bangalore,2026-06-18T19:00,2026-06-19T07:54
T00512,Machine Learning,Python|TensorFlow|SQL,Low,10.9,53.5,Delhi,2026-03-28T15:00,2026-03-30T20:30
T00513,Cybersecurity,Cybersecurity,Medium,7.2,28.9,Kolkata,2026-03-08T17:00,2026-03-09T21:54
T00514,Database,SQL,Medium,8.2,16.8,Coimbatore,2026-06-15T20:00,2026-06-16T12:48
T00515,Testing,JavaScript,High,2.8,6.0,Pune,2026-03-02T20:00,2026-03-03T02:00
T00516,Database,PostgreSQL|Java,High,11.5,24.9,Chennai,2026-02-22T18:00,2026-02-23T18:54
T00517,Support,Azure|SQL|Python,High,5.4,8.5,Delhi,2026-08-06T01:00,2026-08-06T09:30
T00518,Machine Learning,Machine Learning|SQL,Low,5.1,32.4,Hyderabad,2026-03-11T05:00,2026-03-12T13:24
T00519,Data Engineering,SQL|Python|PostgreSQL,Medium,8.6,33.4,Remote,2026-02-03T08:00,2026-02-04T17:24
T00520,Support,Python|SQL,Medium,3.8,12.0,Mumbai,2026-03-13T01:00,2026-03-13T13:00
T00521,Cybersecurity,AWS,Medium,7.1,27.5,Chennai,2026-01-05T11:00,2026-01-06T14:30
T00522,Machine Learning,Deep Learning|PyTorch,Medium,6.4,14.6,Mumbai,2026-01-24T08:00,2026-01-24T22:36
T00523,Cybersecurity,Linux|Python|Cybersecurity,High,9.3,25.8,Kolkata,2026-08-04T17:00,2026-08-05T18:48
T00524,Cloud/DevOps,Linux,Critical,5.5,8.9,Remote,2026-01-24T10:00,2026-01-24T18:54
T00525,Software Development,Java,High,9.3,24.2,Hyderabad,2026-07-20T21:00,2026-07-21T21:12
T00526,Bug Fix,Python,Medium,5.0,13.1,Chennai,2026-07-31T22:00,2026-08-01T11:06
T00527,Database,MongoDB|PostgreSQL|Python,Medium,8.8,39.1,Chennai,2026-03-23T15:00,2026-03-25T06:06
T00528,Cloud/DevOps,Azure|Python,Medium,15.3,42.0,Hyderabad,2026-03-20T13:00,2026-03-22T07:00
T00529,Cybersecurity,Python|Linux|AWS,High,3.1,9.1,Chennai,2026-07-27T22:00,2026-07-28T07:06
T00530,Data Engineering,SQL,Low,9.2,70.5,Hyderabad,2026-08-05T21:00,2026-08-08T19:30
T00531,Bug Fix,C++|Spring Boot,Medium,7.5,19.0,Hyderabad,2026-06-23T13:00,2026-06-24T08:00
T00532,Testing,SQL|Java|JavaScript,High,4.5,9.2,Delhi,2026-04-14T20:00,2026-04-15T05:12
T00533,Database,Python|Java,High,3.3,9.2,Pune,2026-02-27T15:00,2026-02-28T00:12
T00534,Support,AWS,High,4.2,9.2,Delhi,2026-07-23T12:00,2026-07-23T21:12
T00535,Database,MongoDB,Low,5.8,24.0,Chennai,2026-07-12T06:00,2026-07-13T06:00
T00536,Cloud/DevOps,Kubernetes|Python,Critical,10.7,15.4,Remote,2026-06-21T06:00,2026-06-21T21:24
T00537,Cybersecurity,Cybersecurity,Medium,6.4,21.2,Pune,2026-01-25T16:00,2026-01-26T13:12
T00538,Support,Python|Java|SQL,High,11.6,29.2,Bangalore,2026-04-30T08:00,2026-05-01T13:12
T00539,Database,PostgreSQL|MongoDB|SQL,High,22.9,48.0,Remote,2026-03-31T13:00,2026-04-02T13:00
T00540,Support,Python,Medium,5.0,17.5,Remote,2026-01-28T19:00,2026-01-29T12:30
T00541,Cybersecurity,Python|AWS|Azure,High,3.0,8.1,Bangalore,2026-08-14T03:00,2026-08-14T11:06
T00542,Machine Learning,TensorFlow|Deep Learning|Python,Critical,6.3,10.2,Bangalore,2026-04-03T04:00,2026-04-03T14:12
T00543,Cloud/DevOps,Python,Low,5.9,24.0,Remote,2026-03-02T14:00,2026-03-03T14:00
T00544,Data Engineering,Python,High,8.1,24.1,Delhi,2026-03-14T22:00,2026-03-15T22:06
T00545,Bug Fix,Python|Java|JavaScript,Low,5.7,24.0,Pune,2026-05-31T19:00,2026-06-01T19:00
T00546,Software Development,Python,Medium,11.3,34.0,Delhi,2026-01-03T20:00,2026-01-05T06:00
T00547,Cloud/DevOps,Docker|Python|Azure,Critical,7.4,8.4,Mumbai,2026-04-26T06:00,2026-04-26T14:24
T00548,Bug Fix,Spring Boot,High,3.8,11.0,Chennai,2026-04-24T02:00,2026-04-24T13:00
T00549,Bug Fix,JavaScript|C++|Python,Medium,7.8,26.7,Delhi,2026-07-25T19:00,2026-07-26T21:42
T00550,Machine Learning,SQL,Critical,5.4,9.0,Mumbai,2026-08-14T17:00,2026-08-15T02:00
T00551,Database,Java,Medium,14.7,44.8,Kolkata,2026-08-20T18:00,2026-08-22T14:48
T00552,Bug Fix,Spring Boot|JavaScript|Node.js,Medium,3.4,12.6,Remote,2026-08-14T02:00,2026-08-14T14:36
T00553,Data Engineering,Python|Spark,High,4.7,13.8,Kolkata,2026-01-12T05:00,2026-01-12T18:48
T00554,Support,Linux,Medium,10.7,24.3,Delhi,2026-08-15T13:00,2026-08-16T13:18
T00555,Data Engineering,PostgreSQL|Spark,Medium,4.2,19.7,Coimbatore,2026-01-11T08:00,2026-01-12T03:42
T00556,Data Engineering,Azure|PostgreSQL|Python,High,5.1,12.1,Remote,2026-08-16T12:00,2026-08-17T00:06
T00557,Cloud/DevOps,Python|Kubernetes,High,5.6,10.6,Pune,2026-01-23T10:00,2026-01-23T20:36
T00558,Bug Fix,JavaScript,High,3.8,10.6,Delhi,2026-01-31T07:00,2026-01-31T17:36
T00559,Software Development,Java|Node.js,Medium,4.8,19.4,Bangalore,2026-07-17T07:00,2026-07-18T02:24
T00560,Machine Learning,TensorFlow,Low,8.9,63.0,Pune,2026-06-27T18:00,2026-06-30T09:00
T00561,Database,Python|PostgreSQL|MongoDB,Medium,4.5,18.3,Pune,2026-03-17T02:00,2026-03-17T20:18
T00562,Database,PostgreSQL|Python|Java,High,2.8,6.0,Hyderabad,2026-07-16T06:00,2026-07-16T12:00
T00563,Software Development,C++,Medium,13.5,67.1,Remote,2026-08-28T10:00,2026-08-31T05:06
T00564,Cloud/DevOps,Python|Kubernetes,Critical,8.3,12.2,Pune,2026-05-15T06:00,2026-05-15T18:12
T00565,Machine Learning,PyTorch|TensorFlow|Python,Low,9.5,66.7,Pune,2026-04-07T18:00,2026-04-10T12:42
T00566,Data Engineering,SQL|PostgreSQL|AWS,Medium,4.2,17.8,Chennai,2026-06-06T13:00,2026-06-07T06:48
T00567,Bug Fix,SQL|Python|Spring Boot,Critical,4.2,7.3,Coimbatore,2026-05-05T00:00,2026-05-05T07:18
T00568,Database,SQL,Low,6.1,31.5,Bangalore,2026-05-02T17:00,2026-05-04T00:30
T00569,Cybersecurity,Cybersecurity,Low,5.4,32.3,Bangalore,2026-08-03T09:00,2026-08-04T17:18
T00570,Cybersecurity,Cybersecurity|AWS|Python,Medium,7.2,14.7,Coimbatore,2026-08-12T04:00,2026-08-12T18:42
T00571,Bug Fix,C++|SQL,Critical,3.6,6.4,Kolkata,2026-01-29T13:00,2026-01-29T19:24
T00572,Bug Fix,Python|Spring Boot|C++,Critical,7.5,8.9,Mumbai,2026-04-04T19:00,2026-04-05T03:54
T00573,Support,Python,High,7.0,15.6,Remote,2026-01-23T01:00,2026-01-23T16:36
T00574,Support,Azure|SQL|Linux,Critical,8.7,13.2,Bangalore,2026-07-19T23:00,2026-07-20T12:12
T00575,Support,Java|SQL,Low,7.1,24.4,Pune,2026-01-03T04:00,2026-01-04T04:24
T00576,Bug Fix,Node.js,Medium,4.3,12.0,Kolkata,2026-01-13T07:00,2026-01-13T19:00
T00577,Cloud/DevOps,Docker|Linux|Azure,High,6.8,10.6,Bangalore,2026-08-26T15:00,2026-08-27T01:36
T00578,Machine Learning,PyTorch,Medium,6.6,27.6,Delhi,2026-04-13T16:00,2026-04-14T19:36
T00579,Support,Java|Python,High,3.7,10.8,Delhi,2026-01-26T18:00,2026-01-27T04:48
T00580,Data Engineering,SQL|Python|Spark,Critical,7.2,9.8,Remote,2026-08-26T10:00,2026-08-26T19:48
T00581,Data Engineering,SQL|Spark,Critical,5.7,8.7,Coimbatore,2026-07-26T20:00,2026-07-27T04:42
T00582,Bug Fix,Java|C++|Node.js,Medium,5.2,24.6,Pune,2026-04-03T13:00,2026-04-04T13:36
T00583,Machine Learning,Python|SQL,Medium,10.7,24.8,Coimbatore,2026-02-20T07:00,2026-02-21T07:48
T00584,Support,Java|AWS|Python,Low,4.6,24.0,Pune,2026-03-02T08:00,2026-03-03T08:00
T00585,Bug Fix,Python,Medium,7.6,33.6,Remote,2026-07-27T17:00,2026-07-29T02:36
T00586,Cybersecurity,Azure|Linux,Medium,9.9,39.3,Bangalore,2026-07-08T16:00,2026-07-10T07:18
T00587,Testing,Python,High,3.7,9.5,Bangalore,2026-05-10T16:00,2026-05-11T01:30
T00588,Cloud/DevOps,Linux|Docker,Medium,2.3,12.0,Hyderabad,2026-05-31T04:00,2026-05-31T16:00
T00589,Bug Fix,Spring Boot|JavaScript,High,6.7,12.5,Coimbatore,2026-04-15T13:00,2026-04-16T01:30
T00590,Software Development,Spring Boot,Medium,3.4,13.8,Remote,2026-02-26T17:00,2026-02-27T06:48
T00591,Bug Fix,Java|Node.js,Medium,5.3,16.1,Remote,2026-08-27T14:00,2026-08-28T06:06
T00592,Software Development,React|Python|Node.js,Critical,4.0,4.8,Mumbai,2026-08-22T20:00,2026-08-23T00:48
T00593,Cybersecurity,AWS|Linux,Medium,3.9,16.8,Coimbatore,2026-01-18T18:00,2026-01-19T10:48
T00594,Testing,Python|JavaScript,Medium,9.2,24.4,Pune,2026-04-10T09:00,2026-04-11T09:24
T00595,Support,Python,High,3.0,6.0,Coimbatore,2026-08-08T20:00,2026-08-09T02:00
T00596,Cloud/DevOps,Azure|Kubernetes|Docker,Low,5.6,31.6,Bangalore,2026-01-03T03:00,2026-01-04T10:36
T00597,Bug Fix,Java|Python,High,4.2,8.7,Mumbai,2026-05-21T13:00,2026-05-21T21:42
T00598,Data Engineering,Spark|Python|PostgreSQL,High,5.7,14.9,Chennai,2026-05-27T13:00,2026-05-28T03:54
T00599,Machine Learning,Machine Learning,Medium,3.7,12.0,Chennai,2026-05-03T23:00,2026-05-04T11:00
T00600,Machine Learning,SQL|Deep Learning,Low,5.9,37.8,Bangalore,2026-02-25T02:00,2026-02-26T15:48
T00601,Cybersecurity,AWS|Linux|Cybersecurity,Critical,7.8,10.5,Chennai,2026-04-22T06:00,2026-04-22T16:30
T00602,Machine Learning,SQL,High,5.2,7.9,Kolkata,2026-08-22T23:00,2026-08-23T06:54
T00603,Testing,Selenium|SQL,Medium,3.5,12.0,Coimbatore,2026-04-10T04:00,2026-04-10T16:00
T00604,Machine Learning,TensorFlow|Machine Learning|SQL,High,13.4,30.2,Bangalore,2026-04-01T07:00,2026-04-02T13:12
T00605,Data Engineering,Python,Low,10.7,65.1,Coimbatore,2026-03-06T18:00,2026-03-09T11:06
T00606,Cybersecurity,Azure|Python,High,5.6,12.0,Chennai,2026-01-18T18:00,2026-01-19T06:00
T00607,Bug Fix,JavaScript|SQL,Critical,7.5,12.9,Bangalore,2026-04-15T05:00,2026-04-15T17:54
T00608,Software Development,Spring Boot,High,3.9,11.2,Coimbatore,2026-01-15T07:00,2026-01-15T18:12
T00609,Data Engineering,PostgreSQL|Spark,Medium,2.4,12.0,Bangalore,2026-05-28T10:00,2026-05-28T22:00
T00610,Cloud/DevOps,Docker|Linux|Python,Medium,4.0,12.0,Coimbatore,2026-04-24T10:00,2026-04-24T22:00
T00611,Bug Fix,Node.js,Critical,3.9,4.6,Remote,2026-02-14T21:00,2026-02-15T01:36
T00612,Cloud/DevOps,Python|Kubernetes,Critical,2.6,2.9,Hyderabad,2026-07-31T15:00,2026-07-31T17:54
T00613,Support,Java|AWS|Azure,High,5.2,14.9,Coimbatore,2026-05-24T02:00,2026-05-24T16:54
T00614,Cybersecurity,Azure|Cybersecurity|AWS,Medium,7.1,15.2,Remote,2026-06-15T04:00,2026-06-15T19:12
T00615,Machine Learning,TensorFlow|SQL|Python,Medium,8.2,35.6,Delhi,2026-01-22T03:00,2026-01-23T14:36
T00616,Testing,Java,Low,6.9,24.0,Remote,2026-07-27T15:00,2026-07-28T15:00
T00617,Support,Azure|AWS|Java,Medium,2.9,12.0,Bangalore,2026-06-05T19:00,2026-06-06T07:00
T00618,Software Development,Python|JavaScript|Java,High,9.6,16.3,Chennai,2026-03-18T19:00,2026-03-19T11:18
T00619,Machine Learning,PyTorch,Low,8.2,64.5,Mumbai,2026-08-08T15:00,2026-08-11T07:30
T00620,Support,Azure|Linux,Medium,6.8,14.8,Chennai,2026-01-29T18:00,2026-01-30T08:48
T00621,Machine Learning,Deep Learning|Machine Learning|SQL,Critical,23.4,24.0,Remote,2026-05-02T17:00,2026-05-03T17:00
T00622,Cybersecurity,Python|Linux|AWS,Medium,3.9,17.3,Delhi,2026-02-06T16:00,2026-02-07T09:18
T00623,Database,Python,Medium,4.4,20.2,Hyderabad,2026-02-23T12:00,2026-02-24T08:12
T00624,Database,PostgreSQL|MongoDB|SQL,Medium,7.2,17.5,Delhi,2026-07-14T19:00,2026-07-15T12:30
T00625,Database,Python|SQL|MongoDB,Medium,14.9,56.8,Delhi,2026-03-26T02:00,2026-03-28T10:48
T00626,Software Development,C++,Low,8.7,26.5,Coimbatore,2026-05-12T10:00,2026-05-13T12:30
T00627,Cloud/DevOps,AWS|Azure|Linux,Medium,6.5,16.2,Mumbai,2026-07-05T12:00,2026-07-06T04:12
T00628,Data Engineering,Python,Medium,4.0,12.0,Chennai,2026-06-13T20:00,2026-06-14T08:00
T00629,Support,SQL|AWS,High,4.6,9.6,Mumbai,2026-02-05T11:00,2026-02-05T20:36
T00630,Testing,SQL,High,3.0,6.0,Pune,2026-08-13T01:00,2026-08-13T07:00
T00631,Bug Fix,JavaScript|Java|SQL,Critical,6.6,9.7,Remote,2026-05-03T08:00,2026-05-03T17:42
T00632,Cybersecurity,Python,High,4.2,8.6,Pune,2026-03-04T06:00,2026-03-04T14:36
T00633,Software Development,C++,High,4.8,12.4,Kolkata,2026-01-27T10:00,2026-01-27T22:24
T00634,Bug Fix,Spring Boot|C++|JavaScript,Low,5.1,34.9,Mumbai,2026-01-24T08:00,2026-01-25T18:54
T00635,Database,Python|Java,High,6.8,19.8,Hyderabad,2026-04-20T08:00,2026-04-21T03:48
T00636,Cybersecurity,AWS|Azure|Python,Medium,4.8,19.9,Remote,2026-05-12T04:00,2026-05-12T23:54
T00637,Machine Learning,Python|Machine Learning|Deep Learning,Low,17.4,132.3,Chennai,2026-07-17T14:00,2026-07-23T02:18
T00638,Cloud/DevOps,Docker,Medium,10.7,51.3,Delhi,2026-04-30T14:00,2026-05-02T17:18
T00639,Machine Learning,Python,High,2.3,6.0,Chennai,2026-03-25T03:00,2026-03-25T09:00
T00640,Cybersecurity,Cybersecurity|Azure,High,5.4,8.7,Remote,2026-08-26T23:00,2026-08-27T07:42
T00641,Data Engineering,PostgreSQL,High,11.3,22.0,Delhi,2026-05-23T12:00,2026-05-24T10:00
T00642,Database,SQL|MongoDB|Java,Medium,8.9,18.1,Delhi,2026-04-26T12:00,2026-04-27T06:06
T00643,Database,MongoDB|Java|Python,Medium,9.5,21.6,Delhi,2026-08-21T10:00,2026-08-22T07:36
T00644,Machine Learning,PyTorch|Python,Medium,2.3,12.0,Coimbatore,2026-02-13T02:00,2026-02-13T14:00
T00645,Database,MongoDB|Python,High,6.9,11.5,Coimbatore,2026-08-25T17:00,2026-08-26T04:30
T00646,Cloud/DevOps,Azure,Medium,6.2,23.5,Pune,2026-05-05T04:00,2026-05-06T03:30
T00647,Support,Azure,Critical,4.8,7.2,Chennai,2026-03-06T10:00,2026-03-06T17:12
T00648,Database,SQL,Medium,5.1,16.3,Hyderabad,2026-07-12T19:00,2026-07-13T11:18
T00649,Cybersecurity,Python|Linux|Azure,High,1.7,6.0,Remote,2026-04-18T17:00,2026-04-18T23:00
T00650,Software Development,C++|React|Spring Boot,Medium,8.8,21.6,Kolkata,2026-02-21T15:00,2026-02-22T12:36
T00651,Bug Fix,Python|SQL|C++,High,6.3,15.6,Mumbai,2026-01-28T06:00,2026-01-28T21:36
T00652,Data Engineering,Spark|Azure,High,10.1,18.8,Remote,2026-06-03T02:00,2026-06-03T20:48
T00653,Bug Fix,Node.js,High,5.9,10.1,Pune,2026-07-27T12:00,2026-07-27T22:06
T00654,Bug Fix,Java|Spring Boot,Medium,4.6,12.0,Bangalore,2026-07-07T03:00,2026-07-07T15:00
T00655,Testing,Python|SQL,High,4.4,10.4,Chennai,2026-06-07T15:00,2026-06-08T01:24
T00656,Testing,SQL|Java,Medium,6.2,18.2,Coimbatore,2026-05-05T10:00,2026-05-06T04:12
T00657,Cybersecurity,AWS|Python|Azure,Low,12.7,73.7,Bangalore,2026-08-22T05:00,2026-08-25T06:42
T00658,Testing,Java|SQL,High,7.3,16.1,Remote,2026-02-06T07:00,2026-02-06T23:06
T00659,Bug Fix,Python,High,7.8,15.5,Mumbai,2026-06-09T01:00,2026-06-09T16:30
T00660,Database,Python,Low,5.6,43.4,Bangalore,2026-04-28T06:00,2026-04-30T01:24
T00661,Machine Learning,PyTorch|Python,Critical,7.5,12.5,Delhi,2026-08-07T21:00,2026-08-08T09:30
T00662,Machine Learning,Machine Learning,High,3.7,6.0,Coimbatore,2026-06-11T23:00,2026-06-12T05:00
T00663,Cybersecurity,Python,High,5.6,10.2,Pune,2026-04-04T20:00,2026-04-05T06:12
T00664,Software Development,React,Medium,7.6,23.2,Delhi,2026-03-05T04:00,2026-03-06T03:12
T00665,Database,PostgreSQL|Python|Java,Critical,8.2,12.2,Remote,2026-06-14T18:00,2026-06-15T06:12
T00666,Bug Fix,C++|Node.js|SQL,Low,12.3,82.1,Mumbai,2026-03-10T03:00,2026-03-13T13:06
T00667,Data Engineering,SQL|PostgreSQL,High,5.2,7.8,Kolkata,2026-01-06T05:00,2026-01-06T12:48
T00668,Database,Java|SQL|Python,Medium,11.4,41.5,Bangalore,2026-02-13T06:00,2026-02-14T23:30
T00669,Cybersecurity,Python,Medium,2.9,14.1,Mumbai,2026-07-25T11:00,2026-07-26T01:06
T00670,Software Development,JavaScript|Node.js,High,3.4,10.2,Delhi,2026-05-05T13:00,2026-05-05T23:12
T00671,Cloud/DevOps,Linux|Kubernetes,Medium,7.6,19.2,Delhi,2026-05-21T10:00,2026-05-22T05:12
T00672,Data Engineering,AWS|SQL|PostgreSQL,Medium,14.1,46.7,Pune,2026-05-08T17:00,2026-05-10T15:42
T00673,Bug Fix,SQL,High,10.0,23.2,Kolkata,2026-08-29T00:00,2026-08-29T23:12
T00674,Software Development,JavaScript|React|Python,Medium,5.7,14.7,Kolkata,2026-06-22T04:00,2026-06-22T18:42
T00675,Cloud/DevOps,Kubernetes|Python,Low,5.3,24.0,Pune,2026-02-12T20:00,2026-02-13T20:00
T00676,Cybersecurity,Linux|Cybersecurity|Azure,Low,10.4,69.7,Mumbai,2026-04-16T07:00,2026-04-19T04:42
T00677,Data Engineering,PostgreSQL|SQL|Azure,Medium,11.5,50.6,Remote,2026-04-25T18:00,2026-04-27T20:36
T00678,Data Engineering,PostgreSQL|SQL|Azure,Critical,6.1,7.1,Bangalore,2026-05-27T20:00,2026-05-28T03:06
T00679,Bug Fix,Node.js|Spring Boot|JavaScript,High,4.1,6.7,Chennai,2026-06-22T11:00,2026-06-22T17:42
T00680,Software Development,C++|Node.js|Python,Low,3.5,24.0,Bangalore,2026-05-30T16:00,2026-05-31T16:00
T00681,Cloud/DevOps,Azure,High,4.6,12.7,Delhi,2026-06-05T05:00,2026-06-05T17:42
T00682,Software Development,Java|Python,High,7.7,12.7,Kolkata,2026-03-31T06:00,2026-03-31T18:42
T00683,Bug Fix,Python,Medium,6.0,27.1,Delhi,2026-07-23T18:00,2026-07-24T21:06
T00684,Database,Python,Low,7.6,34.7,Kolkata,2026-02-04T17:00,2026-02-06T03:42
T00685,Data Engineering,Python|SQL,High,12.1,20.3,Mumbai,2026-02-25T08:00,2026-02-26T04:18
T00686,Database,Java|SQL|Python,Medium,4.8,18.3,Remote,2026-04-29T17:00,2026-04-30T11:18
T00687,Support,Linux|Azure|Java,Low,4.3,24.0,Bangalore,2026-01-09T05:00,2026-01-10T05:00
T00688,Testing,Java|Selenium,Medium,6.3,26.7,Kolkata,2026-04-02T17:00,2026-04-03T19:42
T00689,Support,Linux|Java,Medium,21.6,61.4,Delhi,2026-05-30T05:00,2026-06-01T18:24
T00690,Testing,Java,Critical,5.5,7.7,Pune,2026-02-05T11:00,2026-02-05T18:42
T00691,Bug Fix,Spring Boot|SQL|Python,Medium,4.6,12.0,Bangalore,2026-04-20T04:00,2026-04-20T16:00
T00692,Support,AWS|Python,Medium,12.2,59.7,Mumbai,2026-01-12T21:00,2026-01-15T08:42
T00693,Software Development,Python,High,5.6,10.5,Hyderabad,2026-05-17T07:00,2026-05-17T17:30
T00694,Cloud/DevOps,Azure|Docker,Low,4.7,32.8,Hyderabad,2026-08-13T14:00,2026-08-14T22:48
T00695,Bug Fix,JavaScript|Node.js,Medium,3.7,15.4,Coimbatore,2026-07-12T01:00,2026-07-12T16:24
T00696,Cybersecurity,AWS|Python|Linux,Medium,3.0,12.0,Pune,2026-07-16T06:00,2026-07-16T18:00
T00697,Bug Fix,Spring Boot,Medium,4.8,17.9,Pune,2026-05-25T03:00,2026-05-25T20:54
T00698,Software Development,JavaScript|Python,High,2.9,8.3,Chennai,2026-01-07T11:00,2026-01-07T19:18
T00699,Software Development,React,Low,14.0,61.2,Mumbai,2026-04-26T12:00,2026-04-29T01:12
T00700,Bug Fix,SQL|JavaScript|Spring Boot,High,4.6,10.0,Coimbatore,2026-05-18T00:00,2026-05-18T10:00
T00701,Bug Fix,Python,Low,3.9,24.0,Bangalore,2026-05-09T00:00,2026-05-10T00:00
T00702,Machine Learning,Deep Learning|PyTorch|Python,Critical,8.8,14.5,Coimbatore,2026-01-31T10:00,2026-02-01T00:30
T00703,Testing,Python,Medium,9.5,26.7,Bangalore,2026-01-17T18:00,2026-01-18T20:42
T00704,Database,PostgreSQL,Medium,3.1,14.1,Delhi,2026-02-17T09:00,2026-02-17T23:06
T00705,Database,SQL|PostgreSQL|MongoDB,Medium,5.9,25.5,Kolkata,2026-08-06T18:00,2026-08-07T19:30
T00706,Bug Fix,SQL|JavaScript,High,3.0,6.0,Hyderabad,2026-03-19T11:00,2026-03-19T17:00
T00707,Bug Fix,Spring Boot,Low,8.1,28.5,Hyderabad,2026-08-26T14:00,2026-08-27T18:30
T00708,Support,Java|Azure|Python,High,8.1,13.7,Mumbai,2026-07-21T22:00,2026-07-22T11:42
T00709,Database,Java|PostgreSQL|Python,Medium,4.9,14.3,Remote,2026-05-12T23:00,2026-05-13T13:18
T00710,Bug Fix,Spring Boot,High,7.7,21.9,Bangalore,2026-08-10T16:00,2026-08-11T13:54
T00711,Software Development,Spring Boot|Node.js,Medium,3.4,12.0,Remote,2026-04-02T10:00,2026-04-02T22:00
T00712,Support,SQL|Python,Medium,2.5,12.0,Delhi,2026-05-28T10:00,2026-05-28T22:00
T00713,Testing,SQL,Medium,3.9,13.9,Coimbatore,2026-03-08T13:00,2026-03-09T02:54
T00714,Software Development,Python|Java|C++,Low,12.3,51.6,Remote,2026-08-21T21:00,2026-08-24T00:36
T00715,Testing,JavaScript,High,5.3,9.7,Pune,2026-02-04T20:00,2026-02-05T05:42
T00716,Machine Learning,Machine Learning,Medium,4.0,16.8,Coimbatore,2026-06-19T09:00,2026-06-20T01:48
T00717,Support,AWS|Python|Java,High,7.1,17.9,Bangalore,2026-03-05T13:00,2026-03-06T06:54
T00718,Cloud/DevOps,Azure|AWS,High,5.7,16.9,Coimbatore,2026-03-06T07:00,2026-03-06T23:54
T00719,Software Development,JavaScript|React|Node.js,Low,10.4,33.5,Chennai,2026-02-28T15:00,2026-03-02T00:30
T00720,Testing,JavaScript,Medium,14.4,33.1,Mumbai,2026-07-14T00:00,2026-07-15T09:06
T00721,Database,MongoDB|Java|Python,Medium,4.1,19.2,Remote,2026-06-04T20:00,2026-06-05T15:12
T00722,Bug Fix,C++|Node.js,High,13.5,23.1,Kolkata,2026-06-15T16:00,2026-06-16T15:06
T00723,Machine Learning,SQL|TensorFlow|Deep Learning,Medium,5.4,15.2,Remote,2026-01-11T22:00,2026-01-12T13:12
T00724,Support,Java,Critical,5.0,7.6,Pune,2026-06-03T17:00,2026-06-04T00:36
T00725,Machine Learning,PyTorch,Medium,4.4,14.5,Kolkata,2026-04-16T22:00,2026-04-17T12:30
T00726,Cloud/DevOps,AWS|Python,Medium,7.8,19.1,Pune,2026-07-13T19:00,2026-07-14T14:06
T00727,Support,Linux|Java|Python,Medium,3.7,14.0,Chennai,2026-08-02T07:00,2026-08-02T21:00
T00728,Testing,SQL,Medium,9.3,45.3,Remote,2026-06-17T01:00,2026-06-18T22:18
T00729,Bug Fix,JavaScript|Python|C++,Medium,9.5,19.9,Mumbai,2026-02-23T07:00,2026-02-24T02:54
T00730,Cybersecurity,AWS|Cybersecurity,High,13.4,23.6,Delhi,2026-03-27T06:00,2026-03-28T05:36
T00731,Cloud/DevOps,Azure|Python|Docker,Low,6.4,24.0,Remote,2026-08-21T02:00,2026-08-22T02:00
T00732,Database,PostgreSQL|Python|Java,Low,6.4,35.3,Mumbai,2026-08-03T20:00,2026-08-05T07:18
T00733,Cloud/DevOps,Kubernetes|Python,Critical,4.3,4.8,Delhi,2026-06-10T05:00,2026-06-10T09:48
T00734,Data Engineering,Spark|SQL|Azure,Low,6.5,29.0,Delhi,2026-01-31T13:00,2026-02-01T18:00
T00735,Cybersecurity,Cybersecurity|AWS|Python,Medium,12.4,37.2,Coimbatore,2026-02-13T08:00,2026-02-14T21:12
T00736,Database,MongoDB|SQL|Python,High,10.1,16.0,Hyderabad,2026-04-10T13:00,2026-04-11T05:00
T00737,Data Engineering,Azure|PostgreSQL|SQL,Medium,15.0,43.5,Pune,2026-06-26T14:00,2026-06-28T09:30
T00738,Database,PostgreSQL|SQL|Python,Low,6.6,24.0,Hyderabad,2026-01-03T13:00,2026-01-04T13:00
T00739,Database,Java,Medium,7.3,29.5,Remote,2026-02-05T17:00,2026-02-06T22:30
T00740,Cybersecurity,Cybersecurity,Medium,12.3,30.9,Remote,2026-02-12T10:00,2026-02-13T16:54
T00741,Database,MongoDB|Java,High,12.1,30.3,Delhi,2026-03-10T18:00,2026-03-12T00:18
T00742,Bug Fix,Spring Boot|SQL,Low,5.0,24.7,Remote,2026-05-13T01:00,2026-05-14T01:42
T00743,Software Development,Spring Boot|C++|Node.js,Medium,9.8,23.7,Kolkata,2026-04-14T17:00,2026-04-15T16:42
T00744,Software Development,JavaScript,Medium,8.5,40.0,Remote,2026-04-05T21:00,2026-04-07T13:00
T00745,Support,Linux,High,4.0,8.0,Bangalore,2026-05-14T16:00,2026-05-15T00:00
T00746,Testing,Selenium|SQL,Medium,5.6,20.9,Remote,2026-04-06T09:00,2026-04-07T05:54
T00747,Support,Linux|Java,Medium,7.0,31.4,Coimbatore,2026-08-14T06:00,2026-08-15T13:24
T00748,Software Development,Python|C++|Java,High,6.0,11.9,Hyderabad,2026-01-16T17:00,2026-01-17T04:54
T00749,Bug Fix,C++,High,8.4,13.4,Remote,2026-03-23T03:00,2026-03-23T16:24
T00750,Bug Fix,SQL,High,5.6,13.7,Chennai,2026-03-27T20:00,2026-03-28T09:42
T00751,Cloud/DevOps,Python,Medium,2.7,12.0,Hyderabad,2026-03-01T18:00,2026-03-02T06:00
T00752,Database,MongoDB|PostgreSQL,Medium,8.1,30.3,Coimbatore,2026-03-28T13:00,2026-03-29T19:18
T00753,Software Development,Java,Medium,5.1,12.0,Bangalore,2026-03-11T20:00,2026-03-12T08:00
T00754,Support,Linux|Azure,Medium,5.8,22.4,Remote,2026-08-22T06:00,2026-08-23T04:24
T00755,Bug Fix,Spring Boot|C++,Medium,8.2,19.3,Hyderabad,2026-02-17T10:00,2026-02-18T05:18
T00756,Support,SQL|Linux,High,2.3,6.0,Mumbai,2026-01-18T22:00,2026-01-19T04:00
T00757,Data Engineering,Python|AWS,Medium,6.0,13.0,Coimbatore,2026-01-24T13:00,2026-01-25T02:00
T00758,Database,SQL|Java,Medium,4.5,19.3,Bangalore,2026-07-19T07:00,2026-07-20T02:18
T00759,Support,Java|SQL|Linux,Medium,10.3,39.4,Chennai,2026-03-12T02:00,2026-03-13T17:24
T00760,Bug Fix,Node.js|C++,High,2.9,8.5,Pune,2026-04-29T10:00,2026-04-29T18:30
T00761,Bug Fix,Spring Boot,Medium,7.4,21.5,Hyderabad,2026-01-15T14:00,2026-01-16T11:30
T00762,Software Development,C++,High,3.3,6.8,Chennai,2026-01-08T16:00,2026-01-08T22:48
T00763,Database,Python,High,7.8,16.7,Bangalore,2026-07-08T23:00,2026-07-09T15:42
T00764,Database,Java,Critical,5.3,7.4,Chennai,2026-02-09T19:00,2026-02-10T02:24
T00765,Machine Learning,PyTorch,Low,4.6,32.4,Remote,2026-03-23T16:00,2026-03-25T00:24
T00766,Software Development,C++,High,4.2,6.6,Mumbai,2026-07-14T06:00,2026-07-14T12:36
T00767,Machine Learning,Machine Learning|PyTorch,Medium,8.6,19.2,Remote,2026-07-25T23:00,2026-07-26T18:12
T00768,Database,MongoDB|PostgreSQL|Python,High,3.8,8.7,Pune,2026-03-12T15:00,2026-03-12T23:42
T00769,Support,SQL|Azure|Java,Critical,9.1,11.8,Hyderabad,2026-04-20T05:00,2026-04-20T16:48
T00770,Support,Java,High,4.2,11.4,Bangalore,2026-02-17T04:00,2026-02-17T15:24
T00771,Machine Learning,TensorFlow|SQL|Python,Low,8.6,51.1,Pune,2026-01-13T14:00,2026-01-15T17:06
T00772,Software Development,C++|Node.js,Medium,3.3,12.0,Hyderabad,2026-01-30T05:00,2026-01-30T17:00
T00773,Cybersecurity,AWS,Medium,6.8,29.2,Chennai,2026-03-12T14:00,2026-03-13T19:12
T00774,Cloud/DevOps,Linux|Azure,High,2.9,6.2,Delhi,2026-07-28T03:00,2026-07-28T09:12
T00775,Bug Fix,Spring Boot|C++|JavaScript,High,11.3,26.7,Remote,2026-01-20T20:00,2026-01-21T22:42
T00776,Testing,SQL,Medium,9.3,37.6,Pune,2026-06-27T11:00,2026-06-29T00:36
T00777,Machine Learning,Deep Learning|SQL|TensorFlow,Low,4.7,24.0,Remote,2026-01-30T13:00,2026-01-31T13:00
T00778,Bug Fix,Node.js|C++,Medium,4.8,16.3,Kolkata,2026-01-05T14:00,2026-01-06T06:18
T00779,Database,MongoDB,Medium,8.4,18.3,Coimbatore,2026-01-04T09:00,2026-01-05T03:18
T00780,Support,SQL|Python,Medium,8.0,36.9,Bangalore,2026-04-05T17:00,2026-04-07T05:54
T00781,Data Engineering,AWS,High,3.3,6.0,Remote,2026-03-20T00:00,2026-03-20T06:00
T00782,Cloud/DevOps,Linux,High,4.7,11.8,Mumbai,2026-05-31T16:00,2026-06-01T03:48
T00783,Software Development,Python|JavaScript|Java,Low,5.5,24.0,Mumbai,2026-07-04T20:00,2026-07-05T20:00
T00784,Cloud/DevOps,Kubernetes|AWS|Python,High,4.0,10.7,Mumbai,2026-07-15T01:00,2026-07-15T11:42
T00785,Cloud/DevOps,Docker|Linux,Low,5.2,24.0,Remote,2026-05-20T16:00,2026-05-21T16:00
T00786,Bug Fix,Python|JavaScript|Node.js,High,14.2,36.5,Hyderabad,2026-01-10T02:00,2026-01-11T14:30
T00787,Software Development,Spring Boot|Python|React,High,8.8,20.3,Coimbatore,2026-05-10T16:00,2026-05-11T12:18
T00788,Software Development,React|Spring Boot|Node.js,Medium,5.0,18.6,Hyderabad,2026-06-30T12:00,2026-07-01T06:36
T00789,Machine Learning,Machine Learning|TensorFlow,Medium,2.2,12.0,Coimbatore,2026-04-23T13:00,2026-04-24T01:00
T00790,Support,SQL|Java|Python,High,5.6,13.2,Bangalore,2026-05-01T12:00,2026-05-02T01:12
T00791,Machine Learning,SQL|PyTorch,High,8.9,17.9,Coimbatore,2026-07-03T21:00,2026-07-04T14:54
T00792,Cybersecurity,Azure|Linux,Medium,9.4,44.2,Kolkata,2026-01-29T04:00,2026-01-31T00:12
T00793,Data Engineering,PostgreSQL,Medium,11.0,46.5,Bangalore,2026-01-06T16:00,2026-01-08T14:30
T00794,Cybersecurity,Linux,Critical,5.0,7.4,Pune,2026-01-13T00:00,2026-01-13T07:24
T00795,Cloud/DevOps,Linux|Python,High,8.0,17.4,Delhi,2026-02-11T00:00,2026-02-11T17:24
T00796,Database,Python|MongoDB|PostgreSQL,High,11.5,27.4,Remote,2026-08-04T16:00,2026-08-05T19:24
T00797,Data Engineering,AWS,Medium,7.7,22.8,Bangalore,2026-01-29T23:00,2026-01-30T21:48
T00798,Testing,Java,Medium,4.5,21.1,Remote,2026-06-24T00:00,2026-06-24T21:06
T00799,Cybersecurity,Python|AWS,Medium,4.5,20.0,Hyderabad,2026-06-23T20:00,2026-06-24T16:00
T00800,Support,AWS|Azure,Medium,5.2,14.9,Kolkata,2026-05-28T07:00,2026-05-28T21:54
T00801,Machine Learning,Deep Learning,Critical,3.7,4.3,Hyderabad,2026-05-31T04:00,2026-05-31T08:18
T00802,Testing,Selenium,Medium,17.4,36.2,Chennai,2026-08-16T20:00,2026-08-18T08:12
T00803,Support,SQL,Medium,8.9,25.3,Remote,2026-07-04T15:00,2026-07-05T16:18
T00804,Database,PostgreSQL|Python|Java,Critical,6.0,7.2,Pune,2026-05-26T22:00,2026-05-27T05:12
T00805,Bug Fix,SQL|Java,High,4.8,8.3,Mumbai,2026-08-17T15:00,2026-08-17T23:18
T00806,Database,Java|SQL|MongoDB,High,6.1,14.3,Chennai,2026-04-05T14:00,2026-04-06T04:18
T00807,Software Development,Python,Medium,8.7,22.5,Kolkata,2026-08-05T22:00,2026-08-06T20:30
T00808,Database,Python,Medium,2.8,12.0,Bangalore,2026-02-22T01:00,2026-02-22T13:00
T00809,Cybersecurity,Python|AWS|Azure,Medium,7.4,29.4,Bangalore,2026-01-14T14:00,2026-01-15T19:24
T00810,Machine Learning,SQL|TensorFlow,Medium,7.7,28.0,Pune,2026-04-13T19:00,2026-04-14T23:00
T00811,Machine Learning,Deep Learning,Medium,5.7,18.7,Bangalore,2026-02-03T07:00,2026-02-04T01:42
T00812,Cloud/DevOps,AWS|Docker|Kubernetes,High,9.0,24.4,Kolkata,2026-06-09T00:00,2026-06-10T00:24
T00813,Cybersecurity,Linux|Cybersecurity|Azure,Medium,5.1,15.1,Mumbai,2026-07-25T12:00,2026-07-26T03:06
T00814,Cybersecurity,AWS|Azure,Medium,3.1,12.0,Chennai,2026-05-21T17:00,2026-05-22T05:00
T00815,Database,PostgreSQL|Java,Medium,7.6,37.3,Remote,2026-04-16T16:00,2026-04-18T05:18
T00816,Data Engineering,AWS|Python|Azure,High,6.8,15.5,Mumbai,2026-04-23T21:00,2026-04-24T12:30
T00817,Machine Learning,PyTorch,Medium,7.6,18.9,Mumbai,2026-07-03T03:00,2026-07-03T21:54
T00818,Cybersecurity,Azure,High,3.6,8.0,Bangalore,2026-04-24T12:00,2026-04-24T20:00
T00819,Testing,Java,High,7.0,18.4,Delhi,2026-04-08T00:00,2026-04-08T18:24
T00820,Cybersecurity,Python,High,3.1,7.9,Delhi,2026-08-13T01:00,2026-08-13T08:54
T00821,Software Development,C++|Node.js|Spring Boot,Critical,2.8,3.8,Remote,2026-01-08T06:00,2026-01-08T09:48
T00822,Cloud/DevOps,Linux|AWS,Medium,5.8,28.5,Remote,2026-04-17T22:00,2026-04-19T02:30
T00823,Cybersecurity,AWS|Cybersecurity,Medium,5.4,15.4,Remote,2026-06-11T06:00,2026-06-11T21:24
T00824,Machine Learning,Python|TensorFlow,High,8.1,19.2,Chennai,2026-06-23T07:00,2026-06-24T02:12
T00825,Machine Learning,Deep Learning|TensorFlow,Medium,7.1,31.4,Coimbatore,2026-05-17T00:00,2026-05-18T07:24
T00826,Support,Linux,High,5.9,10.1,Remote,2026-02-02T22:00,2026-02-03T08:06
T00827,Support,AWS|Linux|SQL,High,4.5,9.0,Bangalore,2026-06-12T00:00,2026-06-12T09:00
T00828,Cloud/DevOps,Linux|Python|Kubernetes,High,4.8,11.2,Kolkata,2026-01-13T20:00,2026-01-14T07:12
T00829,Database,PostgreSQL|MongoDB,Medium,5.8,24.5,Coimbatore,2026-07-06T14:00,2026-07-07T14:30
T00830,Cybersecurity,Cybersecurity|AWS|Azure,High,2.1,6.0,Kolkata,2026-02-06T05:00,2026-02-06T11:00
T00831,Software Development,React|Python,High,6.1,17.1,Delhi,2026-02-09T04:00,2026-02-09T21:06
T00832,Software Development,Java|React,Critical,4.6,7.9,Remote,2026-05-17T16:00,2026-05-17T23:54
T00833,Data Engineering,Spark,Medium,3.3,13.7,Remote,2026-08-11T07:00,2026-08-11T20:42
T00834,Testing,SQL|Java,Critical,8.2,12.0,Kolkata,2026-07-26T17:00,2026-07-27T05:00
T00835,Cloud/DevOps,Azure|Python,Medium,7.3,16.7,Kolkata,2026-01-04T17:00,2026-01-05T09:42
T00836,Bug Fix,Node.js,Medium,4.0,14.7,Hyderabad,2026-04-24T08:00,2026-04-24T22:42
T00837,Software Development,JavaScript,Medium,10.4,43.6,Mumbai,2026-04-29T02:00,2026-04-30T21:36
T00838,Cybersecurity,Azure|Linux,Low,2.2,24.0,Pune,2026-08-02T12:00,2026-08-03T12:00
T00839,Bug Fix,SQL,Medium,7.2,26.8,Remote,2026-07-12T18:00,2026-07-13T20:48
T00840,Testing,JavaScript|SQL|Selenium,Medium,4.3,19.9,Mumbai,2026-07-26T19:00,2026-07-27T14:54
T00841,Software Development,Node.js,High,5.4,10.6,Coimbatore,2026-01-27T22:00,2026-01-28T08:36
T00842,Support,Python|Azure,High,3.0,6.0,Coimbatore,2026-03-24T13:00,2026-03-24T19:00
T00843,Machine Learning,SQL,High,16.6,38.9,Kolkata,2026-07-27T00:00,2026-07-28T14:54
T00844,Testing,Selenium|SQL|Python,Medium,3.4,12.0,Mumbai,2026-08-26T15:00,2026-08-27T03:00
T00845,Machine Learning,PyTorch|Machine Learning|TensorFlow,Medium,4.2,12.0,Remote,2026-05-26T03:00,2026-05-26T15:00
T00846,Cloud/DevOps,Docker,Critical,6.0,7.7,Pune,2026-04-17T07:00,2026-04-17T14:42
T00847,Database,SQL|MongoDB,Medium,2.7,12.0,Kolkata,2026-08-08T09:00,2026-08-08T21:00
T00848,Database,PostgreSQL|Python,High,7.7,12.7,Mumbai,2026-07-27T18:00,2026-07-28T06:42
T00849,Data Engineering,Azure|SQL|AWS,Low,8.0,41.7,Chennai,2026-01-11T05:00,2026-01-12T22:42
T00850,Bug Fix,JavaScript|Python|Node.js,High,4.0,11.4,Bangalore,2026-04-18T15:00,2026-04-19T02:24
T00851,Cloud/DevOps,AWS|Kubernetes|Linux,High,6.9,18.9,Remote,2026-07-20T16:00,2026-07-21T10:54
T00852,Testing,Java,Medium,4.8,16.9,Bangalore,2026-02-20T17:00,2026-02-21T09:54
T00853,Software Development,JavaScript|Node.js,Medium,4.5,18.4,Remote,2026-08-06T05:00,2026-08-06T23:24
T00854,Bug Fix,Java,Medium,3.8,14.7,Chennai,2026-06-08T09:00,2026-06-08T23:42
T00855,Software Development,Spring Boot,Medium,1.8,12.0,Hyderabad,2026-02-28T04:00,2026-02-28T16:00
T00856,Testing,SQL,High,4.5,8.9,Hyderabad,2026-02-15T16:00,2026-02-16T00:54
T00857,Testing,Java,Critical,4.3,5.0,Mumbai,2026-03-06T15:00,2026-03-06T20:00
T00858,Cloud/DevOps,Python|Linux,Medium,10.9,23.0,Remote,2026-07-17T21:00,2026-07-18T20:00
T00859,Data Engineering,AWS|SQL|PostgreSQL,Medium,2.8,12.0,Pune,2026-05-13T00:00,2026-05-13T12:00
T00860,Support,Java,Medium,6.2,21.2,Kolkata,2026-02-01T08:00,2026-02-02T05:12
T00861,Cloud/DevOps,Linux|Kubernetes,High,9.5,15.7,Mumbai,2026-07-20T16:00,2026-07-21T07:42
T00862,Data Engineering,PostgreSQL|Spark,Medium,8.8,27.1,Bangalore,2026-01-04T01:00,2026-01-05T04:06
T00863,Support,SQL,Medium,7.5,30.6,Delhi,2026-06-09T17:00,2026-06-10T23:36
T00864,Machine Learning,SQL|Deep Learning,High,5.9,9.2,Hyderabad,2026-06-12T00:00,2026-06-12T09:12
T00865,Bug Fix,Spring Boot|JavaScript,Critical,5.5,8.0,Pune,2026-06-23T10:00,2026-06-23T18:00
T00866,Support,AWS,High,3.9,11.5,Coimbatore,2026-07-24T02:00,2026-07-24T13:30
T00867,Data Engineering,PostgreSQL|Azure,Medium,9.2,20.6,Hyderabad,2026-04-16T22:00,2026-04-17T18:36
T00868,Cybersecurity,Linux,Medium,7.3,14.7,Bangalore,2026-03-11T18:00,2026-03-12T08:42
T00869,Bug Fix,Node.js|C++,Medium,3.9,12.2,Kolkata,2026-04-29T00:00,2026-04-29T12:12
T00870,Bug Fix,Python|JavaScript,High,8.2,17.1,Coimbatore,2026-03-25T05:00,2026-03-25T22:06
T00871,Database,Java|SQL|Python,High,4.3,8.8,Remote,2026-04-29T18:00,2026-04-30T02:48
T00872,Cybersecurity,Linux,Low,4.4,24.0,Mumbai,2026-01-01T22:00,2026-01-02T22:00
T00873,Data Engineering,SQL|Spark,Medium,7.8,21.7,Delhi,2026-05-12T11:00,2026-05-13T08:42
T00874,Data Engineering,Azure|AWS,High,5.8,14.7,Coimbatore,2026-03-03T15:00,2026-03-04T05:42
T00875,Cybersecurity,Linux,Medium,6.6,22.2,Kolkata,2026-08-13T05:00,2026-08-14T03:12
T00876,Cybersecurity,Cybersecurity|Python,Medium,7.4,32.7,Kolkata,2026-08-12T13:00,2026-08-13T21:42
T00877,Cloud/DevOps,Python|Docker,High,3.9,10.3,Coimbatore,2026-06-21T17:00,2026-06-22T03:18
T00878,Software Development,Spring Boot|Node.js,Medium,6.2,28.6,Delhi,2026-02-21T16:00,2026-02-22T20:36
T00879,Database,SQL|Java,High,5.8,13.9,Mumbai,2026-01-17T22:00,2026-01-18T11:54
T00880,Cybersecurity,Python|Cybersecurity,Medium,4.1,12.0,Mumbai,2026-03-28T12:00,2026-03-29T00:00
T00881,Software Development,Java|JavaScript|C++,Medium,5.4,19.5,Bangalore,2026-04-12T23:00,2026-04-13T18:30
T00882,Database,MongoDB|Java,Critical,7.3,12.2,Remote,2026-02-19T17:00,2026-02-20T05:12
T00883,Database,SQL,Medium,15.1,34.8,Remote,2026-07-14T14:00,2026-07-16T00:48
T00884,Cloud/DevOps,Python|Docker|Kubernetes,Medium,2.3,12.0,Coimbatore,2026-01-28T06:00,2026-01-28T18:00
T00885,Bug Fix,Node.js,Medium,4.4,20.1,Hyderabad,2026-05-29T07:00,2026-05-30T03:06
T00886,Software Development,Node.js|React,Medium,9.5,38.6,Bangalore,2026-08-26T08:00,2026-08-27T22:36
T00887,Support,SQL|AWS|Python,Critical,7.2,10.0,Chennai,2026-04-05T20:00,2026-04-06T06:00
T00888,Data Engineering,Spark|PostgreSQL,Medium,10.3,27.4,Chennai,2026-05-22T19:00,2026-05-23T22:24
T00889,Machine Learning,PyTorch,Medium,15.5,58.3,Remote,2026-04-22T04:00,2026-04-24T14:18
T00890,Support,Python|AWS,Low,5.0,26.1,Kolkata,2026-04-23T14:00,2026-04-24T16:06
T00891,Machine Learning,SQL|Machine Learning|TensorFlow,Medium,6.4,16.8,Remote,2026-06-20T16:00,2026-06-21T08:48
T00892,Testing,Python|SQL,High,4.0,8.6,Chennai,2026-05-07T09:00,2026-05-07T17:36
T00893,Support,Python|Linux|Azure,Critical,2.9,4.9,Coimbatore,2026-04-08T06:00,2026-04-08T10:54
T00894,Machine Learning,Python,Medium,4.5,19.5,Delhi,2026-05-16T10:00,2026-05-17T05:30
T00895,Cybersecurity,Linux|AWS,Critical,2.9,4.5,Mumbai,2026-07-08T03:00,2026-07-08T07:30
T00896,Support,Python|Linux|Azure,Medium,5.1,17.1,Bangalore,2026-06-21T19:00,2026-06-22T12:06
T00897,Testing,JavaScript,High,10.8,27.3,Coimbatore,2026-05-17T22:00,2026-05-19T01:18
T00898,Cybersecurity,AWS|Linux,High,6.7,16.3,Coimbatore,2026-05-12T05:00,2026-05-12T21:18
T00899,Cybersecurity,Python,High,3.0,7.6,Mumbai,2026-07-25T00:00,2026-07-25T07:36
T00900,Cybersecurity,Azure|Linux|Cybersecurity,Medium,7.5,25.6,Hyderabad,2026-01-09T03:00,2026-01-10T04:36
T00901,Data Engineering,Python|Azure,Medium,5.8,22.1,Hyderabad,2026-04-21T12:00,2026-04-22T10:06
T00902,Database,SQL|MongoDB|Java,Medium,7.2,30.6,Delhi,2026-03-02T17:00,2026-03-03T23:36
T00903,Database,SQL|Python,Critical,11.4,18.3,Remote,2026-06-27T18:00,2026-06-28T12:18
T00904,Support,SQL|Python|AWS,High,15.1,23.6,Delhi,2026-08-10T05:00,2026-08-11T04:36
T00905,Database,SQL|Java,Low,2.1,24.0,Coimbatore,2026-06-24T23:00,2026-06-25T23:00
T00906,Cloud/DevOps,Python|Docker,Low,4.1,24.0,Mumbai,2026-02-28T01:00,2026-03-01T01:00
T00907,Bug Fix,C++|Spring Boot,High,8.1,20.5,Mumbai,2026-08-08T12:00,2026-08-09T08:30
T00908,Testing,Python|Selenium|SQL,Low,4.9,24.0,Mumbai,2026-06-04T02:00,2026-06-05T02:00
T00909,Testing,Java|Python|JavaScript,High,7.0,19.0,Bangalore,2026-04-10T18:00,2026-04-11T13:00
T00910,Testing,Python|Java,Low,4.4,26.1,Pune,2026-02-20T09:00,2026-02-21T11:06
T00911,Support,AWS|Python|Azure,High,4.1,7.1,Remote,2026-05-05T16:00,2026-05-05T23:06
T00912,Support,Python|Azure,High,10.4,23.2,Delhi,2026-04-18T15:00,2026-04-19T14:12
T00913,Bug Fix,Python|JavaScript,Medium,3.0,12.6,Coimbatore,2026-01-06T05:00,2026-01-06T17:36
T00914,Machine Learning,TensorFlow|SQL,Medium,17.1,74.6,Hyderabad,2026-08-11T05:00,2026-08-14T07:36
T00915,Cloud/DevOps,AWS|Kubernetes|Python,Critical,6.0,10.6,Remote,2026-03-11T12:00,2026-03-11T22:36
T00916,Software Development,Node.js|C++,Medium,2.9,12.0,Hyderabad,2026-01-28T11:00,2026-01-28T23:00
T00917,Database,SQL,Critical,4.7,7.6,Coimbatore,2026-03-20T07:00,2026-03-20T14:36
T00918,Support,SQL|Linux,Medium,7.0,23.7,Remote,2026-02-15T14:00,2026-02-16T13:42
T00919,Cloud/DevOps,AWS|Azure|Kubernetes,Low,4.0,24.0,Hyderabad,2026-01-18T19:00,2026-01-19T19:00
T00920,Database,Java|SQL,Medium,7.1,14.2,Delhi,2026-07-24T14:00,2026-07-25T04:12
T00921,Testing,Java|Python,Medium,7.5,21.7,Remote,2026-07-25T15:00,2026-07-26T12:42
T00922,Cloud/DevOps,Python|Linux,Medium,6.7,28.6,Bangalore,2026-03-27T08:00,2026-03-28T12:36
T00923,Software Development,Node.js|React,Medium,2.1,12.0,Coimbatore,2026-06-16T19:00,2026-06-17T07:00
T00924,Cloud/DevOps,Python|Linux|Azure,Medium,4.0,12.0,Pune,2026-06-01T15:00,2026-06-02T03:00
T00925,Support,SQL|Java,Critical,3.0,4.0,Hyderabad,2026-04-20T14:00,2026-04-20T18:00
T00926,Data Engineering,AWS,High,4.5,9.9,Remote,2026-05-16T14:00,2026-05-16T23:54
T00927,Testing,Python,Medium,8.9,21.7,Mumbai,2026-05-23T16:00,2026-05-24T13:42
T00928,Cloud/DevOps,Docker|Kubernetes,Medium,4.9,12.0,Kolkata,2026-05-02T04:00,2026-05-02T16:00
T00929,Software Development,Python|C++|JavaScript,Medium,5.2,22.7,Mumbai,2026-04-04T23:00,2026-04-05T21:42
T00930,Support,Linux|Azure|Python,High,4.0,8.0,Kolkata,2026-07-10T20:00,2026-07-11T04:00
T00931,Database,Python,High,11.1,21.3,Remote,2026-07-22T18:00,2026-07-23T15:18
T00932,Cybersecurity,Cybersecurity,Low,4.6,24.0,Pune,2026-07-20T10:00,2026-07-21T10:00
T00933,Database,SQL,Medium,8.6,21.1,Bangalore,2026-02-08T06:00,2026-02-09T03:06
T00934,Testing,Java|Selenium|JavaScript,Medium,7.6,21.1,Remote,2026-07-21T16:00,2026-07-22T13:06
T00935,Software Development,C++,High,15.5,40.4,Mumbai,2026-04-10T20:00,2026-04-12T12:24
T00936,Machine Learning,Deep Learning,Medium,5.7,23.0,Pune,2026-06-02T13:00,2026-06-03T12:00
T00937,Software Development,Java,High,4.5,12.1,Remote,2026-03-29T12:00,2026-03-30T00:06
T00938,Support,SQL|AWS,Medium,2.9,12.7,Remote,2026-01-21T22:00,2026-01-22T10:42
T00939,Testing,Python|Selenium|JavaScript,Low,2.9,24.0,Bangalore,2026-06-18T07:00,2026-06-19T07:00
T00940,Bug Fix,Spring Boot|Node.js|Python,High,8.6,16.5,Kolkata,2026-06-25T15:00,2026-06-26T07:30
T00941,Cloud/DevOps,Azure,High,4.6,11.7,Delhi,2026-02-22T07:00,2026-02-22T18:42
T00942,Cybersecurity,Python|Cybersecurity|Azure,High,5.6,10.3,Mumbai,2026-01-08T16:00,2026-01-09T02:18
T00943,Database,PostgreSQL|MongoDB|Python,High,4.5,6.9,Remote,2026-07-02T02:00,2026-07-02T08:54
T00944,Data Engineering,Spark|Python|Azure,High,4.6,13.7,Hyderabad,2026-01-14T20:00,2026-01-15T09:42
T00945,Cloud/DevOps,Azure,High,5.7,15.1,Remote,2026-03-16T12:00,2026-03-17T03:06
T00946,Bug Fix,Node.js,Critical,7.3,11.9,Coimbatore,2026-02-12T22:00,2026-02-13T09:54
T00947,Cloud/DevOps,Docker|Kubernetes|Azure,Medium,3.2,12.0,Remote,2026-06-17T07:00,2026-06-17T19:00
T00948,Database,SQL,Medium,1.2,12.0,Mumbai,2026-02-08T14:00,2026-02-09T02:00
T00949,Bug Fix,SQL|C++,Medium,7.2,24.6,Pune,2026-04-17T04:00,2026-04-18T04:36
T00950,Cloud/DevOps,Azure,High,6.1,13.4,Chennai,2026-08-10T08:00,2026-08-10T21:24
T00951,Machine Learning,SQL|Deep Learning|PyTorch,High,9.2,16.2,Remote,2026-01-22T06:00,2026-01-22T22:12
T00952,Data Engineering,Python|SQL,Low,4.1,24.0,Pune,2026-02-22T01:00,2026-02-23T01:00
T00953,Cloud/DevOps,AWS,Medium,3.4,12.9,Remote,2026-08-01T15:00,2026-08-02T03:54
T00954,Data Engineering,Python,Medium,4.1,12.0,Kolkata,2026-02-28T07:00,2026-02-28T19:00
T00955,Cybersecurity,AWS|Linux|Python,High,9.1,18.1,Remote,2026-06-08T21:00,2026-06-09T15:06
T00956,Bug Fix,Spring Boot|C++,High,6.4,14.5,Bangalore,2026-05-06T03:00,2026-05-06T17:30
T00957,Bug Fix,Java|C++|Spring Boot,Medium,6.8,18.7,Pune,2026-03-19T08:00,2026-03-20T02:42
T00958,Database,Java|MongoDB|SQL,Medium,5.4,22.7,Chennai,2026-04-23T13:00,2026-04-24T11:42
T00959,Software Development,Python,Low,11.3,47.3,Delhi,2026-05-12T19:00,2026-05-14T18:18
T00960,Software Development,React|C++|JavaScript,Medium,5.7,18.9,Pune,2026-04-21T11:00,2026-04-22T05:54
T00961,Support,Java|Linux,Medium,9.5,34.6,Coimbatore,2026-08-13T02:00,2026-08-14T12:36
T00962,Cloud/DevOps,Docker|AWS|Python,Medium,8.0,33.1,Bangalore,2026-08-17T09:00,2026-08-18T18:06
T00963,Testing,SQL|Selenium,Critical,6.1,9.6,Chennai,2026-04-30T00:00,2026-04-30T09:36
T00964,Cloud/DevOps,Linux|Azure|AWS,High,5.2,15.2,Remote,2026-03-10T04:00,2026-03-10T19:12
T00965,Cloud/DevOps,AWS,High,12.6,23.2,Bangalore,2026-02-27T07:00,2026-02-28T06:12
T00966,Cybersecurity,Python,Low,11.0,54.4,Remote,2026-07-04T23:00,2026-07-07T05:24
T00967,Database,MongoDB|PostgreSQL,High,5.1,13.1,Pune,2026-05-25T03:00,2026-05-25T16:06
T00968,Bug Fix,SQL,Medium,17.3,84.0,Hyderabad,2026-03-13T15:00,2026-03-17T03:00
T00969,Data Engineering,PostgreSQL|Azure|SQL,Medium,5.2,25.2,Bangalore,2026-05-14T22:00,2026-05-15T23:12
T00970,Bug Fix,C++|Node.js|Python,Medium,4.1,12.2,Coimbatore,2026-05-18T09:00,2026-05-18T21:12
T00971,Testing,Selenium|SQL|JavaScript,High,5.0,13.1,Kolkata,2026-06-28T01:00,2026-06-28T14:06
T00972,Bug Fix,JavaScript|SQL|Java,Medium,5.6,25.9,Kolkata,2026-02-22T19:00,2026-02-23T20:54
T00973,Machine Learning,Python|SQL|Deep Learning,Medium,10.2,41.9,Delhi,2026-04-10T17:00,2026-04-12T10:54
T00974,Software Development,Java|JavaScript|Spring Boot,Critical,7.1,11.1,Pune,2026-05-25T07:00,2026-05-25T18:06
T00975,Bug Fix,Java,High,5.8,10.6,Delhi,2026-05-03T02:00,2026-05-03T12:36
T00976,Testing,SQL,Medium,9.1,32.4,Delhi,2026-08-16T13:00,2026-08-17T21:24
T00977,Bug Fix,SQL|C++|Java,Medium,4.3,20.3,Delhi,2026-01-15T17:00,2026-01-16T13:18
T00978,Software Development,Spring Boot|React,High,6.8,19.8,Delhi,2026-05-15T18:00,2026-05-16T13:48
T00979,Software Development,Node.js,Medium,7.0,20.1,Delhi,2026-08-17T18:00,2026-08-18T14:06
T00980,Database,MongoDB|Java,Medium,9.9,43.1,Mumbai,2026-01-11T01:00,2026-01-12T20:06
T00981,Testing,Java,Medium,13.3,56.2,Mumbai,2026-06-06T18:00,2026-06-09T02:12
T00982,Database,MongoDB,Medium,7.0,34.3,Mumbai,2026-03-01T02:00,2026-03-02T12:18
T00983,Bug Fix,Java|C++|Spring Boot,Medium,6.0,18.9,Pune,2026-04-15T18:00,2026-04-16T12:54
T00984,Cloud/DevOps,Kubernetes|Docker,High,10.1,16.8,Remote,2026-06-16T01:00,2026-06-16T17:48
T00985,Support,Azure|AWS|Java,High,6.3,16.0,Hyderabad,2026-04-17T08:00,2026-04-18T00:00
T00986,Bug Fix,Node.js|C++|Spring Boot,High,4.0,8.1,Bangalore,2026-02-02T05:00,2026-02-02T13:06
T00987,Bug Fix,SQL|JavaScript|Node.js,Medium,5.7,20.8,Pune,2026-05-12T20:00,2026-05-13T16:48
T00988,Database,PostgreSQL,Medium,3.3,12.0,Chennai,2026-01-10T08:00,2026-01-10T20:00
T00989,Machine Learning,PyTorch,Medium,5.4,27.0,Hyderabad,2026-04-12T16:00,2026-04-13T19:00
T00990,Data Engineering,AWS|PostgreSQL|Azure,High,8.2,16.9,Hyderabad,2026-05-22T02:00,2026-05-22T18:54
T00991,Support,SQL|Linux,Medium,14.0,61.4,Remote,2026-04-20T15:00,2026-04-23T04:24
T00992,Bug Fix,C++|Spring Boot|Node.js,Medium,10.9,45.3,Remote,2026-02-14T07:00,2026-02-16T04:18
T00993,Database,Java|SQL,Medium,5.3,12.0,Bangalore,2026-03-18T19:00,2026-03-19T07:00
T00994,Support,AWS|SQL,High,5.6,8.9,Mumbai,2026-01-08T22:00,2026-01-09T06:54
T00995,Testing,Python|Selenium|JavaScript,Medium,4.8,12.0,Delhi,2026-01-23T16:00,2026-01-24T04:00
T00996,Database,Java|MongoDB,Medium,9.3,45.0,Bangalore,2026-03-15T19:00,2026-03-17T16:00
T00997,Cloud/DevOps,Linux,Low,9.7,66.7,Coimbatore,2026-07-04T13:00,2026-07-07T07:42
T00998,Bug Fix,Spring Boot|C++|Python,High,3.7,9.8,Bangalore,2026-07-29T21:00,2026-07-30T06:48
T00999,Software Development,React|Spring Boot|Java,Medium,3.5,14.4,Delhi,2026-03-04T05:00,2026-03-04T19:24
T01000,Cybersecurity,AWS|Linux|Azure,Medium,5.0,16.5,Pune,2026-05-20T11:00,2026-05-21T03:30
T01001,Bug Fix,JavaScript,Medium,7.0,29.8,Remote,2026-06-20T22:00,2026-06-22T03:48
T01002,Software Development,Java|Node.js|C++,High,4.9,13.2,Remote,2026-03-30T08:00,2026-03-30T21:12
T01003,Cloud/DevOps,Azure,Medium,6.7,17.8,Mumbai,2026-07-12T16:00,2026-07-13T09:48
T01004,Data Engineering,Spark|AWS|SQL,High,4.5,12.3,Chennai,2026-02-03T11:00,2026-02-03T23:18
T01005,Software Development,C++|Java|JavaScript,Critical,2.3,3.5,Bangalore,2026-08-01T17:00,2026-08-01T20:30
T01006,Database,Java,Medium,6.8,22.9,Remote,2026-02-04T09:00,2026-02-05T07:54
T01007,Database,Java,Low,4.8,37.4,Kolkata,2026-05-14T02:00,2026-05-15T15:24
T01008,Cybersecurity,Python,Low,12.3,88.8,Remote,2026-03-06T15:00,2026-03-10T07:48
T01009,Support,Azure,High,12.4,31.7,Remote,2026-02-04T02:00,2026-02-05T09:42
T01010,Support,Linux|Java|AWS,Low,8.0,49.1,Delhi,2026-05-15T22:00,2026-05-17T23:06
T01011,Cybersecurity,AWS,Low,3.0,24.0,Pune,2026-05-29T21:00,2026-05-30T21:00
T01012,Testing,Selenium|JavaScript|SQL,Critical,4.2,7.3,Remote,2026-06-20T05:00,2026-06-20T12:18
T01013,Cloud/DevOps,AWS|Linux|Python,Low,5.0,39.1,Chennai,2026-03-01T13:00,2026-03-03T04:06
T01014,Cybersecurity,Azure|Linux|Python,Medium,4.0,12.0,Remote,2026-08-22T21:00,2026-08-23T09:00
T01015,Software Development,Python|Spring Boot,Low,5.1,25.2,Hyderabad,2026-01-06T16:00,2026-01-07T17:12
T01016,Cybersecurity,Linux,Low,3.3,24.5,Delhi,2026-05-08T06:00,2026-05-09T06:30
T01017,Testing,Python,Medium,3.3,12.0,Kolkata,2026-08-21T14:00,2026-08-22T02:00
T01018,Software Development,Spring Boot|React|Java,High,5.3,9.7,Coimbatore,2026-03-28T21:00,2026-03-29T06:42
T01019,Data Engineering,Python|SQL,Medium,2.2,12.0,Delhi,2026-02-09T17:00,2026-02-10T05:00
T01020,Support,Java|AWS,Medium,8.4,39.1,Hyderabad,2026-04-08T14:00,2026-04-10T05:06
T01021,Support,Linux|Azure,Medium,3.0,12.0,Chennai,2026-01-30T21:00,2026-01-31T09:00
T01022,Data Engineering,Azure,High,3.6,7.8,Bangalore,2026-05-13T20:00,2026-05-14T03:48
T01023,Software Development,Node.js|Python|Spring Boot,High,4.8,10.5,Chennai,2026-06-01T06:00,2026-06-01T16:30
T01024,Cybersecurity,Python,Medium,3.4,12.0,Kolkata,2026-05-14T22:00,2026-05-15T10:00
T01025,Database,PostgreSQL,High,4.9,11.4,Mumbai,2026-01-10T00:00,2026-01-10T11:24
T01026,Bug Fix,Java|Spring Boot|Node.js,Medium,6.7,32.1,Mumbai,2026-01-20T17:00,2026-01-22T01:06
T01027,Data Engineering,Azure,Medium,4.9,21.8,Remote,2026-01-14T11:00,2026-01-15T08:48
T01028,Machine Learning,Python|PyTorch|SQL,Low,9.7,56.8,Delhi,2026-02-11T05:00,2026-02-13T13:48
T01029,Cybersecurity,Linux|AWS,High,3.9,6.7,Remote,2026-04-07T18:00,2026-04-08T00:42
T01030,Machine Learning,Deep Learning,High,5.4,14.6,Bangalore,2026-05-04T07:00,2026-05-04T21:36
T01031,Database,Java|PostgreSQL,Critical,2.8,3.5,Delhi,2026-01-15T21:00,2026-01-16T00:30
T01032,Cybersecurity,AWS|Azure,Critical,5.8,9.1,Bangalore,2026-05-25T02:00,2026-05-25T11:06
T01033,Machine Learning,Machine Learning,High,16.6,43.1,Remote,2026-07-01T06:00,2026-07-03T01:06
T01034,Database,Python|MongoDB|Java,Medium,5.1,18.5,Kolkata,2026-05-05T10:00,2026-05-06T04:30
T01035,Cybersecurity,Linux,Medium,6.3,19.9,Remote,2026-04-13T21:00,2026-04-14T16:54
T01036,Data Engineering,Python|SQL,Medium,7.2,30.5,Remote,2026-05-28T18:00,2026-05-30T00:30
T01037,Cybersecurity,Linux|Azure|AWS,Medium,2.8,12.0,Kolkata,2026-02-23T13:00,2026-02-24T01:00
T01038,Support,Azure|SQL|AWS,High,8.9,25.4,Hyderabad,2026-04-19T07:00,2026-04-20T08:24
T01039,Machine Learning,Python|Deep Learning,High,5.6,9.9,Pune,2026-02-21T18:00,2026-02-22T03:54
T01040,Support,Linux,Medium,5.1,19.8,Pune,2026-02-05T00:00,2026-02-05T19:48
T01041,Machine Learning,SQL,Critical,5.8,9.5,Remote,2026-08-24T21:00,2026-08-25T06:30
T01042,Cloud/DevOps,Linux|Python,Medium,13.3,61.9,Coimbatore,2026-08-24T06:00,2026-08-26T19:54
T01043,Bug Fix,Python,High,6.9,18.6,Coimbatore,2026-05-07T15:00,2026-05-08T09:36
T01044,Database,Java,High,5.6,15.6,Hyderabad,2026-05-02T10:00,2026-05-03T01:36
T01045,Testing,Selenium|SQL|Java,Critical,3.8,5.0,Kolkata,2026-06-25T14:00,2026-06-25T19:00
T01046,Cloud/DevOps,Docker,High,8.7,14.1,Remote,2026-05-29T03:00,2026-05-29T17:06
T01047,Data Engineering,Python|AWS|Azure,Medium,3.9,12.3,Pune,2026-01-12T02:00,2026-01-12T14:18
T01048,Cybersecurity,Python|AWS,Medium,8.8,30.5,Pune,2026-08-27T05:00,2026-08-28T11:30
T01049,Database,SQL|MongoDB|Python,High,7.8,13.8,Coimbatore,2026-01-29T19:00,2026-01-30T08:48
T01050,Machine Learning,Python,Low,12.7,48.0,Kolkata,2026-02-22T22:00,2026-02-24T22:00
T01051,Cloud/DevOps,AWS|Linux|Python,Low,9.0,59.3,Coimbatore,2026-08-04T18:00,2026-08-07T05:18
T01052,Cybersecurity,Linux|Azure|Cybersecurity,High,4.8,8.6,Hyderabad,2026-01-02T16:00,2026-01-03T00:36
T01053,Data Engineering,Spark|AWS,High,4.6,10.6,Hyderabad,2026-06-19T10:00,2026-06-19T20:36
T01054,Bug Fix,SQL|Java|Python,Medium,2.9,12.0,Remote,2026-08-28T07:00,2026-08-28T19:00
T01055,Support,Java|Linux|Python,Medium,5.1,12.0,Pune,2026-05-22T02:00,2026-05-22T14:00
T01056,Data Engineering,Python,Low,3.8,24.0,Delhi,2026-04-07T10:00,2026-04-08T10:00
T01057,Database,SQL,Medium,8.8,42.9,Remote,2026-01-28T15:00,2026-01-30T09:54
T01058,Cloud/DevOps,Docker|Kubernetes,Medium,4.4,16.0,Hyderabad,2026-03-31T22:00,2026-04-01T14:00
T01059,Data Engineering,Azure,Medium,5.7,27.2,Delhi,2026-03-20T05:00,2026-03-21T08:12
T01060,Database,PostgreSQL|Java,High,3.0,6.0,Mumbai,2026-06-08T15:00,2026-06-08T21:00
T01061,Cybersecurity,Linux|Azure|Python,Critical,5.8,7.2,Kolkata,2026-01-06T03:00,2026-01-06T10:12
T01062,Data Engineering,AWS|Spark,Medium,5.8,19.1,Bangalore,2026-05-15T06:00,2026-05-16T01:06
T01063,Software Development,Java|C++,Critical,9.0,10.8,Remote,2026-06-16T17:00,2026-06-17T03:48
T01064,Machine Learning,TensorFlow|Python,Critical,7.0,9.2,Remote,2026-06-19T01:00,2026-06-19T10:12
T01065,Bug Fix,Python|Node.js|JavaScript,Medium,4.4,12.0,Remote,2026-05-27T19:00,2026-05-28T07:00
T01066,Bug Fix,Spring Boot,Medium,14.0,65.9,Kolkata,2026-06-12T00:00,2026-06-14T17:54
T01067,Support,AWS|Java,High,10.0,28.7,Remote,2026-04-07T03:00,2026-04-08T07:42
T01068,Machine Learning,TensorFlow,Medium,9.3,43.2,Delhi,2026-07-28T09:00,2026-07-30T04:12
T01069,Cloud/DevOps,Linux,Medium,12.4,60.4,Pune,2026-02-21T00:00,2026-02-23T12:24
T01070,Database,PostgreSQL|MongoDB,High,3.7,8.2,Hyderabad,2026-01-24T05:00,2026-01-24T13:12
T01071,Software Development,JavaScript|Node.js,Medium,4.1,12.1,Mumbai,2026-08-05T11:00,2026-08-05T23:06
T01072,Support,Azure,Medium,13.7,39.5,Chennai,2026-07-26T19:00,2026-07-28T10:30
T01073,Support,Java|Linux|Python,Medium,4.8,12.0,Delhi,2026-03-08T21:00,2026-03-09T09:00
T01074,Cloud/DevOps,Azure|Kubernetes,High,6.7,17.7,Coimbatore,2026-01-28T05:00,2026-01-28T22:42
T01075,Database,PostgreSQL|Python,Medium,6.6,13.5,Chennai,2026-04-04T17:00,2026-04-05T06:30
T01076,Support,Java|Linux,Medium,8.8,34.2,Mumbai,2026-04-22T19:00,2026-04-24T05:12
T01077,Data Engineering,AWS|Python,High,3.4,6.0,Remote,2026-05-16T09:00,2026-05-16T15:00
T01078,Data Engineering,Python|Azure,Low,4.2,27.6,Coimbatore,2026-01-20T10:00,2026-01-21T13:36
T01079,Cloud/DevOps,AWS|Kubernetes,Medium,3.4,12.0,Delhi,2026-05-04T08:00,2026-05-04T20:00
T01080,Cybersecurity,Linux|Cybersecurity|AWS,Medium,4.7,18.5,Remote,2026-08-08T10:00,2026-08-09T04:30
T01081,Software Development,C++|Spring Boot|Python,Medium,4.0,12.7,Delhi,2026-01-09T15:00,2026-01-10T03:42
T01082,Support,Python|SQL,High,8.4,13.1,Remote,2026-01-07T22:00,2026-01-08T11:06
T01083,Machine Learning,PyTorch,Medium,5.3,24.6,Remote,2026-01-13T15:00,2026-01-14T15:36
T01084,Cybersecurity,Linux,Medium,4.1,14.5,Bangalore,2026-02-26T09:00,2026-02-26T23:30
T01085,Testing,Java|Python,High,4.7,10.2,Kolkata,2026-03-11T04:00,2026-03-11T14:12
T01086,Support,Linux|Azure,Low,5.4,41.4,Hyderabad,2026-07-26T07:00,2026-07-28T00:24
T01087,Testing,Java|Python|JavaScript,Medium,7.0,32.7,Pune,2026-03-10T16:00,2026-03-12T00:42
T01088,Support,Java,Low,5.3,42.0,Remote,2026-03-16T09:00,2026-03-18T03:00
T01089,Database,Java|MongoDB,High,5.1,15.0,Coimbatore,2026-02-26T18:00,2026-02-27T09:00
T01090,Cloud/DevOps,Python,Medium,3.7,12.0,Delhi,2026-01-19T15:00,2026-01-20T03:00
T01091,Software Development,C++|Java,High,4.9,14.2,Hyderabad,2026-08-12T11:00,2026-08-13T01:12
T01092,Software Development,Python|Java,Low,8.3,61.7,Remote,2026-02-11T10:00,2026-02-13T23:42
T01093,Testing,JavaScript,Medium,7.4,16.2,Delhi,2026-04-04T14:00,2026-04-05T06:12
T01094,Software Development,React|C++,Medium,8.0,22.8,Kolkata,2026-01-11T13:00,2026-01-12T11:48
T01095,Testing,Python,Critical,2.8,4.7,Chennai,2026-03-11T13:00,2026-03-11T17:42
T01096,Cybersecurity,AWS|Linux|Python,High,3.5,8.4,Kolkata,2026-07-12T14:00,2026-07-12T22:24
T01097,Support,Java,High,4.8,8.2,Mumbai,2026-06-11T15:00,2026-06-11T23:12
T01098,Data Engineering,PostgreSQL|Spark|Azure,Critical,7.6,11.9,Kolkata,2026-05-20T07:00,2026-05-20T18:54
T01099,Support,Java|Python,Low,4.8,36.6,Kolkata,2026-08-20T00:00,2026-08-21T12:36
T01100,Support,Linux|SQL|Java,Medium,12.6,47.8,Remote,2026-06-04T05:00,2026-06-06T04:48
T01101,Data Engineering,SQL|Azure|PostgreSQL,Low,5.6,30.8,Chennai,2026-08-05T08:00,2026-08-06T14:48
T01102,Bug Fix,Java|JavaScript|Node.js,High,4.3,11.0,Mumbai,2026-06-27T17:00,2026-06-28T04:00
T01103,Bug Fix,C++|JavaScript,Medium,4.7,14.9,Remote,2026-06-17T08:00,2026-06-17T22:54
T01104,Cybersecurity,Cybersecurity|Linux|Python,High,2.5,6.6,Chennai,2026-05-01T05:00,2026-05-01T11:36
T01105,Bug Fix,Python|Java,High,3.3,6.4,Hyderabad,2026-06-22T13:00,2026-06-22T19:24
T01106,Bug Fix,Java,Low,4.9,35.0,Coimbatore,2026-07-05T08:00,2026-07-06T19:00
T01107,Testing,Selenium|SQL,Critical,6.7,9.1,Pune,2026-01-24T06:00,2026-01-24T15:06
T01108,Database,Java|SQL|MongoDB,Medium,3.5,12.0,Kolkata,2026-05-27T15:00,2026-05-28T03:00
T01109,Support,Python,High,6.9,20.4,Kolkata,2026-05-12T08:00,2026-05-13T04:24
T01110,Cybersecurity,AWS,High,3.9,6.4,Hyderabad,2026-01-10T16:00,2026-01-10T22:24
T01111,Bug Fix,Spring Boot|C++,Medium,7.0,20.8,Remote,2026-08-04T20:00,2026-08-05T16:48
T01112,Machine Learning,TensorFlow|Python|PyTorch,High,7.5,11.6,Remote,2026-06-04T09:00,2026-06-04T20:36
T01113,Bug Fix,Python|Spring Boot|JavaScript,High,1.9,6.0,Chennai,2026-06-02T01:00,2026-06-02T07:00
T01114,Bug Fix,Node.js|Spring Boot|Python,Critical,5.0,6.5,Mumbai,2026-03-28T19:00,2026-03-29T01:30
T01115,Bug Fix,Python|Java|SQL,Medium,4.4,18.6,Bangalore,2026-05-27T00:00,2026-05-27T18:36
T01116,Software Development,Python|C++,Medium,15.0,40.3,Kolkata,2026-05-09T23:00,2026-05-11T15:18
T01117,Bug Fix,Python,Low,6.5,31.4,Delhi,2026-08-28T13:00,2026-08-29T20:24
T01118,Support,Java|AWS|SQL,Medium,3.2,13.1,Coimbatore,2026-01-08T09:00,2026-01-08T22:06
T01119,Bug Fix,C++|JavaScript,Medium,6.0,28.7,Bangalore,2026-01-23T14:00,2026-01-24T18:42
T01120,Software Development,Java,Medium,7.5,37.4,Mumbai,2026-02-11T16:00,2026-02-13T05:24
T01121,Testing,Selenium|Java,Medium,4.3,18.2,Delhi,2026-07-10T14:00,2026-07-11T08:12
T01122,Cloud/DevOps,Linux,High,2.5,6.0,Chennai,2026-01-05T04:00,2026-01-05T10:00
T01123,Data Engineering,SQL|PostgreSQL,High,3.8,8.4,Coimbatore,2026-04-14T21:00,2026-04-15T05:24
T01124,Cybersecurity,Azure|Cybersecurity|AWS,High,8.3,21.9,Kolkata,2026-03-01T05:00,2026-03-02T02:54
T01125,Bug Fix,Python|SQL|Spring Boot,High,5.2,9.8,Chennai,2026-06-25T14:00,2026-06-25T23:48
T01126,Software Development,C++|React,Low,4.8,35.2,Bangalore,2026-05-28T18:00,2026-05-30T05:12
T01127,Support,Azure|Linux,Medium,6.2,13.8,Remote,2026-06-13T23:00,2026-06-14T12:48
T01128,Cybersecurity,Azure,Low,8.5,52.8,Mumbai,2026-01-11T22:00,2026-01-14T02:48
T01129,Cybersecurity,AWS|Python,Medium,6.2,18.1,Kolkata,2026-04-06T01:00,2026-04-06T19:06
T01130,Database,Java|PostgreSQL,Medium,3.2,12.0,Remote,2026-06-24T22:00,2026-06-25T10:00
T01131,Bug Fix,C++|JavaScript,Critical,12.2,15.4,Mumbai,2026-07-30T18:00,2026-07-31T09:24
T01132,Machine Learning,Deep Learning|Machine Learning,High,6.1,11.6,Delhi,2026-03-24T02:00,2026-03-24T13:36
T01133,Machine Learning,Machine Learning|Deep Learning|SQL,High,4.7,9.3,Kolkata,2026-08-17T23:00,2026-08-18T08:18
T01134,Support,SQL,High,13.4,24.2,Mumbai,2026-07-18T22:00,2026-07-19T22:12
T01135,Database,PostgreSQL|Python,Medium,4.0,14.4,Bangalore,2026-03-04T20:00,2026-03-05T10:24
T01136,Bug Fix,Java|Spring Boot,High,11.0,32.8,Remote,2026-03-29T07:00,2026-03-30T15:48
T01137,Support,Python|Linux|Java,Low,6.9,34.0,Coimbatore,2026-04-05T22:00,2026-04-07T08:00
T01138,Data Engineering,Spark,High,6.2,10.2,Delhi,2026-02-18T01:00,2026-02-18T11:12
T01139,Software Development,Node.js|Java|Spring Boot,Low,4.8,24.0,Remote,2026-03-12T07:00,2026-03-13T07:00
T01140,Testing,Python|Java|Selenium,Low,7.9,30.5,Delhi,2026-07-15T03:00,2026-07-16T09:30
T01141,Support,SQL|Linux|Azure,Medium,7.9,21.6,Delhi,2026-03-11T17:00,2026-03-12T14:36
T01142,Machine Learning,PyTorch|Machine Learning,High,9.4,14.1,Pune,2026-03-17T19:00,2026-03-18T09:06
T01143,Cybersecurity,Linux|Azure,Low,5.1,25.1,Remote,2026-05-29T22:00,2026-05-30T23:06
T01144,Software Development,C++|JavaScript|Python,High,5.8,13.3,Mumbai,2026-05-11T03:00,2026-05-11T16:18
T01145,Database,Java|Python|PostgreSQL,High,4.3,10.3,Delhi,2026-01-08T10:00,2026-01-08T20:18
T01146,Cybersecurity,Linux,Medium,5.4,15.5,Hyderabad,2026-02-27T20:00,2026-02-28T11:30
T01147,Database,Java,Medium,7.9,34.8,Delhi,2026-05-10T21:00,2026-05-12T07:48
T01148,Cloud/DevOps,Kubernetes|AWS,Medium,3.9,12.0,Mumbai,2026-07-15T12:00,2026-07-16T00:00
T01149,Database,PostgreSQL,Medium,6.9,24.8,Hyderabad,2026-03-31T01:00,2026-04-01T01:48
T01150,Cybersecurity,Cybersecurity|Linux,Low,7.0,24.0,Pune,2026-01-13T18:00,2026-01-14T18:00
T01151,Data Engineering,SQL|PostgreSQL,Medium,9.1,26.7,Remote,2026-06-05T00:00,2026-06-06T02:42
T01152,Machine Learning,PyTorch,Low,10.4,80.8,Bangalore,2026-01-24T04:00,2026-01-27T12:48
T01153,Support,Python|Linux,Medium,8.1,33.5,Coimbatore,2026-04-09T18:00,2026-04-11T03:30
T01154,Testing,JavaScript,Low,5.3,35.1,Bangalore,2026-02-05T00:00,2026-02-06T11:06
T01155,Data Engineering,Python,Medium,4.2,18.6,Remote,2026-07-02T12:00,2026-07-03T06:36
T01156,Software Development,Python|C++,Low,4.4,32.2,Mumbai,2026-06-22T13:00,2026-06-23T21:12
T01157,Testing,Java|SQL,Medium,4.0,15.7,Chennai,2026-07-16T06:00,2026-07-16T21:42
T01158,Cybersecurity,Cybersecurity,Medium,6.3,26.9,Remote,2026-01-24T06:00,2026-01-25T08:54
T01159,Cybersecurity,AWS|Python|Azure,Medium,9.3,25.6,Delhi,2026-07-05T04:00,2026-07-06T05:36
T01160,Support,Linux|SQL,Medium,6.8,19.7,Remote,2026-02-27T08:00,2026-02-28T03:42
T01161,Cybersecurity,Python|Azure,Low,5.8,24.0,Bangalore,2026-05-22T03:00,2026-05-23T03:00
T01162,Data Engineering,Spark|PostgreSQL|SQL,Low,4.4,28.9,Mumbai,2026-06-03T22:00,2026-06-05T02:54
T01163,Database,Python,Critical,4.8,7.4,Coimbatore,2026-03-12T05:00,2026-03-12T12:24
T01164,Cloud/DevOps,Docker,Medium,4.7,15.5,Remote,2026-04-12T05:00,2026-04-12T20:30
T01165,Cloud/DevOps,Linux|Kubernetes|AWS,Critical,10.4,14.0,Hyderabad,2026-04-11T17:00,2026-04-12T07:00
T01166,Support,SQL,Critical,2.3,3.0,Chennai,2026-04-17T07:00,2026-04-17T10:00
T01167,Machine Learning,PyTorch|Deep Learning|Python,Medium,4.3,13.1,Mumbai,2026-06-24T06:00,2026-06-24T19:06
T01168,Cloud/DevOps,Linux,Medium,5.4,21.6,Remote,2026-04-08T15:00,2026-04-09T12:36
T01169,Support,Linux,Critical,4.5,6.3,Pune,2026-07-13T16:00,2026-07-13T22:18
T01170,Data Engineering,Python,High,4.8,7.5,Chennai,2026-02-19T12:00,2026-02-19T19:30
T01171,Machine Learning,PyTorch|Machine Learning,Medium,8.1,29.5,Pune,2026-02-15T18:00,2026-02-16T23:30
T01172,Software Development,Python,High,4.2,6.7,Kolkata,2026-03-14T06:00,2026-03-14T12:42
T01173,Database,SQL,High,8.7,22.5,Mumbai,2026-02-26T21:00,2026-02-27T19:30
T01174,Testing,JavaScript|Python|SQL,High,6.4,17.6,Remote,2026-06-10T10:00,2026-06-11T03:36
T01175,Testing,Java|JavaScript|Selenium,Medium,8.6,23.8,Bangalore,2026-06-27T21:00,2026-06-28T20:48
T01176,Machine Learning,Machine Learning,Medium,6.3,26.6,Delhi,2026-07-09T19:00,2026-07-10T21:36
T01177,Cloud/DevOps,AWS|Azure,Medium,4.9,12.0,Mumbai,2026-07-13T18:00,2026-07-14T06:00
T01178,Cybersecurity,AWS|Linux,Medium,10.4,32.4,Pune,2026-01-20T19:00,2026-01-22T03:24
T01179,Database,Python|PostgreSQL,Medium,8.8,33.7,Bangalore,2026-03-22T19:00,2026-03-24T04:42
T01180,Data Engineering,Spark|AWS|PostgreSQL,High,7.4,15.9,Coimbatore,2026-04-26T02:00,2026-04-26T17:54
T01181,Data Engineering,Python,Medium,3.6,16.3,Mumbai,2026-08-27T09:00,2026-08-28T01:18
T01182,Bug Fix,Python,High,5.2,12.3,Chennai,2026-08-16T17:00,2026-08-17T05:18
T01183,Software Development,C++,Medium,2.8,12.0,Remote,2026-07-30T01:00,2026-07-30T13:00
T01184,Testing,Selenium,Medium,8.3,35.9,Remote,2026-01-25T20:00,2026-01-27T07:54
T01185,Database,PostgreSQL|MongoDB|SQL,Medium,5.2,17.8,Kolkata,2026-02-03T04:00,2026-02-03T21:48
T01186,Support,Java|Python,Medium,13.4,35.3,Kolkata,2026-05-03T19:00,2026-05-05T06:18
T01187,Data Engineering,Python,Low,8.4,67.1,Bangalore,2026-02-21T03:00,2026-02-23T22:06
T01188,Bug Fix,SQL|JavaScript,High,7.5,16.1,Coimbatore,2026-02-21T08:00,2026-02-22T00:06
T01189,Support,AWS|Java|Linux,High,7.3,15.2,Mumbai,2026-08-09T07:00,2026-08-09T22:12
T01190,Software Development,C++,High,4.7,10.6,Delhi,2026-01-23T22:00,2026-01-24T08:36
T01191,Database,MongoDB,High,9.6,28.2,Remote,2026-04-21T19:00,2026-04-22T23:12
T01192,Data Engineering,SQL,Critical,5.3,9.5,Bangalore,2026-08-28T06:00,2026-08-28T15:30
T01193,Data Engineering,AWS,High,8.0,21.3,Mumbai,2026-01-15T17:00,2026-01-16T14:18
T01194,Cloud/DevOps,AWS|Python,Medium,9.9,26.1,Mumbai,2026-04-28T10:00,2026-04-29T12:06
T01195,Support,AWS|Python,High,7.0,20.5,Chennai,2026-08-21T14:00,2026-08-22T10:30
T01196,Support,AWS|Python,Low,4.8,29.4,Coimbatore,2026-06-05T15:00,2026-06-06T20:24
T01197,Cybersecurity,Azure|Linux,Critical,8.4,10.8,Chennai,2026-06-12T08:00,2026-06-12T18:48
T01198,Testing,Python|Selenium,Medium,5.6,18.4,Coimbatore,2026-03-20T16:00,2026-03-21T10:24
T01199,Support,Python|SQL|Java,High,7.7,18.3,Remote,2026-04-04T18:00,2026-04-05T12:18
T01200,Support,SQL|Linux,Critical,4.4,5.4,Hyderabad,2026-08-15T02:00,2026-08-15T07:24
T01201,Cybersecurity,Python,High,3.5,8.8,Delhi,2026-01-06T05:00,2026-01-06T13:48
T01202,Cybersecurity,Linux,Medium,8.0,39.9,Remote,2026-02-25T14:00,2026-02-27T05:54
T01203,Bug Fix,Python,High,2.4,6.5,Pune,2026-08-07T11:00,2026-08-07T17:30
T01204,Bug Fix,JavaScript|Java,Medium,10.5,37.1,Kolkata,2026-03-03T11:00,2026-03-05T00:06
T01205,Testing,Python,High,5.0,8.9,Pune,2026-08-17T09:00,2026-08-17T17:54
T01206,Bug Fix,Python,Low,6.3,48.0,Mumbai,2026-01-07T14:00,2026-01-09T14:00
T01207,Cloud/DevOps,Kubernetes|AWS,High,8.6,15.1,Remote,2026-01-11T13:00,2026-01-12T04:06
T01208,Database,SQL|PostgreSQL|MongoDB,Critical,9.8,13.9,Mumbai,2026-08-06T23:00,2026-08-07T12:54
T01209,Cloud/DevOps,AWS,Low,3.4,24.0,Mumbai,2026-08-08T16:00,2026-08-09T16:00
T01210,Cloud/DevOps,Python|AWS,Critical,11.5,17.2,Coimbatore,2026-08-10T19:00,2026-08-11T12:12
T01211,Data Engineering,PostgreSQL|AWS,Critical,7.8,12.0,Chennai,2026-07-22T17:00,2026-07-23T05:00
T01212,Cloud/DevOps,Docker,Medium,5.7,13.2,Pune,2026-08-07T04:00,2026-08-07T17:12
T01213,Data Engineering,Spark|PostgreSQL|SQL,Medium,10.7,37.4,Pune,2026-08-16T07:00,2026-08-17T20:24
T01214,Software Development,JavaScript,Medium,21.0,96.0,Remote,2026-05-20T06:00,2026-05-24T06:00
T01215,Bug Fix,Java|SQL,Critical,8.1,9.6,Remote,2026-07-25T00:00,2026-07-25T09:36
T01216,Bug Fix,Java,Medium,10.8,39.1,Coimbatore,2026-03-14T20:00,2026-03-16T11:06
T01217,Support,AWS|Java,Low,2.0,24.0,Delhi,2026-07-07T17:00,2026-07-08T17:00
T01218,Cloud/DevOps,Python|AWS,Low,5.5,24.0,Remote,2026-02-02T02:00,2026-02-03T02:00
T01219,Bug Fix,Python|SQL,High,8.9,21.8,Chennai,2026-03-26T21:00,2026-03-27T18:48
T01220,Machine Learning,SQL|Machine Learning|PyTorch,High,13.1,24.3,Delhi,2026-06-10T21:00,2026-06-11T21:18
T01221,Support,AWS|Linux,Medium,4.2,16.1,Delhi,2026-01-03T04:00,2026-01-03T20:06
T01222,Support,Java|Linux,Medium,13.2,37.8,Hyderabad,2026-03-08T01:00,2026-03-09T14:48
T01223,Bug Fix,Spring Boot|JavaScript|Node.js,Medium,11.2,28.8,Pune,2026-07-30T18:00,2026-07-31T22:48
T01224,Data Engineering,SQL|AWS|Python,Critical,3.1,3.9,Hyderabad,2026-08-25T08:00,2026-08-25T11:54
T01225,Bug Fix,Spring Boot|Python|C++,Medium,4.7,19.2,Delhi,2026-01-17T06:00,2026-01-18T01:12
T01226,Cloud/DevOps,Kubernetes,Low,13.5,99.1,Mumbai,2026-02-06T21:00,2026-02-11T00:06
T01227,Cybersecurity,Azure|Python|Linux,High,8.3,17.3,Hyderabad,2026-05-21T16:00,2026-05-22T09:18
T01228,Machine Learning,TensorFlow|Deep Learning,Medium,4.3,12.0,Chennai,2026-08-16T15:00,2026-08-17T03:00
T01229,Support,Linux|Python,Low,4.8,24.0,Chennai,2026-06-06T23:00,2026-06-07T23:00
T01230,Support,AWS,Medium,4.9,12.8,Pune,2026-06-11T21:00,2026-06-12T09:48
T01231,Cybersecurity,Linux|AWS,Medium,4.0,12.0,Remote,2026-06-13T03:00,2026-06-13T15:00
T01232,Data Engineering,Spark,High,6.3,12.0,Remote,2026-06-24T08:00,2026-06-24T20:00
T01233,Cybersecurity,Cybersecurity,Medium,8.9,25.4,Hyderabad,2026-04-17T06:00,2026-04-18T07:24
T01234,Support,AWS|Azure|Linux,High,10.2,25.9,Remote,2026-08-17T12:00,2026-08-18T13:54
T01235,Cloud/DevOps,Kubernetes,Medium,3.9,16.7,Pune,2026-05-24T15:00,2026-05-25T07:42
T01236,Testing,Java|SQL|Python,High,7.2,11.8,Kolkata,2026-08-26T22:00,2026-08-27T09:48
T01237,Machine Learning,Deep Learning,Low,4.7,24.0,Mumbai,2026-08-02T13:00,2026-08-03T13:00
T01238,Machine Learning,PyTorch|Python,High,4.1,12.3,Coimbatore,2026-06-18T16:00,2026-06-19T04:18
T01239,Support,Azure|Linux,Medium,4.2,12.0,Chennai,2026-02-05T09:00,2026-02-05T21:00
T01240,Cybersecurity,Python,High,6.6,12.4,Remote,2026-07-20T21:00,2026-07-21T09:24
T01241,Machine Learning,TensorFlow,High,6.6,16.8,Chennai,2026-07-03T15:00,2026-07-04T07:48
T01242,Machine Learning,Deep Learning|Python,Low,14.1,61.9,Delhi,2026-06-17T11:00,2026-06-20T00:54
T01243,Cloud/DevOps,Kubernetes|Linux,High,6.6,12.6,Bangalore,2026-08-27T01:00,2026-08-27T13:36
T01244,Machine Learning,Python|Machine Learning|PyTorch,High,4.3,6.8,Kolkata,2026-02-23T22:00,2026-02-24T04:48
T01245,Data Engineering,Python,High,7.9,20.8,Pune,2026-03-19T09:00,2026-03-20T05:48
T01246,Cybersecurity,Cybersecurity,High,3.9,6.9,Chennai,2026-08-23T18:00,2026-08-24T00:54
T01247,Data Engineering,PostgreSQL|Python|AWS,High,4.6,7.6,Hyderabad,2026-07-02T07:00,2026-07-02T14:36
T01248,Data Engineering,Azure|AWS,High,11.3,32.2,Remote,2026-08-28T04:00,2026-08-29T12:12
T01249,Cloud/DevOps,Azure|Linux,Medium,18.4,60.3,Remote,2026-07-20T06:00,2026-07-22T18:18
T01250,Testing,Python|Java,Critical,4.3,7.1,Kolkata,2026-06-02T07:00,2026-06-02T14:06
T01251,Bug Fix,Python|Java|SQL,High,7.2,16.8,Delhi,2026-02-01T10:00,2026-02-02T02:48
T01252,Data Engineering,AWS,Medium,11.0,24.4,Remote,2026-08-11T02:00,2026-08-12T02:24
T01253,Bug Fix,Node.js|SQL,Low,4.0,28.6,Chennai,2026-07-08T21:00,2026-07-10T01:36
T01254,Database,PostgreSQL,High,3.3,7.5,Remote,2026-05-27T08:00,2026-05-27T15:30
T01255,Bug Fix,C++|SQL,Medium,7.9,19.7,Pune,2026-06-01T08:00,2026-06-02T03:42
T01256,Software Development,C++,Low,3.5,24.0,Remote,2026-04-26T15:00,2026-04-27T15:00
T01257,Bug Fix,Python|Spring Boot|Java,Medium,14.2,30.8,Remote,2026-01-29T01:00,2026-01-30T07:48
T01258,Data Engineering,Spark|PostgreSQL,High,9.5,18.4,Pune,2026-01-10T04:00,2026-01-10T22:24
T01259,Data Engineering,AWS,High,7.2,15.9,Kolkata,2026-03-31T09:00,2026-04-01T00:54
T01260,Bug Fix,Python,High,3.9,6.1,Delhi,2026-06-28T15:00,2026-06-28T21:06
T01261,Software Development,React|C++|Java,Low,9.7,60.0,Coimbatore,2026-06-10T10:00,2026-06-12T22:00
T01262,Support,AWS|Linux,Medium,6.4,15.7,Pune,2026-05-04T18:00,2026-05-05T09:42
T01263,Machine Learning,Deep Learning|Python,Medium,5.4,22.4,Kolkata,2026-06-25T00:00,2026-06-25T22:24
T01264,Cybersecurity,Linux,Medium,11.2,43.2,Chennai,2026-01-19T11:00,2026-01-21T06:12
T01265,Support,Linux,Low,5.0,24.0,Delhi,2026-08-02T12:00,2026-08-03T12:00
T01266,Support,AWS,Critical,7.7,12.4,Bangalore,2026-03-28T16:00,2026-03-29T04:24
T01267,Database,PostgreSQL|Java,Medium,9.2,20.2,Pune,2026-07-07T05:00,2026-07-08T01:12
T01268,Data Engineering,Python|SQL|PostgreSQL,High,5.0,11.8,Pune,2026-03-25T01:00,2026-03-25T12:48
T01269,Testing,Selenium,Medium,4.8,14.9,Remote,2026-05-20T12:00,2026-05-21T02:54
T01270,Machine Learning,Deep Learning,Critical,4.2,4.7,Delhi,2026-05-28T10:00,2026-05-28T14:42
T01271,Cybersecurity,Python,Critical,5.2,8.9,Bangalore,2026-04-10T21:00,2026-04-11T05:54
T01272,Machine Learning,SQL|Deep Learning|PyTorch,Medium,4.4,20.2,Chennai,2026-05-19T00:00,2026-05-19T20:12
T01273,Bug Fix,Spring Boot|JavaScript,Medium,4.7,17.5,Remote,2026-08-17T14:00,2026-08-18T07:30
T01274,Software Development,Spring Boot,Low,3.1,24.0,Pune,2026-06-22T19:00,2026-06-23T19:00
T01275,Data Engineering,AWS|Python,High,5.0,12.3,Pune,2026-04-24T13:00,2026-04-25T01:18
T01276,Machine Learning,Machine Learning,Critical,8.2,12.0,Remote,2026-03-23T21:00,2026-03-24T09:00
T01277,Bug Fix,C++|Python,High,7.8,20.0,Kolkata,2026-04-18T22:00,2026-04-19T18:00
T01278,Database,SQL|Java|MongoDB,Critical,4.8,7.6,Kolkata,2026-06-29T23:00,2026-06-30T06:36
T01279,Data Engineering,Azure|Spark,Critical,3.3,3.7,Coimbatore,2026-03-16T08:00,2026-03-16T11:42
T01280,Support,Java|Python,Low,13.0,73.1,Chennai,2026-01-30T00:00,2026-02-02T01:06
T01281,Data Engineering,Python,Critical,7.6,9.0,Remote,2026-01-05T00:00,2026-01-05T09:00
T01282,Software Development,Spring Boot,Medium,5.6,15.6,Pune,2026-06-29T04:00,2026-06-29T19:36
T01283,Bug Fix,Spring Boot|Java|Node.js,High,4.8,9.7,Chennai,2026-07-23T20:00,2026-07-24T05:42
T01284,Testing,Selenium|JavaScript|Python,High,6.4,12.4,Hyderabad,2026-01-27T09:00,2026-01-27T21:24
T01285,Support,Java|SQL,Medium,8.4,21.1,Bangalore,2026-05-16T21:00,2026-05-17T18:06
T01286,Support,SQL,Medium,4.6,12.0,Pune,2026-03-15T23:00,2026-03-16T11:00
T01287,Testing,JavaScript,Medium,5.4,23.6,Hyderabad,2026-01-13T19:00,2026-01-14T18:36
T01288,Cybersecurity,AWS|Cybersecurity,Medium,4.1,19.7,Hyderabad,2026-06-18T10:00,2026-06-19T05:42
T01289,Support,Java,Medium,3.7,12.0,Hyderabad,2026-01-20T06:00,2026-01-20T18:00
T01290,Data Engineering,Spark,High,3.3,7.5,Bangalore,2026-02-04T11:00,2026-02-04T18:30
T01291,Bug Fix,C++|Spring Boot,Medium,9.8,37.9,Remote,2026-05-30T06:00,2026-05-31T19:54
T01292,Testing,Selenium|JavaScript|SQL,Medium,7.4,36.7,Hyderabad,2026-04-01T09:00,2026-04-02T21:42
T01293,Testing,SQL,High,6.2,11.3,Mumbai,2026-04-28T07:00,2026-04-28T18:18
T01294,Bug Fix,Java,High,5.3,12.8,Chennai,2026-07-30T03:00,2026-07-30T15:48
T01295,Cloud/DevOps,Linux|AWS|Docker,Medium,6.5,27.7,Remote,2026-06-23T13:00,2026-06-24T16:42
T01296,Cybersecurity,Azure|AWS|Python,Medium,6.7,25.5,Kolkata,2026-08-02T06:00,2026-08-03T07:30
T01297,Support,Linux|AWS,High,7.1,16.7,Bangalore,2026-01-31T23:00,2026-02-01T15:42
T01298,Bug Fix,Java|Node.js,High,7.8,21.7,Bangalore,2026-04-24T03:00,2026-04-25T00:42
T01299,Bug Fix,SQL,High,8.5,14.6,Delhi,2026-03-07T08:00,2026-03-07T22:36
T01300,Support,Python,High,2.9,6.3,Delhi,2026-05-19T08:00,2026-05-19T14:18
T01301,Database,PostgreSQL,Medium,6.1,24.5,Remote,2026-01-11T19:00,2026-01-12T19:30
T01302,Machine Learning,Machine Learning|PyTorch|Python,High,2.4,6.0,Mumbai,2026-05-04T20:00,2026-05-05T02:00
T01303,Support,Python,Medium,4.3,14.2,Pune,2026-01-11T14:00,2026-01-12T04:12
T01304,Support,AWS|Python,Medium,22.3,59.1,Remote,2026-02-02T06:00,2026-02-04T17:06
T01305,Cybersecurity,Linux,High,8.5,17.0,Coimbatore,2026-06-14T20:00,2026-06-15T13:00
T01306,Machine Learning,TensorFlow|PyTorch,Low,8.1,58.7,Pune,2026-03-28T08:00,2026-03-30T18:42
T01307,Software Development,C++,Critical,5.9,6.5,Remote,2026-08-03T01:00,2026-08-03T07:30
T01308,Cybersecurity,Cybersecurity|Azure,Low,11.0,44.1,Coimbatore,2026-05-29T14:00,2026-05-31T10:06
T01309,Machine Learning,Deep Learning|Python|PyTorch,Critical,5.4,8.4,Coimbatore,2026-08-17T11:00,2026-08-17T19:24
T01310,Bug Fix,JavaScript|Java|Spring Boot,Medium,3.1,12.0,Remote,2026-04-11T09:00,2026-04-11T21:00
T01311,Cybersecurity,Linux|Cybersecurity|Python,Medium,6.9,32.3,Kolkata,2026-06-01T16:00,2026-06-03T00:18
T01312,Testing,Java|Selenium,High,5.7,12.0,Delhi,2026-06-01T11:00,2026-06-01T23:00
T01313,Data Engineering,SQL|Spark|Python,Medium,16.3,77.7,Chennai,2026-08-18T13:00,2026-08-21T18:42
T01314,Bug Fix,Java|Spring Boot,Critical,7.2,12.8,Hyderabad,2026-02-25T07:00,2026-02-25T19:48
T01315,Database,SQL,Critical,10.0,16.0,Bangalore,2026-03-11T13:00,2026-03-12T05:00
T01316,Cloud/DevOps,AWS|Kubernetes,Medium,4.5,17.1,Chennai,2026-03-11T12:00,2026-03-12T05:06
T01317,Bug Fix,SQL,Medium,4.6,16.7,Mumbai,2026-05-11T00:00,2026-05-11T16:42
T01318,Bug Fix,Python,Medium,11.7,34.2,Remote,2026-05-09T17:00,2026-05-11T03:12
T01319,Data Engineering,Spark|Python|SQL,High,5.1,13.9,Delhi,2026-01-18T03:00,2026-01-18T16:54
T01320,Testing,Java,Medium,13.9,44.4,Remote,2026-04-05T09:00,2026-04-07T05:24
T01321,Data Engineering,Azure|PostgreSQL,High,4.4,6.7,Bangalore,2026-02-07T08:00,2026-02-07T14:42
T01322,Bug Fix,SQL|Node.js,Medium,3.1,12.0,Delhi,2026-08-07T12:00,2026-08-08T00:00
T01323,Support,Azure|Python,High,7.8,20.6,Hyderabad,2026-02-28T22:00,2026-03-01T18:36
T01324,Machine Learning,PyTorch,Medium,7.4,15.4,Hyderabad,2026-07-04T11:00,2026-07-05T02:24
T01325,Database,SQL|Python|MongoDB,Medium,8.1,32.7,Coimbatore,2026-07-15T18:00,2026-07-17T02:42
T01326,Database,SQL|Python|PostgreSQL,Medium,4.3,12.0,Chennai,2026-06-05T04:00,2026-06-05T16:00
T01327,Software Development,Node.js|Python,Low,8.3,51.0,Mumbai,2026-05-05T23:00,2026-05-08T02:00
T01328,Data Engineering,PostgreSQL,High,5.5,8.9,Bangalore,2026-08-19T09:00,2026-08-19T17:54
T01329,Data Engineering,AWS|PostgreSQL,Critical,6.6,10.4,Hyderabad,2026-01-26T04:00,2026-01-26T14:24
T01330,Support,AWS|SQL,Critical,5.0,8.0,Pune,2026-05-28T03:00,2026-05-28T11:00
T01331,Testing,Java|Python|SQL,Medium,8.7,33.8,Coimbatore,2026-06-23T13:00,2026-06-24T22:48
T01332,Cloud/DevOps,Python|Linux,Medium,3.8,12.7,Kolkata,2026-04-08T03:00,2026-04-08T15:42
T01333,Support,Linux|SQL|Python,Medium,12.4,44.6,Delhi,2026-03-09T06:00,2026-03-11T02:36
T01334,Data Engineering,AWS|PostgreSQL|Azure,High,4.3,9.6,Chennai,2026-07-05T08:00,2026-07-05T17:36
T01335,Support,Azure|AWS,Low,8.5,59.2,Mumbai,2026-08-08T22:00,2026-08-11T09:12
T01336,Testing,Python,High,4.4,8.8,Kolkata,2026-01-19T01:00,2026-01-19T09:48
T01337,Software Development,Spring Boot,Low,4.1,28.3,Mumbai,2026-07-14T15:00,2026-07-15T19:18
T01338,Testing,Java|SQL,Medium,5.5,24.6,Remote,2026-05-09T05:00,2026-05-10T05:36
T01339,Data Engineering,SQL|Azure|Spark,High,8.3,24.2,Remote,2026-04-11T18:00,2026-04-12T18:12
T01340,Bug Fix,Spring Boot|Python,Medium,2.2,12.0,Kolkata,2026-07-15T19:00,2026-07-16T07:00
T01341,Cloud/DevOps,Azure|Linux,Medium,9.3,38.0,Mumbai,2026-03-03T02:00,2026-03-04T16:00
T01342,Cloud/DevOps,Azure,High,7.8,12.0,Kolkata,2026-07-01T04:00,2026-07-01T16:00
T01343,Testing,JavaScript|Python,Low,4.6,29.4,Pune,2026-06-27T12:00,2026-06-28T17:24
T01344,Software Development,JavaScript,High,2.4,6.0,Remote,2026-03-18T21:00,2026-03-19T03:00
T01345,Bug Fix,Node.js|Spring Boot,Medium,5.1,22.3,Coimbatore,2026-01-26T19:00,2026-01-27T17:18
T01346,Machine Learning,Deep Learning|Python,Medium,5.7,17.0,Coimbatore,2026-05-05T16:00,2026-05-06T09:00
T01347,Data Engineering,AWS|SQL,High,5.3,12.1,Hyderabad,2026-03-16T07:00,2026-03-16T19:06
T01348,Database,SQL|Java,Critical,1.8,2.9,Coimbatore,2026-05-26T20:00,2026-05-26T22:54
T01349,Bug Fix,SQL,Medium,5.5,26.6,Coimbatore,2026-04-08T03:00,2026-04-09T05:36
T01350,Support,AWS|SQL,High,17.4,26.3,Mumbai,2026-08-26T23:00,2026-08-28T01:18
T01351,Machine Learning,PyTorch|SQL|Deep Learning,Medium,10.0,43.3,Delhi,2026-02-14T16:00,2026-02-16T11:18
T01352,Cloud/DevOps,Linux|Kubernetes|Python,Medium,1.7,12.0,Mumbai,2026-01-21T07:00,2026-01-21T19:00
T01353,Cloud/DevOps,Python|Docker|Linux,High,5.5,15.4,Remote,2026-06-24T12:00,2026-06-25T03:24
T01354,Data Engineering,SQL|Spark|Python,Critical,9.1,12.1,Bangalore,2026-04-09T16:00,2026-04-10T04:06
T01355,Software Development,Python,High,5.3,13.1,Hyderabad,2026-01-03T12:00,2026-01-04T01:06
T01356,Machine Learning,SQL,High,5.3,9.6,Delhi,2026-01-26T04:00,2026-01-26T13:36
T01357,Data Engineering,Python|Spark|AWS,Medium,6.2,19.6,Remote,2026-07-10T00:00,2026-07-10T19:36
T01358,Data Engineering,Azure|SQL,Medium,7.6,24.6,Chennai,2026-06-17T20:00,2026-06-18T20:36
T01359,Cloud/DevOps,Python|Azure|Docker,Medium,1.9,12.0,Coimbatore,2026-02-14T15:00,2026-02-15T03:00
T01360,Machine Learning,Machine Learning,Medium,3.6,12.0,Coimbatore,2026-02-16T00:00,2026-02-16T12:00
T01361,Machine Learning,Deep Learning|TensorFlow,Medium,8.2,17.0,Bangalore,2026-06-27T17:00,2026-06-28T10:00
T01362,Cybersecurity,Cybersecurity|AWS|Azure,High,10.9,21.6,Mumbai,2026-06-11T08:00,2026-06-12T05:36
T01363,Testing,Java|SQL,Medium,6.4,15.5,Coimbatore,2026-07-12T05:00,2026-07-12T20:30
T01364,Database,Java|PostgreSQL,High,5.0,8.9,Kolkata,2026-06-24T18:00,2026-06-25T02:54
T01365,Database,SQL,Medium,4.0,16.6,Hyderabad,2026-02-11T15:00,2026-02-12T07:36
T01366,Data Engineering,Spark,Medium,9.0,29.1,Bangalore,2026-07-13T01:00,2026-07-14T06:06
T01367,Cybersecurity,Azure|Cybersecurity,High,3.8,7.0,Bangalore,2026-02-04T18:00,2026-02-05T01:00
T01368,Cloud/DevOps,Azure|Linux|Python,Medium,9.5,22.5,Kolkata,2026-04-22T08:00,2026-04-23T06:30
T01369,Machine Learning,TensorFlow,Medium,13.3,37.0,Pune,2026-06-18T16:00,2026-06-20T05:00
T01370,Database,SQL|PostgreSQL|Python,High,11.4,17.1,Remote,2026-07-17T12:00,2026-07-18T05:06
T01371,Database,PostgreSQL,Low,5.7,31.3,Coimbatore,2026-03-01T21:00,2026-03-03T04:18
T01372,Database,MongoDB|PostgreSQL|Java,Critical,12.3,14.7,Chennai,2026-03-15T12:00,2026-03-16T02:42
T01373,Bug Fix,SQL,Medium,11.4,24.7,Hyderabad,2026-08-19T20:00,2026-08-20T20:42
T01374,Software Development,JavaScript,High,5.7,14.4,Kolkata,2026-03-01T12:00,2026-03-02T02:24
T01375,Support,AWS|Python|Java,High,10.3,29.0,Remote,2026-06-27T09:00,2026-06-28T14:00
T01376,Data Engineering,Azure,Medium,4.3,12.0,Remote,2026-05-03T08:00,2026-05-03T20:00
T01377,Cloud/DevOps,Kubernetes,Low,8.2,33.2,Remote,2026-07-16T05:00,2026-07-17T14:12
T01378,Software Development,Spring Boot,Medium,13.3,50.0,Mumbai,2026-02-02T07:00,2026-02-04T09:00
T01379,Software Development,JavaScript,Medium,6.1,27.3,Chennai,2026-08-16T00:00,2026-08-17T03:18
T01380,Cybersecurity,Cybersecurity|Linux,High,6.0,10.0,Delhi,2026-07-17T04:00,2026-07-17T14:00
T01381,Data Engineering,SQL|Python|Azure,Medium,11.0,46.8,Bangalore,2026-01-17T21:00,2026-01-19T19:48
T01382,Bug Fix,SQL|C++|Java,Low,5.4,40.9,Chennai,2026-01-19T15:00,2026-01-21T07:54
T01383,Software Development,Python|Spring Boot,Medium,8.9,29.5,Hyderabad,2026-02-11T15:00,2026-02-12T20:30
T01384,Machine Learning,Deep Learning,Medium,5.5,19.8,Bangalore,2026-03-09T22:00,2026-03-10T17:48
T01385,Testing,Selenium|Java|SQL,Medium,6.5,23.2,Mumbai,2026-06-05T19:00,2026-06-06T18:12
T01386,Cloud/DevOps,Azure,Medium,5.4,24.1,Hyderabad,2026-01-04T08:00,2026-01-05T08:06
T01387,Cloud/DevOps,Python|Kubernetes,High,11.1,20.2,Remote,2026-08-28T12:00,2026-08-29T08:12
T01388,Cloud/DevOps,Python,Medium,4.1,12.0,Hyderabad,2026-07-23T21:00,2026-07-24T09:00
T01389,Cloud/DevOps,Docker|Linux|Python,Medium,7.6,34.5,Pune,2026-05-26T01:00,2026-05-27T11:30
T01390,Data Engineering,SQL,Critical,10.7,14.5,Bangalore,2026-01-26T22:00,2026-01-27T12:30
T01391,Machine Learning,TensorFlow|Deep Learning|Python,Medium,7.1,29.6,Coimbatore,2026-06-13T23:00,2026-06-15T04:36
T01392,Cybersecurity,Cybersecurity|AWS|Azure,Low,10.9,84.2,Coimbatore,2026-05-28T13:00,2026-06-01T01:12
T01393,Cloud/DevOps,Azure|AWS,Medium,7.5,20.6,Coimbatore,2026-04-28T05:00,2026-04-29T01:36
T01394,Cloud/DevOps,Kubernetes|Linux,Critical,7.1,12.2,Pune,2026-01-07T03:00,2026-01-07T15:12
T01395,Bug Fix,Spring Boot|Node.js,High,11.1,23.7,Bangalore,2026-08-01T23:00,2026-08-02T22:42
T01396,Testing,Selenium|Java,High,4.3,7.2,Remote,2026-03-26T09:00,2026-03-26T16:12
T01397,Bug Fix,Java|SQL|Python,Low,6.3,31.5,Coimbatore,2026-01-21T15:00,2026-01-22T22:30
T01398,Data Engineering,AWS|Python,Medium,6.4,25.7,Kolkata,2026-06-17T06:00,2026-06-18T07:42
T01399,Data Engineering,Python|Azure|Spark,High,5.8,9.1,Kolkata,2026-02-07T00:00,2026-02-07T09:06
T01400,Machine Learning,TensorFlow,High,8.4,24.8,Pune,2026-02-05T01:00,2026-02-06T01:48
T01401,Testing,SQL,Medium,6.4,23.0,Remote,2026-06-18T07:00,2026-06-19T06:00
T01402,Cloud/DevOps,Kubernetes|Python,Medium,6.0,22.1,Mumbai,2026-08-20T05:00,2026-08-21T03:06
T01403,Machine Learning,TensorFlow|Machine Learning|SQL,Critical,5.7,7.7,Coimbatore,2026-03-10T06:00,2026-03-10T13:42
T01404,Machine Learning,SQL,High,4.4,7.3,Mumbai,2026-06-29T10:00,2026-06-29T17:18
T01405,Software Development,C++,Low,5.5,29.4,Pune,2026-08-03T08:00,2026-08-04T13:24
T01406,Software Development,Spring Boot|JavaScript|Node.js,Medium,9.5,42.4,Remote,2026-01-14T02:00,2026-01-15T20:24
T01407,Testing,Selenium|Python|JavaScript,High,7.6,13.4,Pune,2026-08-28T06:00,2026-08-28T19:24
T01408,Support,AWS,Medium,10.4,39.7,Kolkata,2026-07-28T18:00,2026-07-30T09:42
T01409,Machine Learning,Python|Machine Learning|TensorFlow,Medium,12.9,40.6,Remote,2026-08-07T10:00,2026-08-09T02:36
T01410,Bug Fix,Spring Boot|Java,Low,4.7,25.5,Remote,2026-04-11T06:00,2026-04-12T07:30
T01411,Machine Learning,Machine Learning,High,5.6,14.2,Remote,2026-04-02T05:00,2026-04-02T19:12
T01412,Testing,JavaScript|Selenium|Python,Medium,8.8,29.0,Bangalore,2026-08-17T23:00,2026-08-19T04:00
T01413,Machine Learning,Python|PyTorch,Medium,3.6,16.3,Chennai,2026-01-10T08:00,2026-01-11T00:18
T01414,Testing,JavaScript,Critical,8.1,12.8,Remote,2026-08-04T16:00,2026-08-05T04:48
T01415,Support,AWS|Azure|Python,Critical,5.7,9.6,Remote,2026-07-15T11:00,2026-07-15T20:36
T01416,Testing,JavaScript|Selenium|SQL,Critical,5.0,8.2,Kolkata,2026-08-03T00:00,2026-08-03T08:12
T01417,Support,Azure|Linux|Python,Critical,1.4,2.1,Chennai,2026-05-02T21:00,2026-05-02T23:06
T01418,Testing,Selenium|SQL|Java,Medium,12.7,32.3,Hyderabad,2026-01-10T03:00,2026-01-11T11:18
T01419,Bug Fix,Node.js|Spring Boot,Low,6.8,25.8,Kolkata,2026-05-11T04:00,2026-05-12T05:48
T01420,Testing,JavaScript,High,6.6,14.5,Delhi,2026-08-19T13:00,2026-08-20T03:30
T01421,Database,SQL|MongoDB|Java,Medium,4.7,22.2,Coimbatore,2026-07-17T20:00,2026-07-18T18:12
T01422,Cybersecurity,Python,Medium,5.9,16.2,Kolkata,2026-07-18T16:00,2026-07-19T08:12
T01423,Support,Linux|Java|Python,Medium,8.9,39.1,Delhi,2026-04-08T08:00,2026-04-09T23:06
T01424,Testing,Selenium|SQL|Python,High,9.1,21.1,Pune,2026-03-04T09:00,2026-03-05T06:06
T01425,Cybersecurity,Python,Medium,5.1,12.0,Remote,2026-07-29T04:00,2026-07-29T16:00
T01426,Bug Fix,Python|SQL,Critical,3.8,6.4,Delhi,2026-04-26T18:00,2026-04-27T00:24
T01427,Support,Linux|SQL|Azure,Medium,4.7,12.6,Chennai,2026-04-05T07:00,2026-04-05T19:36
T01428,Data Engineering,PostgreSQL|Azure,Medium,6.5,13.4,Coimbatore,2026-05-30T03:00,2026-05-30T16:24
T01429,Testing,Java,Critical,6.8,11.4,Hyderabad,2026-01-31T19:00,2026-02-01T06:24
T01430,Bug Fix,Python,Medium,4.3,20.4,Mumbai,2026-05-20T10:00,2026-05-21T06:24
T01431,Support,Python,Medium,4.7,12.0,Coimbatore,2026-07-10T06:00,2026-07-10T18:00
T01432,Bug Fix,JavaScript|C++,Low,4.3,24.0,Remote,2026-07-30T17:00,2026-07-31T17:00
T01433,Cybersecurity,AWS,High,5.2,13.6,Remote,2026-05-23T12:00,2026-05-24T01:36
T01434,Testing,JavaScript|Selenium|Python,Medium,3.8,12.0,Pune,2026-02-13T15:00,2026-02-14T03:00
T01435,Database,Python|SQL,High,12.0,34.5,Delhi,2026-01-28T13:00,2026-01-29T23:30
T01436,Support,AWS|Azure,High,7.4,17.2,Pune,2026-04-01T20:00,2026-04-02T13:12
T01437,Cybersecurity,Python|Cybersecurity|Linux,Medium,4.6,18.3,Coimbatore,2026-06-23T08:00,2026-06-24T02:18
T01438,Data Engineering,AWS|SQL|Python,High,3.4,7.3,Chennai,2026-02-12T17:00,2026-02-13T00:18
T01439,Support,Python|Linux|Azure,Medium,4.7,12.0,Remote,2026-03-19T21:00,2026-03-20T09:00
T01440,Testing,Python|Selenium,Medium,8.0,35.4,Pune,2026-07-18T02:00,2026-07-19T13:24
T01441,Testing,Selenium,Medium,5.2,23.9,Remote,2026-07-01T09:00,2026-07-02T08:54
T01442,Cybersecurity,AWS|Azure,Low,8.1,24.9,Pune,2026-07-29T17:00,2026-07-30T17:54
T01443,Cybersecurity,AWS|Azure,Medium,12.2,53.0,Pune,2026-04-18T19:00,2026-04-21T00:00
T01444,Machine Learning,PyTorch,High,9.3,25.1,Delhi,2026-04-20T05:00,2026-04-21T06:06
T01445,Data Engineering,Spark|Azure,Low,5.3,32.0,Hyderabad,2026-02-15T00:00,2026-02-16T08:00
T01446,Software Development,Spring Boot|React|Python,High,4.2,7.4,Kolkata,2026-01-19T16:00,2026-01-19T23:24
T01447,Database,Python|MongoDB|PostgreSQL,Low,5.2,24.0,Coimbatore,2026-05-27T12:00,2026-05-28T12:00
T01448,Testing,Selenium|JavaScript|Java,Critical,2.3,3.6,Chennai,2026-03-02T17:00,2026-03-02T20:36
T01449,Support,SQL,Medium,6.1,25.2,Remote,2026-01-03T11:00,2026-01-04T12:12
T01450,Machine Learning,Machine Learning,Medium,9.5,45.5,Chennai,2026-02-14T00:00,2026-02-15T21:30
T01451,Database,Python,High,12.7,27.1,Bangalore,2026-04-04T15:00,2026-04-05T18:06
T01452,Data Engineering,SQL,Medium,2.5,12.0,Hyderabad,2026-02-08T05:00,2026-02-08T17:00
T01453,Cloud/DevOps,Linux|Kubernetes|AWS,Medium,3.2,12.0,Pune,2026-05-28T04:00,2026-05-28T16:00
T01454,Data Engineering,SQL|Python,High,7.3,14.5,Pune,2026-06-25T20:00,2026-06-26T10:30
T01455,Testing,Selenium,High,5.5,11.3,Kolkata,2026-05-04T22:00,2026-05-05T09:18
T01456,Data Engineering,Python,Low,8.1,55.5,Remote,2026-04-26T22:00,2026-04-29T05:30
T01457,Bug Fix,Spring Boot|SQL,High,4.5,11.1,Bangalore,2026-06-18T01:00,2026-06-18T12:06
T01458,Data Engineering,SQL,High,6.4,11.2,Coimbatore,2026-06-17T09:00,2026-06-17T20:12
T01459,Cloud/DevOps,AWS|Linux|Python,High,3.1,6.0,Delhi,2026-06-12T10:00,2026-06-12T16:00
T01460,Machine Learning,SQL|PyTorch,Medium,2.9,12.0,Hyderabad,2026-07-28T04:00,2026-07-28T16:00
T01461,Software Development,C++,Critical,9.2,10.8,Coimbatore,2026-04-15T16:00,2026-04-16T02:48
T01462,Database,Java|MongoDB,Medium,3.4,16.9,Pune,2026-05-16T15:00,2026-05-17T07:54
T01463,Testing,Python|JavaScript|Java,Medium,8.3,29.9,Mumbai,2026-03-29T02:00,2026-03-30T07:54
T01464,Bug Fix,Node.js|SQL,Medium,8.5,17.4,Mumbai,2026-08-24T08:00,2026-08-25T01:24
T01465,Bug Fix,Node.js,Medium,6.0,27.7,Delhi,2026-03-24T14:00,2026-03-25T17:42
T01466,Cybersecurity,Azure|Linux|Python,Medium,5.7,25.7,Coimbatore,2026-08-01T17:00,2026-08-02T18:42
T01467,Database,PostgreSQL|MongoDB|Java,Medium,4.5,12.0,Remote,2026-04-04T23:00,2026-04-05T11:00
T01468,Machine Learning,TensorFlow|Machine Learning|PyTorch,Medium,7.8,18.2,Remote,2026-08-10T19:00,2026-08-11T13:12
T01469,Software Development,C++|Python,Critical,6.2,7.0,Remote,2026-06-21T00:00,2026-06-21T07:00
T01470,Machine Learning,Machine Learning,Low,5.1,24.0,Chennai,2026-07-10T12:00,2026-07-11T12:00
T01471,Support,Python|Azure|SQL,Low,3.8,24.0,Coimbatore,2026-06-23T17:00,2026-06-24T17:00
T01472,Software Development,Python|Node.js|JavaScript,Critical,8.3,9.6,Remote,2026-04-09T22:00,2026-04-10T07:36
T01473,Database,Python|PostgreSQL,Medium,2.0,12.0,Coimbatore,2026-01-17T13:00,2026-01-18T01:00
T01474,Software Development,Spring Boot,High,5.5,11.3,Pune,2026-01-13T06:00,2026-01-13T17:18
T01475,Cybersecurity,Cybersecurity|Python,Low,7.8,61.3,Delhi,2026-04-23T19:00,2026-04-26T08:18
T01476,Testing,Selenium,Low,23.3,104.7,Coimbatore,2026-05-25T10:00,2026-05-29T18:42
T01477,Machine Learning,Python|TensorFlow,Medium,2.7,12.9,Remote,2026-02-01T04:00,2026-02-01T16:54
T01478,Database,Java,High,4.7,8.4,Delhi,2026-04-03T03:00,2026-04-03T11:24
T01479,Machine Learning,PyTorch|Machine Learning,Medium,9.0,28.9,Delhi,2026-07-07T12:00,2026-07-08T16:54
T01480,Database,Java,Medium,5.3,24.9,Remote,2026-07-27T12:00,2026-07-28T12:54
T01481,Database,Python|SQL|PostgreSQL,Low,9.0,43.3,Coimbatore,2026-02-10T18:00,2026-02-12T13:18
T01482,Database,SQL|PostgreSQL,Low,2.9,24.0,Remote,2026-07-14T17:00,2026-07-15T17:00
T01483,Data Engineering,Python|Spark,Critical,6.3,11.1,Remote,2026-07-11T04:00,2026-07-11T15:06
T01484,Data Engineering,PostgreSQL,Medium,8.0,18.8,Kolkata,2026-05-07T04:00,2026-05-07T22:48
T01485,Testing,Selenium|Java|SQL,Medium,8.6,19.7,Remote,2026-06-06T08:00,2026-06-07T03:42
T01486,Testing,JavaScript,High,5.5,10.4,Bangalore,2026-02-19T18:00,2026-02-20T04:24
T01487,Database,Java|SQL,Medium,9.3,39.0,Pune,2026-02-18T11:00,2026-02-20T02:00
T01488,Bug Fix,JavaScript|C++|SQL,Medium,5.4,12.0,Remote,2026-02-15T09:00,2026-02-15T21:00
T01489,Data Engineering,PostgreSQL|Python,High,3.4,9.8,Mumbai,2026-02-18T16:00,2026-02-19T01:48
T01490,Testing,SQL,Medium,8.5,39.0,Bangalore,2026-05-21T07:00,2026-05-22T22:00
T01491,Data Engineering,AWS|Spark|Azure,Low,3.1,24.0,Remote,2026-06-22T02:00,2026-06-23T02:00
T01492,Data Engineering,Spark|PostgreSQL|SQL,Low,12.6,96.5,Mumbai,2026-03-04T18:00,2026-03-08T18:30
T01493,Database,SQL,High,7.4,12.4,Mumbai,2026-01-03T12:00,2026-01-04T00:24
T01494,Data Engineering,Python|Azure,Medium,4.8,12.0,Mumbai,2026-01-01T17:00,2026-01-02T05:00
T01495,Database,Java,Low,3.1,24.0,Remote,2026-03-19T23:00,2026-03-20T23:00
T01496,Software Development,React,Medium,3.2,13.9,Remote,2026-04-18T12:00,2026-04-19T01:54
T01497,Testing,Java,High,6.2,14.5,Hyderabad,2026-04-23T01:00,2026-04-23T15:30
T01498,Cloud/DevOps,Linux,Medium,4.7,22.9,Remote,2026-05-22T01:00,2026-05-22T23:54
T01499,Database,MongoDB,High,7.2,13.6,Chennai,2026-02-18T14:00,2026-02-19T03:36
T01500,Cloud/DevOps,Python|Linux|Kubernetes,Medium,3.8,12.0,Mumbai,2026-02-22T20:00,2026-02-23T08:00
T01501,Testing,Java|Python|Selenium,Medium,11.6,49.1,Kolkata,2026-05-30T19:00,2026-06-01T20:06
T01502,Support,Azure,Critical,6.0,10.7,Mumbai,2026-03-08T12:00,2026-03-08T22:42
T01503,Cybersecurity,Python|AWS|Cybersecurity,Medium,5.2,23.1,Pune,2026-03-20T03:00,2026-03-21T02:06
T01504,Cybersecurity,AWS|Python,Medium,5.0,13.1,Bangalore,2026-01-18T11:00,2026-01-19T00:06
T01505,Software Development,JavaScript|C++|Java,Low,6.9,24.0,Remote,2026-01-04T16:00,2026-01-05T16:00
T01506,Machine Learning,Python,Critical,5.7,7.8,Remote,2026-02-05T02:00,2026-02-05T09:48
T01507,Software Development,JavaScript,High,8.0,16.7,Bangalore,2026-08-23T18:00,2026-08-24T10:42
T01508,Software Development,Spring Boot|Node.js,Medium,1.9,12.0,Coimbatore,2026-02-27T18:00,2026-02-28T06:00
T01509,Data Engineering,Python,High,11.7,18.4,Mumbai,2026-08-22T08:00,2026-08-23T02:24
T01510,Cloud/DevOps,Python,Critical,9.7,16.1,Remote,2026-02-08T06:00,2026-02-08T22:06
T01511,Database,Java|MongoDB|SQL,Medium,3.4,12.0,Bangalore,2026-03-30T23:00,2026-03-31T11:00
T01512,Support,Java,High,6.7,10.3,Hyderabad,2026-06-08T15:00,2026-06-09T01:18
T01513,Bug Fix,Java,Critical,3.6,4.5,Pune,2026-08-16T20:00,2026-08-17T00:30
T01514,Machine Learning,PyTorch|Python|SQL,Medium,5.0,14.5,Remote,2026-01-05T12:00,2026-01-06T02:30
T01515,Machine Learning,Deep Learning|PyTorch|Machine Learning,Critical,3.8,4.8,Mumbai,2026-02-02T09:00,2026-02-02T13:48
T01516,Cloud/DevOps,AWS,Medium,7.1,22.7,Delhi,2026-08-23T12:00,2026-08-24T10:42
T01517,Software Development,Node.js,Medium,5.6,24.3,Hyderabad,2026-07-07T06:00,2026-07-08T06:18
T01518,Support,Azure|Linux,High,6.5,15.4,Mumbai,2026-06-13T20:00,2026-06-14T11:24
T01519,Software Development,React,Medium,3.2,12.0,Mumbai,2026-03-19T04:00,2026-03-19T16:00
T01520,Machine Learning,SQL,Medium,10.4,24.9,Delhi,2026-01-04T02:00,2026-01-05T02:54
T01521,Testing,SQL,Medium,7.2,31.4,Pune,2026-03-05T01:00,2026-03-06T08:24
T01522,Bug Fix,Java,High,10.2,25.7,Mumbai,2026-04-24T08:00,2026-04-25T09:42
T01523,Software Development,C++|Node.js|Spring Boot,Critical,6.1,7.4,Coimbatore,2026-03-25T18:00,2026-03-26T01:24
T01524,Cybersecurity,AWS|Linux,High,9.5,28.1,Kolkata,2026-01-31T13:00,2026-02-01T17:06
T01525,Support,Python|Java|Linux,Low,7.2,36.8,Bangalore,2026-04-25T09:00,2026-04-26T21:48
T01526,Software Development,C++,Medium,18.4,80.8,Bangalore,2026-05-16T06:00,2026-05-19T14:48
T01527,Cloud/DevOps,Linux|Azure,Low,5.7,24.0,Remote,2026-06-06T13:00,2026-06-07T13:00
T01528,Software Development,Java|C++,High,8.4,22.1,Chennai,2026-02-13T09:00,2026-02-14T07:06
T01529,Machine Learning,SQL|Machine Learning,Low,13.8,53.2,Mumbai,2026-03-04T03:00,2026-03-06T08:12
T01530,Bug Fix,Node.js|Spring Boot|Java,High,6.6,17.6,Remote,2026-06-29T09:00,2026-06-30T02:36
T01531,Machine Learning,Deep Learning|SQL|Python,High,11.9,26.1,Kolkata,2026-05-30T09:00,2026-05-31T11:06
T01532,Bug Fix,Node.js|SQL,Low,5.1,28.9,Remote,2026-02-27T12:00,2026-02-28T16:54
T01533,Bug Fix,Spring Boot|Node.js|Python,Medium,11.2,49.4,Pune,2026-03-16T02:00,2026-03-18T03:24
T01534,Testing,Selenium,Critical,2.2,3.2,Chennai,2026-04-24T14:00,2026-04-24T17:12
T01535,Data Engineering,SQL|AWS|Spark,Medium,10.9,29.3,Bangalore,2026-01-19T19:00,2026-01-21T00:18
T01536,Testing,Python,Medium,13.8,57.0,Chennai,2026-01-21T13:00,2026-01-23T22:00
T01537,Data Engineering,Azure|Python|SQL,Low,4.7,30.9,Kolkata,2026-08-19T03:00,2026-08-20T09:54
T01538,Data Engineering,Python|SQL|Spark,High,5.3,10.0,Hyderabad,2026-05-03T23:00,2026-05-04T09:00
T01539,Software Development,Spring Boot|Node.js,Medium,9.6,29.4,Remote,2026-01-02T08:00,2026-01-03T13:24
T01540,Support,Linux,High,9.0,26.9,Coimbatore,2026-02-03T03:00,2026-02-04T05:54
T01541,Bug Fix,JavaScript|Spring Boot,High,25.1,45.9,Chennai,2026-05-23T06:00,2026-05-25T03:54
T01542,Machine Learning,PyTorch|Deep Learning|Python,High,5.4,8.8,Hyderabad,2026-04-01T08:00,2026-04-01T16:48
T01543,Cybersecurity,Cybersecurity|Azure,Medium,6.4,29.0,Delhi,2026-02-10T19:00,2026-02-12T00:00
T01544,Software Development,Python|Spring Boot,Medium,3.2,14.1,Mumbai,2026-06-07T13:00,2026-06-08T03:06
T01545,Software Development,Node.js|JavaScript,High,8.2,12.7,Delhi,2026-05-04T19:00,2026-05-05T07:42
T01546,Machine Learning,Deep Learning|PyTorch|Machine Learning,High,6.5,12.7,Remote,2026-05-15T00:00,2026-05-15T12:42
T01547,Data Engineering,SQL|Azure,High,5.1,14.0,Coimbatore,2026-05-10T00:00,2026-05-10T14:00
T01548,Data Engineering,SQL|PostgreSQL,High,12.9,25.6,Bangalore,2026-04-12T05:00,2026-04-13T06:36
T01549,Support,Azure|SQL|Python,Critical,7.6,8.9,Remote,2026-02-04T23:00,2026-02-05T07:54
T01550,Data Engineering,SQL|Spark|Python,High,6.6,12.1,Remote,2026-05-20T11:00,2026-05-20T23:06
T01551,Machine Learning,SQL,Critical,5.4,7.9,Hyderabad,2026-04-27T00:00,2026-04-27T07:54
T01552,Testing,Selenium,High,4.8,13.2,Remote,2026-03-26T04:00,2026-03-26T17:12
T01553,Cybersecurity,Python,Critical,8.5,13.5,Pune,2026-06-20T20:00,2026-06-21T09:30
T01554,Cloud/DevOps,Kubernetes|Linux,High,9.7,17.5,Hyderabad,2026-06-20T19:00,2026-06-21T12:30
T01555,Cloud/DevOps,Kubernetes|Docker|Python,Medium,13.2,41.5,Coimbatore,2026-05-30T09:00,2026-06-01T02:30
T01556,Machine Learning,Machine Learning|Python,Medium,2.7,12.0,Pune,2026-05-28T10:00,2026-05-28T22:00
T01557,Bug Fix,Python|Spring Boot,Medium,6.6,29.9,Bangalore,2026-06-23T18:00,2026-06-24T23:54
T01558,Machine Learning,TensorFlow,High,4.8,12.8,Remote,2026-02-08T21:00,2026-02-09T09:48
T01559,Testing,SQL,Low,7.2,41.2,Hyderabad,2026-02-10T21:00,2026-02-12T14:12
T01560,Data Engineering,Python|Spark,High,8.8,23.9,Kolkata,2026-03-26T23:00,2026-03-27T22:54
T01561,Cybersecurity,AWS,Medium,7.1,34.2,Mumbai,2026-07-13T18:00,2026-07-15T04:12
T01562,Data Engineering,Python,Medium,6.3,30.2,Pune,2026-02-27T09:00,2026-02-28T15:12
T01563,Data Engineering,Spark,High,9.6,16.9,Remote,2026-04-20T00:00,2026-04-20T16:54
T01564,Testing,SQL|Selenium,Low,9.3,47.0,Mumbai,2026-06-07T14:00,2026-06-09T13:00
T01565,Machine Learning,TensorFlow|SQL,Low,5.1,25.7,Hyderabad,2026-02-20T18:00,2026-02-21T19:42
T01566,Software Development,JavaScript,Critical,6.8,11.1,Mumbai,2026-06-10T03:00,2026-06-10T14:06
T01567,Database,SQL|Java|PostgreSQL,Medium,15.2,32.1,Bangalore,2026-02-22T10:00,2026-02-23T18:06
T01568,Data Engineering,SQL|Python|Spark,Medium,5.0,12.9,Delhi,2026-06-15T12:00,2026-06-16T00:54
T01569,Testing,JavaScript,High,9.2,22.5,Coimbatore,2026-01-10T09:00,2026-01-11T07:30
T01570,Data Engineering,SQL,Low,5.2,34.0,Remote,2026-06-19T02:00,2026-06-20T12:00
T01571,Data Engineering,Python|AWS|SQL,Medium,7.3,20.0,Bangalore,2026-05-14T18:00,2026-05-15T14:00
T01572,Cloud/DevOps,Python|Azure|Linux,Low,2.5,24.0,Hyderabad,2026-05-08T20:00,2026-05-09T20:00
T01573,Machine Learning,PyTorch|SQL|Machine Learning,Low,4.9,31.7,Hyderabad,2026-08-28T01:00,2026-08-29T08:42
T01574,Machine Learning,Machine Learning,Medium,3.7,12.0,Delhi,2026-05-02T05:00,2026-05-02T17:00
T01575,Software Development,React|Java|Node.js,Medium,8.9,21.0,Remote,2026-02-01T15:00,2026-02-02T12:00
T01576,Machine Learning,Python|SQL,Low,3.7,24.0,Remote,2026-02-24T10:00,2026-02-25T10:00
T01577,Support,AWS|Linux|SQL,Critical,5.8,8.9,Pune,2026-03-18T05:00,2026-03-18T13:54
T01578,Testing,SQL|Java,Medium,7.5,19.7,Hyderabad,2026-07-02T16:00,2026-07-03T11:42
T01579,Data Engineering,SQL,Critical,6.1,9.9,Pune,2026-08-25T04:00,2026-08-25T13:54
T01580,Data Engineering,AWS|Azure,Medium,6.8,28.6,Mumbai,2026-03-28T23:00,2026-03-30T03:36
T01581,Software Development,Python|Node.js,Critical,4.9,5.6,Delhi,2026-05-19T14:00,2026-05-19T19:36
T01582,Database,SQL,High,4.1,7.8,Hyderabad,2026-03-25T01:00,2026-03-25T08:48
T01583,Database,MongoDB|PostgreSQL|Java,Critical,11.0,14.6,Chennai,2026-01-03T12:00,2026-01-04T02:36
T01584,Bug Fix,SQL,Medium,5.5,23.9,Delhi,2026-08-14T15:00,2026-08-15T14:54
T01585,Database,MongoDB|Python|SQL,Medium,4.3,13.3,Pune,2026-03-20T14:00,2026-03-21T03:18
T01586,Bug Fix,C++,High,5.0,12.9,Coimbatore,2026-07-14T11:00,2026-07-14T23:54
T01587,Cloud/DevOps,Kubernetes|Docker,Low,9.1,36.9,Mumbai,2026-01-27T19:00,2026-01-29T07:54
T01588,Support,Java|Linux,Low,6.0,37.8,Bangalore,2026-06-04T06:00,2026-06-05T19:48
T01589,Bug Fix,Node.js,Medium,7.1,26.3,Kolkata,2026-04-16T07:00,2026-04-17T09:18
T01590,Software Development,Node.js|React|Python,Low,3.5,24.0,Remote,2026-05-19T22:00,2026-05-20T22:00
T01591,Data Engineering,Azure|PostgreSQL,High,6.3,14.6,Mumbai,2026-03-05T15:00,2026-03-06T05:36
T01592,Machine Learning,SQL|PyTorch|Deep Learning,Medium,7.4,23.3,Pune,2026-03-23T08:00,2026-03-24T07:18
T01593,Software Development,Spring Boot|C++|Node.js,High,4.5,7.1,Coimbatore,2026-03-06T16:00,2026-03-06T23:06
T01594,Bug Fix,SQL|Java,High,5.9,17.6,Remote,2026-07-20T10:00,2026-07-21T03:36
T01595,Database,Python|SQL,High,3.1,7.3,Delhi,2026-08-07T20:00,2026-08-08T03:18
T01596,Testing,SQL|JavaScript|Java,Medium,5.6,16.4,Coimbatore,2026-04-15T21:00,2026-04-16T13:24
T01597,Machine Learning,Deep Learning|TensorFlow,High,3.3,6.7,Hyderabad,2026-05-24T15:00,2026-05-24T21:42
T01598,Machine Learning,PyTorch,High,5.7,14.0,Mumbai,2026-06-10T21:00,2026-06-11T11:00
T01599,Cybersecurity,Python,Medium,8.7,36.2,Bangalore,2026-02-17T06:00,2026-02-18T18:12
T01600,Cloud/DevOps,Azure,Medium,5.5,18.0,Hyderabad,2026-05-06T23:00,2026-05-07T17:00
T01601,Cloud/DevOps,Docker|Linux|Python,High,5.1,12.7,Hyderabad,2026-01-28T02:00,2026-01-28T14:42
T01602,Cloud/DevOps,Docker|Azure,Medium,4.9,23.0,Remote,2026-04-13T06:00,2026-04-14T05:00
T01603,Cybersecurity,Azure|Linux|Python,Medium,18.3,51.7,Kolkata,2026-02-11T18:00,2026-02-13T21:42
T01604,Machine Learning,Deep Learning|TensorFlow|SQL,Low,7.2,29.7,Remote,2026-04-08T16:00,2026-04-09T21:42
T01605,Support,Linux|AWS,High,7.5,17.7,Remote,2026-04-23T09:00,2026-04-24T02:42
T01606,Support,Java|SQL|Linux,Medium,8.6,18.8,Bangalore,2026-08-08T16:00,2026-08-09T10:48
T01607,Database,Python,Medium,11.4,29.4,Delhi,2026-02-09T16:00,2026-02-10T21:24
T01608,Cloud/DevOps,Linux|Azure,High,4.1,6.4,Pune,2026-05-07T20:00,2026-05-08T02:24
T01609,Cybersecurity,AWS|Cybersecurity,Low,7.3,51.9,Bangalore,2026-07-13T19:00,2026-07-15T22:54
T01610,Bug Fix,SQL,Low,8.4,61.3,Mumbai,2026-05-02T19:00,2026-05-05T08:18
T01611,Cybersecurity,Python,Medium,11.1,54.3,Remote,2026-06-30T20:00,2026-07-03T02:18
T01612,Bug Fix,Node.js|Python|Java,Medium,5.1,14.2,Mumbai,2026-05-28T05:00,2026-05-28T19:12
T01613,Cybersecurity,Cybersecurity,Low,12.7,41.2,Hyderabad,2026-05-16T17:00,2026-05-18T10:12
T01614,Data Engineering,PostgreSQL,Medium,7.0,32.0,Hyderabad,2026-04-12T14:00,2026-04-13T22:00
T01615,Database,PostgreSQL|MongoDB,Medium,6.8,18.3,Kolkata,2026-04-17T04:00,2026-04-17T22:18
T01616,Cybersecurity,AWS|Cybersecurity|Azure,Medium,3.7,12.0,Pune,2026-07-18T03:00,2026-07-18T15:00
T01617,Software Development,C++,High,5.6,12.3,Hyderabad,2026-05-11T13:00,2026-05-12T01:18
T01618,Testing,Python,Low,2.2,24.0,Chennai,2026-01-14T04:00,2026-01-15T04:00
T01619,Data Engineering,AWS|Spark|PostgreSQL,Medium,2.2,12.0,Bangalore,2026-02-26T03:00,2026-02-26T15:00
T01620,Machine Learning,PyTorch,Critical,6.8,8.1,Bangalore,2026-03-10T06:00,2026-03-10T14:06
T01621,Cybersecurity,Cybersecurity|Linux|Azure,High,4.6,8.7,Kolkata,2026-04-24T01:00,2026-04-24T09:42
T01622,Bug Fix,C++|Java|Spring Boot,High,3.4,7.3,Delhi,2026-05-31T21:00,2026-06-01T04:18
T01623,Database,Java|MongoDB|PostgreSQL,Medium,7.6,29.8,Hyderabad,2026-02-18T20:00,2026-02-20T01:48
T01624,Bug Fix,Python,High,6.4,14.3,Hyderabad,2026-01-20T12:00,2026-01-21T02:18
T01625,Machine Learning,SQL|Machine Learning,Low,6.4,49.5,Remote,2026-01-11T06:00,2026-01-13T07:30
T01626,Bug Fix,C++|Python,Critical,6.9,7.8,Mumbai,2026-01-06T23:00,2026-01-07T06:48
T01627,Database,Python|MongoDB|Java,High,5.3,8.8,Kolkata,2026-01-21T08:00,2026-01-21T16:48
T01628,Database,MongoDB|Python,Low,10.4,76.0,Pune,2026-08-08T13:00,2026-08-11T17:00
T01629,Cybersecurity,Azure|Linux,Medium,8.7,26.3,Coimbatore,2026-01-18T10:00,2026-01-19T12:18
T01630,Data Engineering,AWS|Python,High,7.4,15.4,Remote,2026-03-03T18:00,2026-03-04T09:24
T01631,Testing,Java|JavaScript|SQL,Medium,3.4,16.4,Bangalore,2026-04-07T13:00,2026-04-08T05:24
T01632,Data Engineering,Python,Critical,3.5,5.1,Hyderabad,2026-02-04T09:00,2026-02-04T14:06
T01633,Cloud/DevOps,Linux|Kubernetes|AWS,High,5.8,15.9,Pune,2026-08-27T05:00,2026-08-27T20:54
T01634,Software Development,Python|Node.js|C++,Medium,7.2,19.8,Mumbai,2026-08-26T02:00,2026-08-26T21:48
T01635,Cloud/DevOps,AWS|Kubernetes|Python,Medium,3.5,12.0,Pune,2026-03-03T04:00,2026-03-03T16:00
T01636,Machine Learning,TensorFlow|Machine Learning|PyTorch,Low,8.3,29.6,Bangalore,2026-03-27T15:00,2026-03-28T20:36
T01637,Cloud/DevOps,Docker|Linux|Kubernetes,High,4.5,11.7,Remote,2026-05-10T00:00,2026-05-10T11:42
T01638,Machine Learning,Deep Learning|SQL,Medium,6.0,21.2,Remote,2026-03-09T02:00,2026-03-09T23:12
T01639,Software Development,React|Java,High,3.3,8.3,Remote,2026-04-24T05:00,2026-04-24T13:18
T01640,Cloud/DevOps,Linux,High,3.0,6.5,Pune,2026-08-22T23:00,2026-08-23T05:30
T01641,Data Engineering,PostgreSQL|SQL,Medium,5.5,18.5,Kolkata,2026-08-02T08:00,2026-08-03T02:30
T01642,Cloud/DevOps,Azure,Critical,6.3,7.3,Delhi,2026-06-12T05:00,2026-06-12T12:18
T01643,Support,Linux,High,2.6,6.1,Bangalore,2026-04-30T14:00,2026-04-30T20:06
T01644,Testing,Selenium,Medium,5.6,21.1,Mumbai,2026-02-21T21:00,2026-02-22T18:06
T01645,Cybersecurity,AWS,Medium,12.0,47.2,Bangalore,2026-08-16T07:00,2026-08-18T06:12
T01646,Testing,Java|Selenium|JavaScript,Medium,5.1,18.1,Remote,2026-08-01T19:00,2026-08-02T13:06
T01647,Bug Fix,Python,High,3.8,10.6,Chennai,2026-04-27T07:00,2026-04-27T17:36
T01648,Support,Azure,High,4.5,13.2,Bangalore,2026-04-04T10:00,2026-04-04T23:12
T01649,Cloud/DevOps,Docker|Linux|AWS,High,7.5,17.4,Remote,2026-01-27T09:00,2026-01-28T02:24
T01650,Cybersecurity,Cybersecurity|Azure,High,3.8,8.9,Chennai,2026-06-20T20:00,2026-06-21T04:54
T01651,Testing,Java|Selenium,Low,4.9,27.0,Kolkata,2026-05-14T07:00,2026-05-15T10:00
T01652,Support,Linux|Java,Medium,7.0,32.3,Pune,2026-06-01T07:00,2026-06-02T15:18
T01653,Cybersecurity,Linux|Azure|AWS,High,4.2,12.2,Bangalore,2026-02-10T21:00,2026-02-11T09:12
T01654,Bug Fix,Python,Low,7.0,26.7,Pune,2026-03-03T11:00,2026-03-04T13:42
T01655,Machine Learning,Deep Learning,High,8.8,24.6,Coimbatore,2026-07-01T22:00,2026-07-02T22:36
T01656,Database,Python,Medium,7.2,26.8,Remote,2026-06-11T03:00,2026-06-12T05:48
T01657,Data Engineering,Azure|SQL|Python,High,5.5,14.3,Bangalore,2026-02-03T07:00,2026-02-03T21:18
T01658,Software Development,JavaScript,Critical,9.1,11.2,Delhi,2026-01-02T02:00,2026-01-02T13:12
T01659,Bug Fix,JavaScript,High,5.1,9.5,Remote,2026-03-06T17:00,2026-03-07T02:30
T01660,Support,SQL|Java|Linux,Critical,11.9,18.6,Remote,2026-03-22T13:00,2026-03-23T07:36
T01661,Software Development,React,Medium,7.2,24.3,Delhi,2026-07-29T02:00,2026-07-30T02:18
T01662,Machine Learning,PyTorch,Critical,6.9,11.4,Hyderabad,2026-03-25T16:00,2026-03-26T03:24
T01663,Database,SQL|MongoDB,High,7.7,16.8,Hyderabad,2026-03-15T14:00,2026-03-16T06:48
T01664,Support,SQL|Azure,Critical,2.9,4.8,Hyderabad,2026-05-29T12:00,2026-05-29T16:48
T01665,Data Engineering,Azure,Medium,7.4,22.6,Bangalore,2026-03-19T09:00,2026-03-20T07:36
T01666,Bug Fix,Spring Boot|JavaScript|Java,Medium,11.0,25.1,Chennai,2026-06-07T18:00,2026-06-08T19:06
T01667,Cloud/DevOps,Azure|AWS|Linux,High,8.3,13.4,Bangalore,2026-05-25T14:00,2026-05-26T03:24
T01668,Database,SQL|Python,Critical,7.6,11.5,Remote,2026-06-09T19:00,2026-06-10T06:30
T01669,Machine Learning,SQL|Deep Learning|PyTorch,High,2.8,8.4,Bangalore,2026-07-02T09:00,2026-07-02T17:24
T01670,Cybersecurity,Python|AWS,Medium,10.1,30.9,Coimbatore,2026-08-28T19:00,2026-08-30T01:54
T01671,Cloud/DevOps,Azure|Docker,High,11.6,20.2,Mumbai,2026-02-17T14:00,2026-02-18T10:12
T01672,Testing,SQL|Selenium|Java,High,12.2,29.4,Kolkata,2026-03-18T16:00,2026-03-19T21:24
T01673,Database,Java,Medium,3.3,12.7,Kolkata,2026-04-02T21:00,2026-04-03T09:42
T01674,Support,AWS,High,5.4,12.1,Remote,2026-01-08T17:00,2026-01-09T05:06
T01675,Testing,Python|Selenium,Critical,3.3,4.8,Pune,2026-05-01T12:00,2026-05-01T16:48
T01676,Cybersecurity,Linux|Python,High,6.2,11.2,Remote,2026-02-08T18:00,2026-02-09T05:12
T01677,Support,Python,Medium,6.4,18.4,Chennai,2026-07-03T11:00,2026-07-04T05:24
T01678,Data Engineering,Azure|AWS|PostgreSQL,High,5.1,14.0,Chennai,2026-07-26T20:00,2026-07-27T10:00
T01679,Cybersecurity,AWS,Low,5.1,38.3,Chennai,2026-02-26T08:00,2026-02-27T22:18
T01680,Data Engineering,AWS|Spark,Medium,4.1,15.0,Remote,2026-07-06T04:00,2026-07-06T19:00
T01681,Support,Azure,High,5.0,13.6,Remote,2026-07-16T00:00,2026-07-16T13:36
T01682,Database,SQL|MongoDB,Medium,10.9,33.9,Chennai,2026-03-23T06:00,2026-03-24T15:54
T01683,Software Development,Java,High,12.2,25.7,Remote,2026-01-17T12:00,2026-01-18T13:42
T01684,Cloud/DevOps,Azure|AWS|Docker,Medium,3.9,14.4,Kolkata,2026-07-23T23:00,2026-07-24T13:24
T01685,Testing,SQL|Selenium,Medium,5.7,12.0,Coimbatore,2026-07-05T03:00,2026-07-05T15:00
T01686,Database,Python,High,6.8,14.0,Coimbatore,2026-07-01T13:00,2026-07-02T03:00
T01687,Machine Learning,Deep Learning|SQL,Critical,3.7,6.5,Delhi,2026-01-17T14:00,2026-01-17T20:30
T01688,Testing,Python|SQL|JavaScript,Critical,2.4,2.9,Chennai,2026-06-15T13:00,2026-06-15T15:54
T01689,Data Engineering,Python,Medium,4.5,20.8,Bangalore,2026-05-10T08:00,2026-05-11T04:48
T01690,Cybersecurity,Linux,Critical,3.2,4.3,Hyderabad,2026-04-19T00:00,2026-04-19T04:18
T01691,Testing,Selenium|Python,Medium,5.9,21.4,Mumbai,2026-08-06T04:00,2026-08-07T01:24
T01692,Machine Learning,TensorFlow|Deep Learning|Machine Learning,Low,8.3,34.2,Chennai,2026-05-08T11:00,2026-05-09T21:12
T01693,Bug Fix,JavaScript,Medium,5.3,21.8,Remote,2026-06-17T07:00,2026-06-18T04:48
T01694,Software Development,Python|React|C++,High,4.5,11.1,Kolkata,2026-01-20T14:00,2026-01-21T01:06
T01695,Data Engineering,Spark|AWS,High,9.6,22.4,Mumbai,2026-06-19T05:00,2026-06-20T03:24
T01696,Cloud/DevOps,Azure,Medium,3.7,12.0,Mumbai,2026-07-09T12:00,2026-07-10T00:00
T01697,Cybersecurity,Azure,Medium,5.4,12.0,Mumbai,2026-02-04T23:00,2026-02-05T11:00
T01698,Support,SQL|Java|AWS,Medium,4.3,12.1,Hyderabad,2026-01-19T04:00,2026-01-19T16:06
T01699,Machine Learning,Machine Learning|Deep Learning,Medium,6.5,27.3,Coimbatore,2026-05-06T08:00,2026-05-07T11:18
T01700,Bug Fix,Node.js|JavaScript,High,11.9,22.5,Remote,2026-06-07T19:00,2026-06-08T17:30
T01701,Software Development,Python|React,Medium,6.2,28.7,Coimbatore,2026-03-11T17:00,2026-03-12T21:42
T01702,Machine Learning,SQL,Medium,6.6,31.7,Remote,2026-08-24T08:00,2026-08-25T15:42
T01703,Support,Linux|AWS|SQL,Medium,3.5,12.0,Pune,2026-06-12T07:00,2026-06-12T19:00
T01704,Cybersecurity,Python,High,5.1,12.9,Delhi,2026-07-09T18:00,2026-07-10T06:54
T01705,Machine Learning,SQL|Machine Learning,Medium,9.7,22.4,Remote,2026-04-22T21:00,2026-04-23T19:24
T01706,Cloud/DevOps,Python|Kubernetes,Medium,4.6,12.0,Kolkata,2026-02-07T00:00,2026-02-07T12:00
T01707,Cybersecurity,Azure,High,6.5,12.8,Hyderabad,2026-06-01T11:00,2026-06-01T23:48
T01708,Data Engineering,AWS|Azure|Spark,High,7.1,21.0,Mumbai,2026-05-16T13:00,2026-05-17T10:00
T01709,Software Development,Java|C++|Spring Boot,Medium,6.5,24.3,Remote,2026-01-19T08:00,2026-01-20T08:18
T01710,Cloud/DevOps,AWS,High,6.3,14.4,Pune,2026-03-22T05:00,2026-03-22T19:24
T01711,Testing,Python|JavaScript,High,7.1,14.6,Bangalore,2026-02-28T11:00,2026-03-01T01:36
T01712,Cloud/DevOps,Docker|Linux,Medium,8.0,33.8,Remote,2026-07-11T21:00,2026-07-13T06:48
T01713,Data Engineering,Python,Medium,7.6,29.1,Coimbatore,2026-01-18T21:00,2026-01-20T02:06
T01714,Testing,JavaScript|Java|Python,High,4.0,10.5,Remote,2026-02-17T08:00,2026-02-17T18:30
T01715,Testing,Selenium|Python,High,3.8,10.7,Remote,2026-04-13T12:00,2026-04-13T22:42
T01716,Support,SQL,Medium,6.2,20.5,Remote,2026-05-14T21:00,2026-05-15T17:30
T01717,Bug Fix,Python|Node.js|Spring Boot,High,15.4,37.4,Remote,2026-02-09T07:00,2026-02-10T20:24
T01718,Data Engineering,PostgreSQL,Medium,3.6,13.3,Delhi,2026-08-04T12:00,2026-08-05T01:18
T01719,Machine Learning,Deep Learning,Low,8.7,48.0,Chennai,2026-05-25T17:00,2026-05-27T17:00
T01720,Software Development,JavaScript|Python|Spring Boot,High,4.1,9.7,Chennai,2026-06-08T23:00,2026-06-09T08:42
T01721,Support,AWS,Critical,3.9,5.2,Coimbatore,2026-03-27T05:00,2026-03-27T10:12
T01722,Cybersecurity,Azure,Low,6.9,48.2,Remote,2026-03-25T10:00,2026-03-27T10:12
T01723,Software Development,JavaScript|Java,High,3.5,6.3,Coimbatore,2026-02-12T08:00,2026-02-12T14:18
T01724,Support,Linux|Python,High,3.7,6.8,Mumbai,2026-04-28T12:00,2026-04-28T18:48
T01725,Cybersecurity,Linux|Azure|AWS,Medium,8.2,31.8,Remote,2026-06-24T08:00,2026-06-25T15:48
T01726,Cybersecurity,Python,High,3.7,6.0,Mumbai,2026-04-21T04:00,2026-04-21T10:00
T01727,Cybersecurity,Azure,Medium,4.1,19.0,Coimbatore,2026-05-13T01:00,2026-05-13T20:00
T01728,Testing,SQL,Critical,7.8,13.2,Hyderabad,2026-05-11T00:00,2026-05-11T13:12
T01729,Database,Python,Low,3.1,24.7,Delhi,2026-06-11T07:00,2026-06-12T07:42
T01730,Software Development,Python|JavaScript,Medium,2.1,12.0,Coimbatore,2026-05-21T06:00,2026-05-21T18:00
T01731,Bug Fix,C++|Spring Boot|JavaScript,High,3.7,10.1,Pune,2026-01-13T07:00,2026-01-13T17:06
T01732,Testing,Python,Critical,6.3,11.3,Chennai,2026-05-21T04:00,2026-05-21T15:18
T01733,Data Engineering,PostgreSQL|SQL,Medium,11.9,27.5,Pune,2026-04-01T12:00,2026-04-02T15:30
T01734,Testing,Selenium|Java,Medium,6.9,14.7,Kolkata,2026-08-20T06:00,2026-08-20T20:42
T01735,Testing,JavaScript|Selenium|Python,Medium,6.1,17.3,Remote,2026-05-18T15:00,2026-05-19T08:18
T01736,Database,MongoDB|Java,Low,15.5,105.9,Remote,2026-06-24T03:00,2026-06-28T12:54
T01737,Data Engineering,Python|PostgreSQL,Medium,3.1,12.0,Remote,2026-06-05T05:00,2026-06-05T17:00
T01738,Bug Fix,SQL,Medium,8.5,35.4,Chennai,2026-07-11T12:00,2026-07-12T23:24
T01739,Testing,JavaScript,Medium,6.1,21.2,Remote,2026-03-11T16:00,2026-03-12T13:12
T01740,Database,MongoDB|PostgreSQL|Java,Medium,4.4,14.7,Pune,2026-06-10T18:00,2026-06-11T08:42
T01741,Machine Learning,Python|PyTorch|SQL,High,4.5,7.6,Pune,2026-02-02T13:00,2026-02-02T20:36
T01742,Software Development,Java|Spring Boot,High,8.6,14.0,Chennai,2026-02-27T07:00,2026-02-27T21:00
T01743,Cloud/DevOps,Kubernetes|Azure,Low,7.4,24.3,Kolkata,2026-08-12T01:00,2026-08-13T01:18
T01744,Testing,JavaScript,Medium,3.8,12.0,Remote,2026-08-24T17:00,2026-08-25T05:00
T01745,Testing,Java,Low,6.3,31.2,Pune,2026-06-15T03:00,2026-06-16T10:12
T01746,Cybersecurity,Linux,Medium,3.1,12.0,Bangalore,2026-07-16T09:00,2026-07-16T21:00
T01747,Testing,Python,High,9.5,16.7,Coimbatore,2026-03-05T16:00,2026-03-06T08:42
T01748,Support,SQL|Azure|Linux,Medium,6.1,19.2,Chennai,2026-02-07T04:00,2026-02-07T23:12
T01749,Software Development,Node.js,Medium,7.2,34.6,Bangalore,2026-06-12T11:00,2026-06-13T21:36
T01750,Software Development,JavaScript|Python|React,High,5.6,13.2,Hyderabad,2026-01-13T08:00,2026-01-13T21:12
T01751,Support,SQL|Azure|Java,Medium,6.5,14.9,Hyderabad,2026-05-21T01:00,2026-05-21T15:54
T01752,Cloud/DevOps,AWS|Python|Kubernetes,Medium,5.8,25.1,Kolkata,2026-02-16T23:00,2026-02-18T00:06
T01753,Data Engineering,Python,Medium,10.5,44.4,Kolkata,2026-02-28T23:00,2026-03-02T19:24
T01754,Cybersecurity,Linux|Azure,Low,8.2,60.3,Pune,2026-01-27T04:00,2026-01-29T16:18
T01755,Bug Fix,Java|Node.js,Medium,5.9,16.3,Hyderabad,2026-05-20T11:00,2026-05-21T03:18
T01756,Software Development,C++,Medium,2.1,12.0,Bangalore,2026-05-20T07:00,2026-05-20T19:00
T01757,Cloud/DevOps,AWS,High,3.4,6.2,Remote,2026-03-05T01:00,2026-03-05T07:12
T01758,Bug Fix,C++,Critical,3.0,4.2,Kolkata,2026-04-03T11:00,2026-04-03T15:12
T01759,Cybersecurity,Cybersecurity|Linux|Python,Medium,7.1,16.2,Bangalore,2026-03-03T21:00,2026-03-04T13:12
T01760,Cybersecurity,AWS,High,4.2,12.4,Bangalore,2026-06-10T21:00,2026-06-11T09:24
T01761,Cloud/DevOps,Docker|Linux|Python,Low,6.4,49.8,Remote,2026-04-03T15:00,2026-04-05T16:48
T01762,Bug Fix,SQL,Medium,10.8,47.6,Delhi,2026-07-18T20:00,2026-07-20T19:36
T01763,Database,Python|Java|SQL,Medium,5.4,12.0,Remote,2026-03-29T12:00,2026-03-30T00:00
T01764,Testing,Python|Selenium,Medium,1.9,12.0,Coimbatore,2026-04-03T06:00,2026-04-03T18:00
T01765,Bug Fix,Java|Spring Boot|JavaScript,High,6.4,12.5,Chennai,2026-07-13T01:00,2026-07-13T13:30
T01766,Support,Python,High,7.4,13.3,Mumbai,2026-05-19T03:00,2026-05-19T16:18
T01767,Testing,Python|SQL|Java,Medium,12.1,28.5,Remote,2026-03-21T00:00,2026-03-22T04:30
T01768,Cybersecurity,Python|AWS,Medium,8.7,41.9,Bangalore,2026-06-30T12:00,2026-07-02T05:54
T01769,Cloud/DevOps,AWS|Azure,High,6.4,17.2,Delhi,2026-01-06T08:00,2026-01-07T01:12
T01770,Machine Learning,Python|PyTorch|SQL,Low,6.4,37.4,Coimbatore,2026-06-05T03:00,2026-06-06T16:24
T01771,Testing,SQL,High,9.3,24.5,Bangalore,2026-02-11T18:00,2026-02-12T18:30
T01772,Data Engineering,PostgreSQL|SQL|Azure,High,6.9,18.4,Kolkata,2026-03-22T14:00,2026-03-23T08:24
T01773,Software Development,Java|Node.js,High,4.6,12.7,Coimbatore,2026-07-31T05:00,2026-07-31T17:42
T01774,Cybersecurity,Python|AWS,Medium,6.2,17.0,Coimbatore,2026-07-07T07:00,2026-07-08T00:00
T01775,Machine Learning,Python|SQL,Medium,7.5,30.6,Mumbai,2026-02-03T09:00,2026-02-04T15:36
T01776,Data Engineering,Spark|SQL|Python,Medium,1.8,12.0,Mumbai,2026-06-21T11:00,2026-06-21T23:00
T01777,Cloud/DevOps,Docker,Medium,3.5,16.9,Remote,2026-03-11T19:00,2026-03-12T11:54
T01778,Testing,JavaScript|Python,High,5.6,8.9,Chennai,2026-07-24T05:00,2026-07-24T13:54
T01779,Data Engineering,Azure|Python,High,8.5,13.9,Remote,2026-07-08T06:00,2026-07-08T19:54
T01780,Data Engineering,SQL|AWS|PostgreSQL,Medium,3.3,12.0,Coimbatore,2026-02-22T07:00,2026-02-22T19:00
T01781,Testing,Python|Java|SQL,Medium,14.4,37.1,Pune,2026-06-19T23:00,2026-06-21T12:06
T01782,Machine Learning,TensorFlow|Python,Low,2.6,24.0,Remote,2026-02-24T21:00,2026-02-25T21:00
T01783,Support,Java|SQL|AWS,High,19.6,32.8,Chennai,2026-02-17T23:00,2026-02-19T07:48
T01784,Database,PostgreSQL|Java|SQL,Medium,5.6,13.3,Hyderabad,2026-01-22T03:00,2026-01-22T16:18
T01785,Data Engineering,Python|Azure,Low,6.7,24.0,Chennai,2026-06-28T16:00,2026-06-29T16:00
T01786,Testing,Python|Selenium|Java,High,5.6,16.4,Pune,2026-08-12T21:00,2026-08-13T13:24
T01787,Cybersecurity,Cybersecurity|Python|AWS,Medium,3.7,18.4,Pune,2026-04-17T21:00,2026-04-18T15:24
T01788,Software Development,Node.js,Low,4.4,29.0,Hyderabad,2026-05-12T01:00,2026-05-13T06:00
T01789,Database,MongoDB,Medium,6.5,22.6,Delhi,2026-04-16T21:00,2026-04-17T19:36
T01790,Data Engineering,Spark,High,7.5,16.4,Bangalore,2026-07-02T21:00,2026-07-03T13:24
T01791,Database,Java,Medium,4.3,20.7,Delhi,2026-05-15T22:00,2026-05-16T18:42
T01792,Data Engineering,Python|AWS,High,9.9,23.0,Remote,2026-02-22T11:00,2026-02-23T10:00
T01793,Testing,SQL|Selenium,High,7.1,14.5,Chennai,2026-04-03T09:00,2026-04-03T23:30
T01794,Bug Fix,JavaScript|Node.js|C++,Medium,5.0,13.5,Pune,2026-05-22T06:00,2026-05-22T19:30
T01795,Testing,Python,High,12.1,20.9,Mumbai,2026-03-13T21:00,2026-03-14T17:54
T01796,Cybersecurity,Azure|Python,Medium,2.5,12.0,Delhi,2026-08-06T20:00,2026-08-07T08:00
T01797,Testing,Selenium|JavaScript,Low,8.3,33.0,Remote,2026-08-14T15:00,2026-08-16T00:00
T01798,Support,Python,Medium,9.7,28.3,Mumbai,2026-01-28T18:00,2026-01-29T22:18
T01799,Testing,JavaScript|Java|Python,Low,6.2,31.6,Chennai,2026-08-20T12:00,2026-08-21T19:36
T01800,Cybersecurity,Cybersecurity|Python,High,4.5,12.7,Pune,2026-05-19T16:00,2026-05-20T04:42
T01801,Testing,Java,Medium,11.0,49.2,Hyderabad,2026-03-09T07:00,2026-03-11T08:12
T01802,Data Engineering,Azure,High,9.6,28.6,Hyderabad,2026-06-19T21:00,2026-06-21T01:36
T01803,Software Development,Python|Java|Node.js,Medium,11.7,55.4,Chennai,2026-02-26T01:00,2026-02-28T08:24
T01804,Bug Fix,Java|SQL,Medium,11.1,26.1,Coimbatore,2026-01-28T17:00,2026-01-29T19:06
T01805,Database,SQL|Python|MongoDB,Medium,8.5,42.2,Mumbai,2026-08-24T20:00,2026-08-26T14:12
T01806,Software Development,Node.js|JavaScript|Java,Medium,5.7,26.2,Chennai,2026-08-22T18:00,2026-08-23T20:12
T01807,Bug Fix,Python,Critical,5.0,6.1,Coimbatore,2026-08-03T23:00,2026-08-04T05:06
T01808,Database,Java,Medium,10.0,42.3,Kolkata,2026-01-09T02:00,2026-01-10T20:18
T01809,Database,SQL|PostgreSQL|Python,Low,5.4,31.1,Remote,2026-02-17T08:00,2026-02-18T15:06
T01810,Database,PostgreSQL,High,18.6,44.3,Delhi,2026-02-08T06:00,2026-02-10T02:18
T01811,Database,SQL|PostgreSQL,Medium,11.6,26.9,Chennai,2026-03-28T03:00,2026-03-29T05:54
T01812,Testing,Selenium|Python|Java,Medium,4.3,19.8,Hyderabad,2026-03-04T12:00,2026-03-05T07:48
T01813,Machine Learning,Machine Learning|SQL,Critical,3.0,5.0,Delhi,2026-02-16T10:00,2026-02-16T15:00
T01814,Cybersecurity,Python|AWS|Linux,Medium,5.8,19.3,Mumbai,2026-07-26T00:00,2026-07-26T19:18
T01815,Cybersecurity,Cybersecurity|Linux|Python,High,9.9,26.0,Bangalore,2026-01-24T00:00,2026-01-25T02:00
T01816,Cloud/DevOps,Python,Low,5.4,24.0,Coimbatore,2026-01-31T21:00,2026-02-01T21:00
T01817,Database,PostgreSQL,Medium,10.0,27.7,Bangalore,2026-01-02T21:00,2026-01-04T00:42
T01818,Machine Learning,SQL|Python|Machine Learning,Medium,1.9,12.0,Hyderabad,2026-04-07T15:00,2026-04-08T03:00
T01819,Software Development,Java|Spring Boot,Medium,10.0,41.6,Remote,2026-01-09T10:00,2026-01-11T03:36
T01820,Testing,Java|JavaScript,High,3.8,6.2,Mumbai,2026-05-13T20:00,2026-05-14T02:12
T01821,Bug Fix,Spring Boot|SQL,Medium,10.9,35.7,Coimbatore,2026-01-07T04:00,2026-01-08T15:42
T01822,Database,Java,Medium,3.1,12.0,Kolkata,2026-04-20T14:00,2026-04-21T02:00
T01823,Cloud/DevOps,Azure,Medium,4.8,16.9,Mumbai,2026-06-18T13:00,2026-06-19T05:54
T01824,Testing,SQL,High,9.4,25.6,Kolkata,2026-05-05T00:00,2026-05-06T01:36
T01825,Machine Learning,TensorFlow|Python|Machine Learning,Medium,3.1,14.0,Mumbai,2026-02-25T06:00,2026-02-25T20:00
T01826,Cybersecurity,AWS|Linux,Low,5.8,31.9,Coimbatore,2026-04-07T00:00,2026-04-08T07:54
T01827,Cybersecurity,AWS|Linux,Medium,7.5,26.0,Pune,2026-05-04T19:00,2026-05-05T21:00
T01828,Support,Linux,High,5.1,10.0,Mumbai,2026-03-20T06:00,2026-03-20T16:00
T01829,Data Engineering,Python|SQL,Medium,3.4,12.0,Remote,2026-06-07T01:00,2026-06-07T13:00
T01830,Data Engineering,SQL|AWS,Medium,5.1,16.6,Pune,2026-05-18T20:00,2026-05-19T12:36
T01831,Software Development,Spring Boot|React,High,15.4,44.9,Hyderabad,2026-02-16T19:00,2026-02-18T15:54
T01832,Cybersecurity,AWS|Linux,Medium,5.4,18.5,Chennai,2026-07-07T14:00,2026-07-08T08:30
T01833,Software Development,Node.js|C++,Critical,6.6,7.5,Mumbai,2026-05-20T02:00,2026-05-20T09:30
T01834,Machine Learning,Python|Deep Learning,High,6.6,11.9,Delhi,2026-05-07T20:00,2026-05-08T07:54
T01835,Cloud/DevOps,Kubernetes|Python|Docker,High,3.8,9.9,Delhi,2026-01-29T23:00,2026-01-30T08:54
T01836,Software Development,React|Node.js|Spring Boot,High,6.0,11.3,Delhi,2026-06-04T01:00,2026-06-04T12:18
T01837,Software Development,C++,High,1.8,6.0,Delhi,2026-01-27T15:00,2026-01-27T21:00
T01838,Database,PostgreSQL|Java|SQL,High,3.0,6.7,Coimbatore,2026-02-14T19:00,2026-02-15T01:42
T01839,Database,Python|Java,High,5.2,14.3,Delhi,2026-01-26T23:00,2026-01-27T13:18
T01840,Support,SQL,Medium,8.4,21.5,Bangalore,2026-07-17T08:00,2026-07-18T05:30
T01841,Support,SQL,Critical,8.7,12.0,Kolkata,2026-05-22T10:00,2026-05-22T22:00
T01842,Software Development,Node.js|Java,High,4.3,11.3,Hyderabad,2026-01-27T19:00,2026-01-28T06:18
T01843,Cybersecurity,AWS,High,3.5,6.0,Chennai,2026-01-28T19:00,2026-01-29T01:00
T01844,Machine Learning,Machine Learning,Medium,5.7,16.2,Remote,2026-04-10T18:00,2026-04-11T10:12
T01845,Bug Fix,Python|Node.js,Medium,3.7,15.6,Mumbai,2026-03-18T18:00,2026-03-19T09:36
T01846,Software Development,JavaScript,High,3.8,6.9,Remote,2026-03-31T03:00,2026-03-31T09:54
T01847,Data Engineering,Azure|SQL,Critical,5.9,6.8,Remote,2026-03-19T03:00,2026-03-19T09:48
T01848,Cybersecurity,Python,High,3.0,8.2,Chennai,2026-02-10T14:00,2026-02-10T22:12
T01849,Cybersecurity,AWS|Azure|Linux,High,9.5,16.6,Pune,2026-02-13T04:00,2026-02-13T20:36
T01850,Machine Learning,TensorFlow|Deep Learning|PyTorch,Low,8.5,48.7,Pune,2026-05-02T20:00,2026-05-04T20:42
T01851,Cybersecurity,AWS|Python|Linux,High,11.6,20.3,Coimbatore,2026-01-02T07:00,2026-01-03T03:18
T01852,Testing,JavaScript,Low,3.9,24.0,Hyderabad,2026-05-08T03:00,2026-05-09T03:00
T01853,Data Engineering,SQL|Azure,Medium,5.3,23.5,Mumbai,2026-03-01T13:00,2026-03-02T12:30
T01854,Software Development,Node.js,High,4.4,8.8,Chennai,2026-04-28T19:00,2026-04-29T03:48
T01855,Cybersecurity,Azure|Python|AWS,High,8.9,16.6,Bangalore,2026-03-19T12:00,2026-03-20T04:36
T01856,Machine Learning,Machine Learning|PyTorch,Medium,3.8,13.7,Hyderabad,2026-04-11T21:00,2026-04-12T10:42
T01857,Data Engineering,Spark|Python,Medium,6.7,20.1,Remote,2026-02-12T04:00,2026-02-13T00:06
T01858,Cloud/DevOps,Linux|Python|Azure,Critical,4.1,5.9,Hyderabad,2026-05-15T10:00,2026-05-15T15:54
T01859,Database,MongoDB|Java,Medium,2.0,12.0,Coimbatore,2026-01-27T01:00,2026-01-27T13:00
T01860,Machine Learning,Deep Learning|PyTorch,Critical,5.5,6.9,Kolkata,2026-07-13T16:00,2026-07-13T22:54
T01861,Machine Learning,TensorFlow|Machine Learning|SQL,High,4.6,11.5,Remote,2026-05-08T11:00,2026-05-08T22:30
T01862,Cybersecurity,AWS|Cybersecurity,High,6.7,18.2,Hyderabad,2026-08-04T06:00,2026-08-05T00:12
T01863,Software Development,Node.js|Python|C++,Critical,5.1,5.8,Bangalore,2026-01-10T09:00,2026-01-10T14:48
T01864,Bug Fix,C++|Python,High,5.1,9.7,Bangalore,2026-02-06T12:00,2026-02-06T21:42
T01865,Bug Fix,Python|C++,High,6.1,17.5,Kolkata,2026-02-04T15:00,2026-02-05T08:30
T01866,Data Engineering,PostgreSQL|AWS,Critical,4.1,7.0,Bangalore,2026-08-07T01:00,2026-08-07T08:00
T01867,Support,Linux|Java|AWS,High,6.2,11.0,Chennai,2026-02-02T06:00,2026-02-02T17:00
T01868,Support,Python|SQL,Medium,11.0,28.5,Hyderabad,2026-04-14T15:00,2026-04-15T19:30
T01869,Data Engineering,AWS|Azure|PostgreSQL,Medium,4.5,12.0,Mumbai,2026-03-22T09:00,2026-03-22T21:00
T01870,Support,Java|Python|Azure,Low,6.3,43.6,Mumbai,2026-06-09T20:00,2026-06-11T15:36
T01871,Support,Azure,Medium,10.3,34.1,Kolkata,2026-06-30T08:00,2026-07-01T18:06
T01872,Cybersecurity,Cybersecurity,High,4.2,10.4,Bangalore,2026-02-16T10:00,2026-02-16T20:24
T01873,Testing,Python,High,2.7,6.0,Bangalore,2026-05-05T01:00,2026-05-05T07:00
T01874,Data Engineering,Python|Azure,Medium,3.4,16.3,Delhi,2026-03-01T07:00,2026-03-01T23:18
T01875,Testing,Java|SQL,Medium,6.8,32.9,Bangalore,2026-02-27T17:00,2026-03-01T01:54
T01876,Testing,Python,Medium,5.6,22.9,Chennai,2026-03-26T05:00,2026-03-27T03:54
T01877,Cybersecurity,Cybersecurity|Python,Critical,2.6,3.6,Bangalore,2026-02-16T05:00,2026-02-16T08:36
T01878,Database,SQL|Java,High,6.6,17.4,Remote,2026-01-24T03:00,2026-01-24T20:24
T01879,Machine Learning,Machine Learning|PyTorch,High,4.0,8.8,Coimbatore,2026-03-17T08:00,2026-03-17T16:48
T01880,Machine Learning,Python|SQL,Medium,5.5,16.3,Pune,2026-07-22T09:00,2026-07-23T01:18
T01881,Bug Fix,C++|Spring Boot|Java,Medium,5.7,16.2,Remote,2026-05-17T23:00,2026-05-18T15:12
T01882,Software Development,Node.js,Medium,5.8,19.0,Kolkata,2026-05-02T04:00,2026-05-02T23:00
T01883,Data Engineering,Azure,Low,7.7,47.9,Remote,2026-05-26T15:00,2026-05-28T14:54
T01884,Testing,Selenium|SQL|Java,Low,4.6,24.0,Pune,2026-03-30T18:00,2026-03-31T18:00
T01885,Machine Learning,Machine Learning|TensorFlow,Medium,11.4,39.1,Delhi,2026-02-10T01:00,2026-02-11T16:06
T01886,Cybersecurity,Linux|Python|AWS,Medium,6.6,18.7,Delhi,2026-01-12T04:00,2026-01-12T22:42
T01887,Database,MongoDB|SQL,Medium,10.0,38.5,Hyderabad,2026-01-25T02:00,2026-01-26T16:30
T01888,Testing,Java|Selenium|SQL,Medium,4.4,19.0,Coimbatore,2026-03-01T05:00,2026-03-02T00:00
T01889,Data Engineering,Spark,Medium,17.4,61.0,Delhi,2026-06-19T17:00,2026-06-22T06:00
T01890,Testing,JavaScript|Selenium,Medium,5.3,24.0,Bangalore,2026-07-15T19:00,2026-07-16T19:00
T01891,Support,SQL|Java|Python,Medium,6.3,17.6,Chennai,2026-05-24T01:00,2026-05-24T18:36
T01892,Cloud/DevOps,Linux,High,6.9,18.0,Pune,2026-01-02T11:00,2026-01-03T05:00
T01893,Bug Fix,C++|JavaScript,Medium,10.4,46.9,Chennai,2026-03-01T21:00,2026-03-03T19:54
T01894,Machine Learning,PyTorch|Python,Medium,5.5,25.0,Delhi,2026-07-18T21:00,2026-07-19T22:00
T01895,Testing,SQL,Medium,9.2,24.3,Chennai,2026-02-02T09:00,2026-02-03T09:18
T01896,Cybersecurity,Azure,High,4.9,13.9,Kolkata,2026-05-16T14:00,2026-05-17T03:54
T01897,Cybersecurity,AWS,Medium,4.9,18.8,Chennai,2026-02-15T05:00,2026-02-15T23:48
T01898,Data Engineering,PostgreSQL|SQL,Medium,5.1,17.2,Remote,2026-01-21T18:00,2026-01-22T11:12
T01899,Software Development,Python|JavaScript,Medium,8.9,24.4,Pune,2026-05-12T19:00,2026-05-13T19:24
T01900,Support,Linux,Low,5.9,24.0,Delhi,2026-05-26T09:00,2026-05-27T09:00
T01901,Bug Fix,Python|SQL|C++,Medium,10.6,39.5,Pune,2026-06-11T03:00,2026-06-12T18:30
T01902,Software Development,React|Node.js|Spring Boot,Medium,2.4,12.0,Chennai,2026-01-29T02:00,2026-01-29T14:00
T01903,Database,Java,Medium,2.7,12.0,Remote,2026-05-13T13:00,2026-05-14T01:00
T01904,Database,SQL|MongoDB,High,12.1,33.5,Pune,2026-06-22T07:00,2026-06-23T16:30
T01905,Data Engineering,Python,High,7.3,19.3,Remote,2026-07-15T06:00,2026-07-16T01:18
T01906,Database,Python,Medium,29.4,96.0,Chennai,2026-05-18T09:00,2026-05-22T09:00
T01907,Machine Learning,PyTorch|Machine Learning|Python,High,6.7,11.7,Coimbatore,2026-06-12T08:00,2026-06-12T19:42
T01908,Data Engineering,Azure|Spark,Critical,15.0,19.0,Coimbatore,2026-07-12T03:00,2026-07-12T22:00
T01909,Software Development,React|JavaScript|Node.js,Medium,5.4,12.0,Remote,2026-06-06T13:00,2026-06-07T01:00
T01910,Machine Learning,SQL,High,10.0,29.8,Remote,2026-07-03T04:00,2026-07-04T09:48
T01911,Software Development,JavaScript,Medium,6.5,19.6,Remote,2026-08-25T16:00,2026-08-26T11:36
T01912,Machine Learning,Deep Learning,Medium,6.6,33.0,Hyderabad,2026-05-31T06:00,2026-06-01T15:00
T01913,Support,Java|Linux|SQL,High,12.2,33.3,Coimbatore,2026-07-12T00:00,2026-07-13T09:18
T01914,Support,Python,Medium,4.8,12.0,Remote,2026-06-09T09:00,2026-06-09T21:00
T01915,Software Development,React,High,2.6,7.5,Bangalore,2026-07-18T07:00,2026-07-18T14:30
T01916,Support,Java,Low,6.6,40.6,Chennai,2026-08-12T14:00,2026-08-14T06:36
T01917,Software Development,Java,Medium,6.4,30.0,Coimbatore,2026-06-02T16:00,2026-06-03T22:00
T01918,Data Engineering,SQL|AWS,Medium,12.9,51.0,Pune,2026-06-05T10:00,2026-06-07T13:00
T01919,Support,SQL|Azure,Medium,6.2,30.4,Remote,2026-04-13T11:00,2026-04-14T17:24
T01920,Database,MongoDB|SQL|Python,Medium,10.0,46.5,Delhi,2026-03-05T03:00,2026-03-07T01:30
T01921,Data Engineering,PostgreSQL|Azure,Low,6.6,47.5,Hyderabad,2026-02-07T23:00,2026-02-09T22:30
T01922,Bug Fix,Java|C++,High,4.7,9.3,Remote,2026-08-02T16:00,2026-08-03T01:18
T01923,Data Engineering,Spark|Azure|PostgreSQL,High,16.4,47.5,Bangalore,2026-05-11T14:00,2026-05-13T13:30
T01924,Data Engineering,Spark|SQL|PostgreSQL,Medium,17.7,43.7,Hyderabad,2026-04-13T04:00,2026-04-14T23:42
T01925,Cloud/DevOps,AWS,Medium,12.5,40.2,Chennai,2026-06-06T21:00,2026-06-08T13:12
T01926,Cybersecurity,AWS|Cybersecurity|Azure,Critical,4.6,5.5,Pune,2026-03-27T16:00,2026-03-27T21:30
T01927,Cloud/DevOps,Azure|Kubernetes,Medium,11.5,51.1,Mumbai,2026-01-15T17:00,2026-01-17T20:06
T01928,Software Development,C++,Medium,15.9,74.7,Remote,2026-04-06T09:00,2026-04-09T11:42
T01929,Bug Fix,SQL|C++,Medium,5.5,14.3,Bangalore,2026-02-20T12:00,2026-02-21T02:18
T01930,Cybersecurity,AWS,Medium,5.3,26.0,Delhi,2026-03-21T03:00,2026-03-22T05:00
T01931,Bug Fix,JavaScript,Medium,6.6,31.2,Bangalore,2026-04-08T05:00,2026-04-09T12:12
T01932,Software Development,Python|Node.js,Medium,6.3,19.9,Delhi,2026-02-16T10:00,2026-02-17T05:54
T01933,Database,Java|Python|SQL,Medium,4.4,16.6,Remote,2026-01-26T04:00,2026-01-26T20:36
T01934,Data Engineering,Azure|AWS|SQL,Medium,12.5,57.4,Delhi,2026-08-13T17:00,2026-08-16T02:24
T01935,Support,Azure|Python,Medium,5.6,15.4,Remote,2026-07-10T03:00,2026-07-10T18:24
T01936,Software Development,C++|JavaScript|Node.js,High,4.1,9.4,Hyderabad,2026-03-01T07:00,2026-03-01T16:24
T01937,Bug Fix,Python,Medium,5.1,25.2,Kolkata,2026-07-25T00:00,2026-07-26T01:12
T01938,Data Engineering,Azure|Python|Spark,High,14.0,39.3,Remote,2026-05-17T12:00,2026-05-19T03:18
T01939,Machine Learning,Python|SQL,Medium,9.7,23.8,Remote,2026-01-25T12:00,2026-01-26T11:48
T01940,Data Engineering,AWS,High,5.6,14.0,Pune,2026-06-10T19:00,2026-06-11T09:00
T01941,Data Engineering,Python|Spark,High,7.3,16.6,Hyderabad,2026-02-24T21:00,2026-02-25T13:36
T01942,Machine Learning,PyTorch,Critical,11.7,20.6,Coimbatore,2026-04-26T08:00,2026-04-27T04:36
T01943,Testing,JavaScript|SQL|Selenium,Critical,10.9,16.1,Chennai,2026-08-01T19:00,2026-08-02T11:06
T01944,Database,MongoDB|PostgreSQL|Java,Critical,5.6,6.6,Remote,2026-01-30T10:00,2026-01-30T16:36
T01945,Cloud/DevOps,Azure|Docker,High,11.7,19.7,Bangalore,2026-05-28T08:00,2026-05-29T03:42
T01946,Machine Learning,SQL,Medium,7.2,23.1,Chennai,2026-04-19T21:00,2026-04-20T20:06
T01947,Database,Python|PostgreSQL,High,5.2,8.5,Remote,2026-01-19T01:00,2026-01-19T09:30
T01948,Data Engineering,SQL,High,16.4,39.0,Coimbatore,2026-08-15T18:00,2026-08-17T09:00
T01949,Machine Learning,TensorFlow|Machine Learning|PyTorch,Medium,2.5,12.0,Pune,2026-07-22T00:00,2026-07-22T12:00
T01950,Database,Java|SQL,High,6.0,15.7,Remote,2026-04-05T06:00,2026-04-05T21:42
T01951,Data Engineering,Spark,Critical,7.9,10.5,Remote,2026-05-23T08:00,2026-05-23T18:30
T01952,Database,SQL|MongoDB|Java,Medium,3.3,15.2,Remote,2026-01-25T17:00,2026-01-26T08:12
T01953,Bug Fix,JavaScript|Spring Boot,Medium,3.7,12.0,Mumbai,2026-04-29T20:00,2026-04-30T08:00
T01954,Software Development,JavaScript|Node.js,High,15.0,29.7,Kolkata,2026-06-24T01:00,2026-06-25T06:42
T01955,Testing,JavaScript|SQL|Python,Medium,6.6,21.1,Kolkata,2026-03-31T07:00,2026-04-01T04:06
T01956,Software Development,JavaScript,Low,1.9,24.0,Pune,2026-06-11T18:00,2026-06-12T18:00
T01957,Testing,JavaScript,Medium,8.8,32.0,Bangalore,2026-04-20T05:00,2026-04-21T13:00
T01958,Support,Azure,Medium,4.1,17.6,Chennai,2026-01-29T04:00,2026-01-29T21:36
T01959,Support,AWS|Azure,Medium,5.5,13.5,Mumbai,2026-03-23T19:00,2026-03-24T08:30
T01960,Cloud/DevOps,Kubernetes,Medium,5.3,24.4,Hyderabad,2026-02-24T02:00,2026-02-25T02:24
T01961,Cybersecurity,Linux,Low,2.1,24.0,Remote,2026-04-28T07:00,2026-04-29T07:00
T01962,Cybersecurity,Cybersecurity|AWS,Critical,7.3,10.8,Pune,2026-01-19T14:00,2026-01-20T00:48
T01963,Bug Fix,Python,High,5.4,12.5,Remote,2026-03-18T06:00,2026-03-18T18:30
T01964,Support,Java,Medium,5.5,13.0,Remote,2026-04-26T22:00,2026-04-27T11:00
T01965,Cybersecurity,Python,Critical,12.1,14.7,Chennai,2026-08-13T08:00,2026-08-13T22:42
T01966,Machine Learning,TensorFlow|Python|SQL,Medium,3.3,12.0,Chennai,2026-04-18T09:00,2026-04-18T21:00
T01967,Data Engineering,SQL|Python|PostgreSQL,High,3.2,8.7,Remote,2026-07-01T21:00,2026-07-02T05:42
T01968,Machine Learning,Deep Learning|TensorFlow|PyTorch,High,5.5,14.1,Remote,2026-04-27T01:00,2026-04-27T15:06
T01969,Software Development,Python|Java,Low,4.3,24.0,Bangalore,2026-05-09T16:00,2026-05-10T16:00
T01970,Database,Python|SQL|Java,Critical,6.1,10.7,Chennai,2026-05-09T00:00,2026-05-09T10:42
T01971,Machine Learning,TensorFlow,Medium,5.7,12.2,Remote,2026-05-15T15:00,2026-05-16T03:12
T01972,Bug Fix,C++|Spring Boot|JavaScript,High,7.6,11.5,Hyderabad,2026-08-08T04:00,2026-08-08T15:30
T01973,Software Development,Java|Python|C++,High,5.4,10.2,Bangalore,2026-07-20T14:00,2026-07-21T00:12
T01974,Machine Learning,Deep Learning|PyTorch,Medium,6.6,15.4,Bangalore,2026-08-24T09:00,2026-08-25T00:24
T01975,Software Development,Node.js,High,5.6,16.5,Mumbai,2026-05-15T07:00,2026-05-15T23:30
T01976,Testing,Python|JavaScript|Java,Critical,6.5,8.6,Remote,2026-06-18T15:00,2026-06-18T23:36
T01977,Testing,Python|JavaScript|Selenium,Medium,7.1,26.9,Mumbai,2026-07-26T20:00,2026-07-27T22:54
T01978,Cloud/DevOps,Azure|Docker|Linux,High,5.3,14.8,Remote,2026-08-04T03:00,2026-08-04T17:48
T01979,Cloud/DevOps,AWS,Medium,6.0,19.3,Chennai,2026-08-23T11:00,2026-08-24T06:18
T01980,Cybersecurity,AWS,High,4.7,10.2,Pune,2026-03-22T11:00,2026-03-22T21:12
T01981,Data Engineering,PostgreSQL|Python,Low,5.1,24.0,Hyderabad,2026-06-03T14:00,2026-06-04T14:00
T01982,Software Development,React,Medium,4.4,13.0,Chennai,2026-08-21T18:00,2026-08-22T07:00
T01983,Support,AWS|SQL,Medium,4.2,12.0,Remote,2026-04-29T18:00,2026-04-30T06:00
T01984,Testing,JavaScript|Python,Low,5.3,35.7,Hyderabad,2026-04-22T18:00,2026-04-24T05:42
T01985,Cloud/DevOps,Kubernetes|Linux|AWS,Medium,5.6,23.6,Remote,2026-02-03T12:00,2026-02-04T11:36
T01986,Support,Python|Java,High,5.5,11.0,Coimbatore,2026-08-06T21:00,2026-08-07T08:00
T01987,Machine Learning,Deep Learning,High,5.9,13.8,Delhi,2026-07-09T09:00,2026-07-09T22:48
T01988,Software Development,Spring Boot|React,Low,4.4,29.6,Kolkata,2026-07-07T01:00,2026-07-08T06:36
T01989,Bug Fix,JavaScript|Python|Java,High,4.1,6.3,Mumbai,2026-06-12T04:00,2026-06-12T10:18
T01990,Database,PostgreSQL,Medium,13.2,50.3,Kolkata,2026-05-28T23:00,2026-05-31T01:18
T01991,Data Engineering,AWS,Critical,5.4,6.6,Remote,2026-03-14T23:00,2026-03-15T05:36
T01992,Cloud/DevOps,Azure,High,5.5,13.1,Bangalore,2026-02-15T21:00,2026-02-16T10:06
T01993,Data Engineering,PostgreSQL|SQL,High,7.4,17.0,Mumbai,2026-03-30T12:00,2026-03-31T05:00
T01994,Data Engineering,SQL,Medium,3.4,12.0,Chennai,2026-08-11T19:00,2026-08-12T07:00
T01995,Cybersecurity,Linux|Azure|Cybersecurity,Medium,4.9,14.2,Coimbatore,2026-01-23T15:00,2026-01-24T05:12
T01996,Support,AWS,Low,7.3,33.6,Coimbatore,2026-07-26T18:00,2026-07-28T03:36
T01997,Testing,Python|Java|SQL,Low,9.8,57.3,Remote,2026-04-23T10:00,2026-04-25T19:18
T01998,Bug Fix,Node.js,Critical,5.2,8.6,Bangalore,2026-08-01T19:00,2026-08-02T03:36
T01999,Database,Python|PostgreSQL,Medium,6.8,33.1,Delhi,2026-06-18T13:00,2026-06-19T22:06
T02000,Database,Python,Low,6.3,30.8,Chennai,2026-04-13T08:00,2026-04-14T14:48
T02001,Cloud/DevOps,Linux,Medium,4.0,12.0,Chennai,2026-04-25T17:00,2026-04-26T05:00
T02002,Database,MongoDB|SQL|Python,High,3.5,9.8,Kolkata,2026-08-07T22:00,2026-08-08T07:48
T02003,Support,Python,Medium,3.1,12.0,Delhi,2026-05-06T14:00,2026-05-07T02:00
T02004,Software Development,Python,High,3.7,11.0,Delhi,2026-02-24T22:00,2026-02-25T09:00
T02005,Cybersecurity,Cybersecurity|Python|AWS,Medium,4.5,16.9,Coimbatore,2026-03-31T22:00,2026-04-01T14:54
T02006,Machine Learning,SQL|PyTorch|TensorFlow,High,14.7,40.6,Remote,2026-06-28T19:00,2026-06-30T11:36
T02007,Testing,JavaScript|SQL|Selenium,Medium,6.9,20.3,Pune,2026-01-27T18:00,2026-01-28T14:18
T02008,Machine Learning,TensorFlow,High,5.6,9.5,Hyderabad,2026-07-24T05:00,2026-07-24T14:30
T02009,Testing,Selenium|Java,Low,9.0,69.1,Remote,2026-07-21T22:00,2026-07-24T19:06
T02010,Bug Fix,SQL|Java|JavaScript,High,6.5,12.2,Chennai,2026-08-11T13:00,2026-08-12T01:12
T02011,Bug Fix,C++,Medium,8.4,21.7,Remote,2026-08-28T05:00,2026-08-29T02:42
T02012,Testing,Python|Java,High,5.2,11.7,Kolkata,2026-07-01T15:00,2026-07-02T02:42
T02013,Support,AWS|Linux|Azure,Medium,6.3,21.7,Mumbai,2026-01-23T07:00,2026-01-24T04:42
T02014,Support,SQL|Python,Medium,5.4,22.6,Pune,2026-08-13T17:00,2026-08-14T15:36
T02015,Cloud/DevOps,Docker|Kubernetes,High,6.8,19.1,Pune,2026-07-16T19:00,2026-07-17T14:06
T02016,Software Development,JavaScript|Node.js|React,High,7.5,20.2,Hyderabad,2026-05-14T23:00,2026-05-15T19:12
T02017,Support,SQL,High,9.9,17.8,Coimbatore,2026-08-20T21:00,2026-08-21T14:48
T02018,Support,AWS,High,5.4,9.2,Coimbatore,2026-01-18T16:00,2026-01-19T01:12
T02019,Cloud/DevOps,Docker|Kubernetes,High,5.4,12.1,Remote,2026-05-24T06:00,2026-05-24T18:06
T02020,Cloud/DevOps,Docker|Kubernetes,Medium,5.8,12.0,Delhi,2026-05-17T10:00,2026-05-17T22:00
T02021,Database,Java|Python,High,8.8,14.0,Coimbatore,2026-06-29T03:00,2026-06-29T17:00
T02022,Cybersecurity,Python|Azure,Low,4.3,24.0,Coimbatore,2026-05-22T22:00,2026-05-23T22:00
T02023,Database,SQL|PostgreSQL,High,8.3,17.5,Remote,2026-06-25T05:00,2026-06-25T22:30
T02024,Software Development,C++|Python|JavaScript,High,2.5,6.0,Chennai,2026-05-26T17:00,2026-05-26T23:00
T02025,Testing,Java|JavaScript,Medium,5.5,24.2,Mumbai,2026-08-01T18:00,2026-08-02T18:12
T02026,Support,Azure|AWS|Linux,Low,11.6,78.1,Hyderabad,2026-01-17T22:00,2026-01-21T04:06
T02027,Software Development,C++|React|Java,High,5.8,16.0,Remote,2026-04-03T05:00,2026-04-03T21:00
T02028,Data Engineering,Spark|SQL,Medium,3.7,14.2,Remote,2026-06-16T14:00,2026-06-17T04:12
T02029,Testing,Selenium|SQL,Medium,8.2,33.4,Pune,2026-01-05T20:00,2026-01-07T05:24
T02030,Software Development,JavaScript|React|Python,Medium,20.4,76.6,Remote,2026-06-24T06:00,2026-06-27T10:36
T02031,Data Engineering,PostgreSQL|Python|SQL,High,4.8,13.5,Chennai,2026-01-16T18:00,2026-01-17T07:30
T02032,Bug Fix,Node.js|SQL,Critical,3.4,5.2,Chennai,2026-03-21T23:00,2026-03-22T04:12
T02033,Machine Learning,Machine Learning|Python,Medium,6.5,22.0,Pune,2026-06-10T08:00,2026-06-11T06:00
T02034,Cybersecurity,Python|Azure,Critical,3.9,5.7,Delhi,2026-07-02T03:00,2026-07-02T08:42
T02035,Support,Linux|Azure|SQL,Medium,7.5,28.6,Remote,2026-04-02T14:00,2026-04-03T18:36
T02036,Support,SQL|AWS,Medium,2.6,12.0,Delhi,2026-05-16T16:00,2026-05-17T04:00
T02037,Cloud/DevOps,Linux|Kubernetes|Docker,Medium,5.3,25.4,Hyderabad,2026-01-12T00:00,2026-01-13T01:24
T02038,Database,SQL,Medium,3.3,13.1,Coimbatore,2026-02-04T01:00,2026-02-04T14:06
T02039,Bug Fix,SQL|Java|Spring Boot,Medium,10.6,34.4,Remote,2026-05-08T04:00,2026-05-09T14:24
T02040,Software Development,Python|C++,Low,7.5,40.3,Kolkata,2026-07-23T00:00,2026-07-24T16:18
T02041,Support,SQL|Linux|AWS,Medium,8.3,17.5,Delhi,2026-08-02T14:00,2026-08-03T07:30
T02042,Testing,JavaScript|SQL|Selenium,High,7.4,22.0,Remote,2026-04-19T08:00,2026-04-20T06:00
T02043,Testing,SQL,Medium,5.0,17.9,Remote,2026-04-21T14:00,2026-04-22T07:54
T02044,Software Development,Spring Boot|Python,Medium,2.7,12.0,Remote,2026-07-04T23:00,2026-07-05T11:00
T02045,Support,Java|Azure|Python,Medium,8.3,23.2,Remote,2026-01-21T04:00,2026-01-22T03:12
T02046,Cybersecurity,Azure,Low,5.9,24.7,Delhi,2026-06-01T16:00,2026-06-02T16:42
T02047,Bug Fix,Java,Critical,10.5,16.2,Mumbai,2026-08-21T21:00,2026-08-22T13:12
T02048,Support,SQL|Linux|Python,High,7.7,20.4,Chennai,2026-01-31T11:00,2026-02-01T07:24
T02049,Database,Python,Medium,5.8,20.0,Bangalore,2026-08-10T20:00,2026-08-11T16:00
T02050,Support,Python,Medium,8.9,42.0,Remote,2026-07-21T14:00,2026-07-23T08:00
T02051,Cybersecurity,Python|AWS|Cybersecurity,Medium,4.7,14.0,Remote,2026-08-15T14:00,2026-08-16T04:00
T02052,Cybersecurity,Linux|Azure|AWS,Medium,4.9,16.3,Coimbatore,2026-07-30T00:00,2026-07-30T16:18
T02053,Machine Learning,Deep Learning,Medium,8.3,35.7,Kolkata,2026-02-28T16:00,2026-03-02T03:42
T02054,Software Development,Python|Spring Boot,Low,5.8,42.8,Hyderabad,2026-08-20T03:00,2026-08-21T21:48
T02055,Testing,Python|JavaScript|Selenium,Medium,11.3,54.3,Mumbai,2026-06-26T16:00,2026-06-28T22:18
T02056,Machine Learning,PyTorch|TensorFlow,Low,7.1,54.5,Remote,2026-01-18T04:00,2026-01-20T10:30
T02057,Bug Fix,Java|Node.js|Spring Boot,High,5.6,8.8,Bangalore,2026-07-25T18:00,2026-07-26T02:48
T02058,Testing,Python|JavaScript|Java,Medium,6.5,30.8,Hyderabad,2026-03-21T14:00,2026-03-22T20:48
T02059,Cybersecurity,Cybersecurity|Azure,Medium,14.4,49.5,Kolkata,2026-05-25T20:00,2026-05-27T21:30
T02060,Machine Learning,Deep Learning,Medium,6.0,28.5,Remote,2026-06-23T02:00,2026-06-24T06:30
T02061,Data Engineering,PostgreSQL|SQL|Python,Medium,6.3,23.2,Pune,2026-08-17T20:00,2026-08-18T19:12
T02062,Data Engineering,SQL,Medium,7.3,22.2,Pune,2026-08-08T16:00,2026-08-09T14:12
T02063,Machine Learning,TensorFlow|SQL|Python,Critical,9.4,15.6,Kolkata,2026-07-03T20:00,2026-07-04T11:36
T02064,Cybersecurity,Cybersecurity,Medium,7.0,20.0,Coimbatore,2026-03-29T06:00,2026-03-30T02:00
T02065,Database,Java|SQL,Medium,5.6,27.1,Bangalore,2026-08-03T10:00,2026-08-04T13:06
T02066,Support,SQL|Python|Azure,High,4.9,10.9,Chennai,2026-01-27T15:00,2026-01-28T01:54
T02067,Testing,Java|SQL|JavaScript,Medium,7.4,32.8,Bangalore,2026-07-22T00:00,2026-07-23T08:48
T02068,Cybersecurity,Linux|Azure,High,7.1,14.7,Bangalore,2026-07-03T08:00,2026-07-03T22:42
T02069,Support,Python,Medium,5.6,17.5,Delhi,2026-02-10T03:00,2026-02-10T20:30
T02070,Cybersecurity,Cybersecurity,Low,4.7,24.0,Bangalore,2026-05-22T15:00,2026-05-23T15:00
T02071,Data Engineering,SQL,High,6.4,18.2,Hyderabad,2026-01-12T07:00,2026-01-13T01:12
T02072,Cybersecurity,Linux|AWS|Azure,Medium,7.4,34.0,Remote,2026-05-30T18:00,2026-06-01T04:00
T02073,Cloud/DevOps,Python,Medium,7.9,22.8,Remote,2026-01-26T00:00,2026-01-26T22:48
T02074,Machine Learning,Deep Learning,Low,4.7,24.0,Pune,2026-02-26T10:00,2026-02-27T10:00
T02075,Cybersecurity,Cybersecurity,Medium,2.7,12.0,Coimbatore,2026-02-18T04:00,2026-02-18T16:00
T02076,Cloud/DevOps,Python|Kubernetes|Docker,Medium,10.4,36.0,Kolkata,2026-07-14T02:00,2026-07-15T14:00
T02077,Testing,Python,High,6.2,11.0,Mumbai,2026-05-09T14:00,2026-05-10T01:00
T02078,Bug Fix,C++|Python|JavaScript,High,9.3,21.6,Kolkata,2026-04-28T13:00,2026-04-29T10:36
T02079,Data Engineering,AWS|SQL|Python,Medium,3.2,13.1,Mumbai,2026-02-18T09:00,2026-02-18T22:06
T02080,Database,Java|PostgreSQL,Low,3.9,26.9,Kolkata,2026-08-23T17:00,2026-08-24T19:54
T02081,Support,AWS|Java,Medium,2.4,12.0,Remote,2026-06-29T21:00,2026-06-30T09:00
T02082,Testing,SQL,Medium,5.7,14.7,Remote,2026-04-21T08:00,2026-04-21T22:42
T02083,Support,SQL,Low,8.0,33.7,Pune,2026-05-09T00:00,2026-05-10T09:42
T02084,Bug Fix,Java|SQL,Medium,5.4,13.6,Coimbatore,2026-03-12T17:00,2026-03-13T06:36
T02085,Database,SQL|Python|Java,Low,8.6,39.6,Pune,2026-01-06T10:00,2026-01-08T01:36
T02086,Cloud/DevOps,AWS|Kubernetes,High,7.0,19.0,Coimbatore,2026-02-14T08:00,2026-02-15T03:00
T02087,Testing,Java,Low,5.5,34.3,Mumbai,2026-05-08T10:00,2026-05-09T20:18
T02088,Software Development,JavaScript|Python|Spring Boot,Medium,3.9,12.0,Delhi,2026-08-26T17:00,2026-08-27T05:00
T02089,Database,SQL,Medium,2.9,12.0,Chennai,2026-05-20T22:00,2026-05-21T10:00
T02090,Cybersecurity,Linux|Azure,High,6.1,17.0,Pune,2026-02-02T22:00,2026-02-03T15:00
T02091,Software Development,Python|Node.js,Low,6.9,33.7,Chennai,2026-01-14T03:00,2026-01-15T12:42
T02092,Software Development,Java,High,4.6,8.4,Coimbatore,2026-02-03T00:00,2026-02-03T08:24
T02093,Machine Learning,Machine Learning|Deep Learning|SQL,Medium,4.5,17.1,Mumbai,2026-03-08T01:00,2026-03-08T18:06
T02094,Testing,Java|JavaScript,Medium,6.0,26.5,Remote,2026-05-21T21:00,2026-05-22T23:30
T02095,Cybersecurity,Linux,Medium,6.1,17.1,Chennai,2026-06-01T11:00,2026-06-02T04:06
T02096,Cloud/DevOps,Kubernetes,High,7.3,20.9,Hyderabad,2026-07-19T11:00,2026-07-20T07:54
T02097,Support,Azure|Java|Linux,High,8.9,24.5,Coimbatore,2026-04-05T19:00,2026-04-06T19:30
T02098,Data Engineering,PostgreSQL|Spark,High,6.3,14.1,Delhi,2026-04-25T14:00,2026-04-26T04:06
T02099,Cloud/DevOps,Python,Medium,7.0,20.3,Pune,2026-02-24T04:00,2026-02-25T00:18
T02100,Cloud/DevOps,Azure,Medium,6.6,18.9,Kolkata,2026-06-11T17:00,2026-06-12T11:54
T02101,Cybersecurity,Python|Linux,Medium,7.0,28.7,Delhi,2026-04-03T19:00,2026-04-04T23:42
T02102,Support,Azure|Linux,Medium,8.3,39.6,Bangalore,2026-02-13T19:00,2026-02-15T10:36
T02103,Bug Fix,Spring Boot|Java,Medium,5.5,26.4,Hyderabad,2026-04-13T00:00,2026-04-14T02:24
T02104,Support,Java,Medium,9.7,35.4,Remote,2026-08-02T19:00,2026-08-04T06:24
T02105,Machine Learning,PyTorch|Python|TensorFlow,High,5.0,9.7,Kolkata,2026-05-27T20:00,2026-05-28T05:42
T02106,Machine Learning,PyTorch|SQL|Python,Medium,5.2,25.2,Coimbatore,2026-07-21T20:00,2026-07-22T21:12
T02107,Cybersecurity,Linux|AWS|Cybersecurity,Low,5.8,31.1,Bangalore,2026-02-05T00:00,2026-02-06T07:06
T02108,Bug Fix,Node.js|SQL,Medium,5.8,24.0,Remote,2026-01-02T18:00,2026-01-03T18:00
T02109,Cybersecurity,Python|Linux|Cybersecurity,Low,4.0,27.7,Remote,2026-02-18T03:00,2026-02-19T06:42
T02110,Database,PostgreSQL|MongoDB,High,17.0,48.0,Bangalore,2026-04-13T00:00,2026-04-15T00:00
T02111,Testing,SQL|Java,Critical,4.6,5.5,Remote,2026-05-14T00:00,2026-05-14T05:30
T02112,Testing,Java,Medium,6.7,26.8,Coimbatore,2026-07-21T07:00,2026-07-22T09:48
T02113,Cybersecurity,AWS|Python|Azure,Medium,7.1,28.5,Delhi,2026-03-04T08:00,2026-03-05T12:30
T02114,Support,Linux,Medium,6.5,31.6,Coimbatore,2026-08-22T03:00,2026-08-23T10:36
T02115,Cloud/DevOps,AWS|Python|Kubernetes,High,3.7,9.6,Chennai,2026-02-28T08:00,2026-02-28T17:36
T02116,Machine Learning,Machine Learning,Medium,4.3,17.2,Kolkata,2026-01-29T03:00,2026-01-29T20:12
T02117,Machine Learning,Deep Learning|PyTorch|Python,Medium,10.4,42.4,Coimbatore,2026-08-13T13:00,2026-08-15T07:24
T02118,Bug Fix,Spring Boot|Node.js,Medium,3.9,14.2,Coimbatore,2026-01-22T13:00,2026-01-23T03:12
T02119,Software Development,Node.js|Spring Boot,High,6.9,10.6,Pune,2026-05-18T01:00,2026-05-18T11:36
T02120,Data Engineering,SQL,Medium,9.3,30.2,Coimbatore,2026-08-13T08:00,2026-08-14T14:12
T02121,Support,Azure,Critical,12.5,15.9,Bangalore,2026-05-19T08:00,2026-05-19T23:54
T02122,Machine Learning,PyTorch|Deep Learning,Medium,4.8,12.0,Mumbai,2026-02-12T00:00,2026-02-12T12:00
T02123,Bug Fix,Java|C++,Medium,5.4,23.6,Coimbatore,2026-03-09T18:00,2026-03-10T17:36
T02124,Bug Fix,Java|Python,High,7.6,19.2,Chennai,2026-08-28T22:00,2026-08-29T17:12
T02125,Testing,Selenium|Java,Critical,6.5,7.6,Coimbatore,2026-02-16T13:00,2026-02-16T20:36
T02126,Data Engineering,PostgreSQL|Spark|AWS,Low,5.8,39.8,Remote,2026-02-11T01:00,2026-02-12T16:48
T02127,Cybersecurity,Azure|Python,Medium,4.5,17.2,Hyderabad,2026-03-15T02:00,2026-03-15T19:12
T02128,Bug Fix,C++,Medium,6.6,32.7,Coimbatore,2026-07-09T12:00,2026-07-10T20:42
T02129,Testing,Java,High,4.0,6.3,Hyderabad,2026-07-17T12:00,2026-07-17T18:18
T02130,Cloud/DevOps,Docker,Low,6.8,42.9,Delhi,2026-01-29T12:00,2026-01-31T06:54
T02131,Cybersecurity,Python|Azure|Linux,Medium,3.4,12.0,Pune,2026-01-24T01:00,2026-01-24T13:00
T02132,Software Development,Spring Boot,Medium,5.7,27.4,Kolkata,2026-01-26T23:00,2026-01-28T02:24
T02133,Support,Azure|AWS|Java,Medium,9.9,31.4,Pune,2026-07-19T15:00,2026-07-20T22:24
T02134,Machine Learning,Python,Medium,7.2,30.2,Delhi,2026-06-23T07:00,2026-06-24T13:12
T02135,Cloud/DevOps,Kubernetes|Azure|Docker,Medium,6.2,28.2,Bangalore,2026-06-04T11:00,2026-06-05T15:12
T02136,Bug Fix,Python|Spring Boot,Medium,8.2,25.4,Pune,2026-06-03T09:00,2026-06-04T10:24
T02137,Software Development,Java|Spring Boot,Low,4.6,35.9,Bangalore,2026-05-12T00:00,2026-05-13T11:54
T02138,Software Development,Node.js|React|Java,High,9.0,21.6,Pune,2026-03-31T08:00,2026-04-01T05:36
T02139,Database,Java,Low,5.8,31.9,Coimbatore,2026-02-04T14:00,2026-02-05T21:54
T02140,Cloud/DevOps,Azure|Python|Linux,Low,4.3,24.0,Chennai,2026-02-11T22:00,2026-02-12T22:00
T02141,Testing,Python|Java,Medium,4.5,17.0,Chennai,2026-07-03T08:00,2026-07-04T01:00
T02142,Testing,Selenium,High,6.5,17.6,Hyderabad,2026-01-01T19:00,2026-01-02T12:36
T02143,Bug Fix,Java|Python|JavaScript,High,4.9,13.1,Kolkata,2026-05-08T16:00,2026-05-09T05:06
T02144,Data Engineering,AWS|Azure|SQL,Critical,3.8,6.7,Mumbai,2026-02-20T01:00,2026-02-20T07:42
T02145,Support,AWS,High,6.1,17.6,Chennai,2026-06-17T09:00,2026-06-18T02:36
T02146,Software Development,Java|Node.js,Medium,4.8,14.4,Bangalore,2026-01-26T05:00,2026-01-26T19:24
T02147,Bug Fix,JavaScript|SQL|Spring Boot,Medium,8.3,38.6,Bangalore,2026-06-24T15:00,2026-06-26T05:36
T02148,Software Development,Java,High,4.2,11.1,Kolkata,2026-07-08T07:00,2026-07-08T18:06
T02149,Software Development,Python|React|Node.js,Medium,4.2,12.0,Remote,2026-07-11T06:00,2026-07-11T18:00
T02150,Testing,SQL,Medium,15.7,74.5,Mumbai,2026-06-02T03:00,2026-06-05T05:30
T02151,Testing,Selenium|Python|JavaScript,Medium,18.0,68.5,Delhi,2026-07-22T13:00,2026-07-25T09:30
T02152,Software Development,JavaScript|C++|Python,Medium,9.0,28.2,Chennai,2026-07-13T17:00,2026-07-14T21:12
T02153,Cloud/DevOps,Kubernetes|Azure,Medium,8.2,38.4,Coimbatore,2026-05-13T23:00,2026-05-15T13:24
T02154,Cloud/DevOps,Kubernetes,Medium,10.6,39.0,Pune,2026-05-17T14:00,2026-05-19T05:00
T02155,Support,Linux,Medium,7.4,19.1,Delhi,2026-07-20T23:00,2026-07-21T18:06
T02156,Data Engineering,AWS|PostgreSQL|Spark,Medium,5.0,22.9,Bangalore,2026-07-30T14:00,2026-07-31T12:54
T02157,Software Development,JavaScript|Spring Boot|Python,Medium,4.1,12.0,Remote,2026-04-21T15:00,2026-04-22T03:00
T02158,Software Development,Java|React,High,3.5,7.0,Delhi,2026-01-03T00:00,2026-01-03T07:00
T02159,Bug Fix,Node.js|JavaScript,Medium,10.3,46.4,Remote,2026-07-25T07:00,2026-07-27T05:24
T02160,Software Development,JavaScript,Medium,5.7,24.4,Hyderabad,2026-05-10T16:00,2026-05-11T16:24
T02161,Data Engineering,Spark|AWS|Azure,Medium,4.5,19.9,Remote,2026-08-13T16:00,2026-08-14T11:54
T02162,Machine Learning,Deep Learning,Low,11.4,56.6,Remote,2026-05-13T10:00,2026-05-15T18:36
T02163,Bug Fix,Python|Java,Medium,3.3,15.8,Bangalore,2026-07-25T04:00,2026-07-25T19:48
T02164,Cloud/DevOps,Azure|Linux|Python,High,5.3,14.8,Chennai,2026-02-11T01:00,2026-02-11T15:48
T02165,Machine Learning,Deep Learning,High,4.7,7.4,Remote,2026-05-16T14:00,2026-05-16T21:24
T02166,Software Development,Python,Low,2.8,24.0,Hyderabad,2026-05-03T16:00,2026-05-04T16:00
T02167,Machine Learning,Deep Learning,High,5.9,14.2,Chennai,2026-08-08T20:00,2026-08-09T10:12
T02168,Software Development,Spring Boot,Medium,5.2,12.7,Mumbai,2026-01-21T05:00,2026-01-21T17:42
T02169,Testing,SQL|Selenium|Python,High,4.5,6.8,Kolkata,2026-05-09T21:00,2026-05-10T03:48
T02170,Data Engineering,Python,Medium,13.2,65.1,Bangalore,2026-07-18T03:00,2026-07-20T20:06
T02171,Bug Fix,C++|SQL,Medium,12.0,26.7,Mumbai,2026-03-22T08:00,2026-03-23T10:42
T02172,Testing,Python|Java,Medium,7.7,22.2,Mumbai,2026-05-10T00:00,2026-05-10T22:12
T02173,Bug Fix,C++,Medium,5.8,24.0,Mumbai,2026-03-09T05:00,2026-03-10T05:00
T02174,Cloud/DevOps,Python,Medium,10.2,24.2,Remote,2026-01-21T07:00,2026-01-22T07:12
T02175,Support,Azure,High,5.9,14.7,Remote,2026-02-25T00:00,2026-02-25T14:42
T02176,Data Engineering,SQL,Low,3.4,24.0,Kolkata,2026-01-21T19:00,2026-01-22T19:00
T02177,Cybersecurity,AWS|Azure|Cybersecurity,Medium,4.2,14.5,Remote,2026-01-09T13:00,2026-01-10T03:30
T02178,Data Engineering,SQL,Medium,8.7,34.3,Mumbai,2026-05-02T19:00,2026-05-04T05:18
T02179,Machine Learning,Python|SQL,Medium,4.1,12.0,Chennai,2026-05-22T17:00,2026-05-23T05:00
T02180,Database,PostgreSQL|Java,High,7.1,12.2,Delhi,2026-03-25T22:00,2026-03-26T10:12
T02181,Support,Python|AWS,Medium,6.2,21.5,Remote,2026-04-28T23:00,2026-04-29T20:30
T02182,Database,MongoDB|SQL,High,5.1,11.7,Chennai,2026-03-11T05:00,2026-03-11T16:42
T02183,Bug Fix,C++|Java,High,7.9,16.9,Pune,2026-02-02T13:00,2026-02-03T05:54
T02184,Cybersecurity,Linux|Python,Low,4.3,24.0,Mumbai,2026-03-05T04:00,2026-03-06T04:00
T02185,Machine Learning,Deep Learning|TensorFlow,Medium,9.9,48.8,Pune,2026-03-17T16:00,2026-03-19T16:48
T02186,Database,MongoDB|Python|SQL,Medium,10.7,44.1,Coimbatore,2026-06-30T22:00,2026-07-02T18:06
T02187,Testing,Java|Python,Low,5.6,32.7,Mumbai,2026-01-08T18:00,2026-01-10T02:42
T02188,Support,SQL|Linux,High,3.3,6.0,Kolkata,2026-05-12T03:00,2026-05-12T09:00
T02189,Database,Java,Critical,11.2,17.1,Remote,2026-05-24T00:00,2026-05-24T17:06
T02190,Testing,Python|Java|Selenium,Low,3.5,24.2,Mumbai,2026-03-15T22:00,2026-03-16T22:12
T02191,Data Engineering,SQL,Medium,5.9,27.0,Chennai,2026-01-02T20:00,2026-01-03T23:00
T02192,Cloud/DevOps,Python|Linux,Medium,9.6,44.1,Pune,2026-04-09T07:00,2026-04-11T03:06
T02193,Software Development,Java|Python,Medium,6.6,19.0,Remote,2026-08-27T15:00,2026-08-28T10:00
T02194,Data Engineering,SQL,Medium,7.4,16.0,Remote,2026-08-21T16:00,2026-08-22T08:00
T02195,Testing,Selenium|SQL,Medium,8.7,27.7,Delhi,2026-08-27T20:00,2026-08-28T23:42
T02196,Machine Learning,Machine Learning|PyTorch|TensorFlow,Medium,7.3,34.7,Bangalore,2026-08-04T11:00,2026-08-05T21:42
T02197,Testing,Java|JavaScript|Selenium,Medium,5.5,12.0,Remote,2026-05-13T17:00,2026-05-14T05:00
T02198,Support,Python|Azure|SQL,High,3.2,7.9,Pune,2026-02-27T04:00,2026-02-27T11:54
T02199,Testing,JavaScript|Java,Low,3.3,24.0,Hyderabad,2026-07-27T10:00,2026-07-28T10:00
T02200,Testing,Python|Selenium|JavaScript,Critical,3.4,6.0,Chennai,2026-02-20T01:00,2026-02-20T07:00
T02201,Bug Fix,JavaScript|Spring Boot,Low,1.8,24.0,Chennai,2026-01-27T19:00,2026-01-28T19:00
T02202,Software Development,Node.js,High,7.7,20.0,Pune,2026-07-04T23:00,2026-07-05T19:00
T02203,Bug Fix,JavaScript,Low,4.4,24.0,Remote,2026-03-29T12:00,2026-03-30T12:00
T02204,Bug Fix,Python|JavaScript|SQL,Medium,7.1,28.0,Kolkata,2026-04-27T09:00,2026-04-28T13:00
T02205,Database,MongoDB|SQL,Medium,6.6,31.5,Remote,2026-04-17T06:00,2026-04-18T13:30
T02206,Cybersecurity,AWS|Cybersecurity,Medium,10.3,21.7,Remote,2026-04-19T20:00,2026-04-20T17:42
T02207,Data Engineering,Azure|Python,Medium,7.8,30.7,Hyderabad,2026-01-14T01:00,2026-01-15T07:42
T02208,Bug Fix,Java|SQL,Medium,10.6,46.6,Delhi,2026-06-15T11:00,2026-06-17T09:36
T02209,Bug Fix,Node.js|Spring Boot|C++,Medium,7.4,19.3,Hyderabad,2026-02-08T21:00,2026-02-09T16:18
T02210,Cybersecurity,AWS,High,21.0,42.0,Remote,2026-02-24T22:00,2026-02-26T16:00
T02211,Cloud/DevOps,Docker,Medium,6.5,21.2,Kolkata,2026-03-13T03:00,2026-03-14T00:12
T02212,Support,Linux|Java,Critical,8.1,9.8,Bangalore,2026-02-21T13:00,2026-02-21T22:48
T02213,Cybersecurity,Linux|Cybersecurity|Azure,Critical,7.6,8.6,Mumbai,2026-05-13T18:00,2026-05-14T02:36
T02214,Testing,SQL|JavaScript,High,8.4,14.6,Kolkata,2026-07-04T11:00,2026-07-05T01:36
T02215,Database,Python|PostgreSQL,Medium,3.5,14.8,Chennai,2026-03-03T09:00,2026-03-03T23:48
T02216,Cloud/DevOps,Linux,Medium,5.0,13.6,Remote,2026-02-26T13:00,2026-02-27T02:36
T02217,Machine Learning,PyTorch,Critical,4.9,7.3,Bangalore,2026-06-09T19:00,2026-06-10T02:18
T02218,Database,Python|SQL,Low,8.0,36.8,Kolkata,2026-06-15T12:00,2026-06-17T00:48
T02219,Support,Linux|SQL,High,3.3,6.0,Coimbatore,2026-08-12T02:00,2026-08-12T08:00
T02220,Data Engineering,Spark|SQL|AWS,Medium,4.9,19.8,Chennai,2026-01-17T18:00,2026-01-18T13:48
T02221,Database,Python|Java|SQL,High,8.3,18.4,Delhi,2026-04-30T10:00,2026-05-01T04:24
T02222,Cybersecurity,AWS|Azure,High,5.6,13.5,Delhi,2026-05-05T21:00,2026-05-06T10:30
T02223,Machine Learning,Deep Learning,High,5.3,14.5,Pune,2026-06-29T05:00,2026-06-29T19:30
T02224,Cybersecurity,Python|Linux|AWS,High,11.2,29.6,Hyderabad,2026-02-17T14:00,2026-02-18T19:36
T02225,Software Development,Java|JavaScript,High,5.9,9.3,Coimbatore,2026-08-02T06:00,2026-08-02T15:18
T02226,Database,Java|SQL|Python,Critical,3.6,4.2,Coimbatore,2026-04-25T13:00,2026-04-25T17:12
T02227,Data Engineering,Python|Azure,Medium,3.9,14.5,Hyderabad,2026-05-16T20:00,2026-05-17T10:30
T02228,Testing,Python|SQL,High,9.0,17.8,Remote,2026-08-17T20:00,2026-08-18T13:48
T02229,Machine Learning,TensorFlow|Python,High,3.0,6.6,Coimbatore,2026-06-21T04:00,2026-06-21T10:36
T02230,Cybersecurity,Azure,Critical,11.1,14.4,Hyderabad,2026-03-28T10:00,2026-03-29T00:24
T02231,Software Development,Java,Critical,9.1,12.3,Remote,2026-02-23T13:00,2026-02-24T01:18
T02232,Testing,JavaScript|Python,Medium,13.0,54.7,Bangalore,2026-02-18T20:00,2026-02-21T02:42
T02233,Support,Azure|SQL,Low,7.4,24.0,Coimbatore,2026-01-08T11:00,2026-01-09T11:00
T02234,Software Development,C++|JavaScript|Spring Boot,Medium,4.8,20.1,Hyderabad,2026-07-21T11:00,2026-07-22T07:06
T02235,Cloud/DevOps,Python|Azure,Medium,16.0,41.6,Chennai,2026-03-22T09:00,2026-03-24T02:36
T02236,Software Development,Spring Boot,Low,6.5,33.9,Coimbatore,2026-01-31T21:00,2026-02-02T06:54
T02237,Testing,Selenium|Java|Python,High,10.1,29.6,Coimbatore,2026-01-02T14:00,2026-01-03T19:36
T02238,Support,Linux|AWS|SQL,High,9.3,19.8,Coimbatore,2026-04-25T18:00,2026-04-26T13:48
T02239,Cybersecurity,Linux|Cybersecurity,Medium,7.9,19.0,Delhi,2026-03-25T03:00,2026-03-25T22:00
T02240,Bug Fix,SQL|Node.js,Medium,5.4,15.0,Kolkata,2026-06-27T20:00,2026-06-28T11:00
T02241,Cloud/DevOps,Azure|AWS|Linux,Low,4.6,24.0,Hyderabad,2026-01-02T15:00,2026-01-03T15:00
T02242,Cybersecurity,Linux|AWS,High,5.0,11.7,Coimbatore,2026-01-04T05:00,2026-01-04T16:42
T02243,Data Engineering,PostgreSQL|AWS|SQL,Medium,3.6,14.2,Coimbatore,2026-04-16T15:00,2026-04-17T05:12
T02244,Database,Python|SQL,Medium,5.3,12.6,Remote,2026-05-19T19:00,2026-05-20T07:36
T02245,Machine Learning,Machine Learning|TensorFlow,Medium,15.4,31.9,Delhi,2026-07-05T14:00,2026-07-06T21:54
T02246,Data Engineering,PostgreSQL|SQL,Medium,3.9,13.0,Remote,2026-08-07T18:00,2026-08-08T07:00
T02247,Machine Learning,SQL|TensorFlow,Low,3.9,24.0,Remote,2026-01-05T04:00,2026-01-06T04:00
T02248,Support,SQL|Python|Java,Medium,4.5,16.2,Bangalore,2026-08-08T02:00,2026-08-08T18:12
T02249,Cloud/DevOps,Kubernetes|Python|Linux,Medium,4.2,14.6,Pune,2026-04-21T18:00,2026-04-22T08:36
T02250,Support,AWS,Medium,3.6,16.8,Delhi,2026-01-09T21:00,2026-01-10T13:48
T02251,Database,Java|PostgreSQL|MongoDB,Low,11.0,85.2,Mumbai,2026-04-23T21:00,2026-04-27T10:12
T02252,Cloud/DevOps,Linux,Medium,13.0,27.5,Mumbai,2026-05-16T16:00,2026-05-17T19:30
T02253,Software Development,Node.js|Python|JavaScript,Medium,7.3,35.4,Remote,2026-01-16T06:00,2026-01-17T17:24
T02254,Cloud/DevOps,Kubernetes|AWS|Azure,High,10.0,15.3,Coimbatore,2026-06-18T01:00,2026-06-18T16:18
T02255,Cloud/DevOps,AWS|Python|Kubernetes,High,3.7,8.7,Chennai,2026-02-21T13:00,2026-02-21T21:42
T02256,Cloud/DevOps,Azure,Medium,9.5,25.0,Coimbatore,2026-05-18T10:00,2026-05-19T11:00
T02257,Support,Python,Medium,6.0,28.9,Pune,2026-08-05T18:00,2026-08-06T22:54
T02258,Cybersecurity,AWS|Linux|Azure,High,6.6,14.5,Pune,2026-03-01T08:00,2026-03-01T22:30
T02259,Cloud/DevOps,Python|AWS,High,8.0,23.4,Remote,2026-01-09T20:00,2026-01-10T19:24
T02260,Cybersecurity,AWS|Python|Cybersecurity,High,6.4,11.6,Pune,2026-05-06T19:00,2026-05-07T06:36
T02261,Cloud/DevOps,Docker,Medium,3.5,12.0,Remote,2026-03-28T18:00,2026-03-29T06:00
T02262,Cybersecurity,Azure|Linux,High,10.7,28.7,Remote,2026-07-03T11:00,2026-07-04T15:42
T02263,Cloud/DevOps,Linux|Kubernetes|Azure,High,8.3,24.6,Pune,2026-03-20T10:00,2026-03-21T10:36
T02264,Cloud/DevOps,Azure,Low,7.6,36.7,Kolkata,2026-06-27T01:00,2026-06-28T13:42
T02265,Support,Java|Linux|AWS,High,10.0,24.2,Hyderabad,2026-01-02T22:00,2026-01-03T22:12
T02266,Testing,Java|SQL,Critical,18.1,20.3,Chennai,2026-08-13T14:00,2026-08-14T10:18
T02267,Cloud/DevOps,Docker,Critical,4.3,6.9,Chennai,2026-04-15T16:00,2026-04-15T22:54
T02268,Database,MongoDB,Medium,5.8,24.4,Bangalore,2026-01-18T19:00,2026-01-19T19:24
T02269,Cloud/DevOps,Python|Docker,High,6.3,13.4,Mumbai,2026-07-21T20:00,2026-07-22T09:24
T02270,Cloud/DevOps,Docker,Low,2.4,24.0,Mumbai,2026-07-11T05:00,2026-07-12T05:00
T02271,Data Engineering,Python|Spark|SQL,Medium,8.5,28.8,Pune,2026-01-09T06:00,2026-01-10T10:48
T02272,Machine Learning,TensorFlow,High,8.8,14.2,Coimbatore,2026-08-22T18:00,2026-08-23T08:12
T02273,Data Engineering,Azure,Medium,4.0,18.6,Pune,2026-02-08T11:00,2026-02-09T05:36
T02274,Support,Azure|Python,Critical,8.6,13.6,Remote,2026-02-21T05:00,2026-02-21T18:36
T02275,Database,Java,Medium,7.7,22.2,Coimbatore,2026-05-05T10:00,2026-05-06T08:12
T02276,Cybersecurity,Azure,High,7.6,15.1,Coimbatore,2026-03-30T23:00,2026-03-31T14:06
T02277,Testing,Python|JavaScript,High,4.0,6.2,Delhi,2026-06-13T01:00,2026-06-13T07:12
T02278,Database,Java,High,5.5,11.9,Delhi,2026-02-16T16:00,2026-02-17T03:54
T02279,Data Engineering,Azure,Medium,3.6,15.0,Bangalore,2026-02-02T23:00,2026-02-03T14:00
T02280,Testing,Java,High,3.7,6.2,Kolkata,2026-05-26T13:00,2026-05-26T19:12
T02281,Data Engineering,AWS,High,2.7,6.0,Delhi,2026-05-15T06:00,2026-05-15T12:00
T02282,Software Development,Node.js,Medium,11.1,38.7,Chennai,2026-03-24T11:00,2026-03-26T01:42
T02283,Cloud/DevOps,Python,Medium,7.5,18.2,Bangalore,2026-04-17T10:00,2026-04-18T04:12
T02284,Cybersecurity,Linux|Cybersecurity,Critical,6.3,11.2,Pune,2026-08-20T12:00,2026-08-20T23:12
T02285,Cloud/DevOps,Python,Medium,4.4,16.8,Hyderabad,2026-06-21T18:00,2026-06-22T10:48
T02286,Testing,Selenium|Java,Medium,8.0,21.9,Bangalore,2026-05-18T03:00,2026-05-19T00:54
T02287,Cloud/DevOps,Kubernetes|Python,Medium,6.6,27.4,Pune,2026-06-11T06:00,2026-06-12T09:24
T02288,Software Development,JavaScript|Spring Boot|C++,Medium,4.3,14.2,Remote,2026-07-21T22:00,2026-07-22T12:12
T02289,Machine Learning,Python,High,13.6,32.3,Kolkata,2026-05-08T12:00,2026-05-09T20:18
T02290,Bug Fix,Java|Spring Boot,Low,21.4,164.4,Remote,2026-02-10T21:00,2026-02-17T17:24
T02291,Cybersecurity,Cybersecurity|AWS,Medium,4.5,14.8,Remote,2026-02-13T13:00,2026-02-14T03:48
T02292,Software Development,Node.js|React|Python,High,6.4,18.2,Mumbai,2026-01-29T20:00,2026-01-30T14:12
T02293,Machine Learning,TensorFlow|SQL|PyTorch,Low,6.1,24.0,Pune,2026-06-01T11:00,2026-06-02T11:00
T02294,Bug Fix,SQL|Python,Low,5.0,35.2,Bangalore,2026-04-29T13:00,2026-05-01T00:12
T02295,Data Engineering,PostgreSQL|AWS|SQL,Medium,6.3,16.6,Pune,2026-01-03T09:00,2026-01-04T01:36
T02296,Cloud/DevOps,Azure,Medium,6.0,19.1,Hyderabad,2026-08-07T03:00,2026-08-07T22:06
T02297,Software Development,Java|Node.js,High,8.2,20.7,Kolkata,2026-08-10T18:00,2026-08-11T14:42
T02298,Cloud/DevOps,Python|AWS,Medium,7.5,24.5,Remote,2026-08-21T06:00,2026-08-22T06:30
T02299,Software Development,Python,High,7.6,12.2,Mumbai,2026-02-03T05:00,2026-02-03T17:12
T02300,Machine Learning,Deep Learning,Medium,3.8,12.0,Coimbatore,2026-02-04T13:00,2026-02-05T01:00
T02301,Support,AWS|Linux|Java,High,10.8,17.4,Delhi,2026-03-22T14:00,2026-03-23T07:24
T02302,Bug Fix,SQL|C++|Spring Boot,Medium,8.5,31.4,Coimbatore,2026-06-28T21:00,2026-06-30T04:24
T02303,Database,Python,High,5.7,14.6,Kolkata,2026-08-10T17:00,2026-08-11T07:36
T02304,Database,SQL,Low,5.3,34.4,Coimbatore,2026-05-27T14:00,2026-05-29T00:24
T02305,Database,Python,Low,3.8,28.0,Chennai,2026-01-18T13:00,2026-01-19T17:00
T02306,Support,Java|SQL|Linux,Medium,3.3,14.2,Remote,2026-08-12T16:00,2026-08-13T06:12
T02307,Testing,Python|JavaScript|Java,Critical,5.3,8.1,Mumbai,2026-01-28T20:00,2026-01-29T04:06
T02308,Cybersecurity,Azure,Medium,5.6,18.6,Coimbatore,2026-04-26T21:00,2026-04-27T15:36
T02309,Support,Python|Linux|Azure,Medium,5.3,22.4,Delhi,2026-08-24T05:00,2026-08-25T03:24
T02310,Support,SQL,Medium,6.0,15.5,Remote,2026-05-31T18:00,2026-06-01T09:30
T02311,Testing,Java,High,3.2,8.2,Pune,2026-06-13T11:00,2026-06-13T19:12
T02312,Cybersecurity,Python,Medium,5.2,18.1,Hyderabad,2026-08-17T02:00,2026-08-17T20:06
T02313,Software Development,Spring Boot|Java,Low,5.2,33.4,Bangalore,2026-03-16T22:00,2026-03-18T07:24
T02314,Bug Fix,Python|JavaScript,Medium,3.7,13.3,Delhi,2026-08-03T02:00,2026-08-03T15:18
T02315,Cybersecurity,AWS|Cybersecurity,High,5.2,15.4,Delhi,2026-03-13T02:00,2026-03-13T17:24
T02316,Support,SQL|Linux,Medium,19.4,39.0,Pune,2026-07-22T20:00,2026-07-24T11:00
T02317,Machine Learning,SQL|PyTorch,Critical,2.8,4.4,Coimbatore,2026-07-05T03:00,2026-07-05T07:24
T02318,Data Engineering,SQL|AWS|Python,High,4.8,9.2,Chennai,2026-04-28T23:00,2026-04-29T08:12
T02319,Software Development,Spring Boot|C++,Low,3.0,24.0,Remote,2026-04-01T13:00,2026-04-02T13:00
T02320,Testing,Selenium|Java,Low,6.3,37.3,Delhi,2026-02-23T22:00,2026-02-25T11:18
T02321,Software Development,JavaScript|Spring Boot,Medium,9.1,38.1,Pune,2026-08-11T22:00,2026-08-13T12:06
T02322,Database,Java|Python,High,4.0,11.1,Mumbai,2026-07-17T04:00,2026-07-17T15:06
T02323,Cloud/DevOps,Python|AWS|Linux,Critical,4.0,6.6,Mumbai,2026-05-23T21:00,2026-05-24T03:36
T02324,Machine Learning,TensorFlow,Medium,2.8,13.8,Mumbai,2026-05-20T02:00,2026-05-20T15:48
T02325,Database,Python,Low,7.3,29.9,Remote,2026-05-01T15:00,2026-05-02T20:54
T02326,Bug Fix,Node.js,High,9.5,26.9,Chennai,2026-06-23T11:00,2026-06-24T13:54
T02327,Support,Azure,Low,10.6,32.5,Coimbatore,2026-05-15T03:00,2026-05-16T11:30
T02328,Database,PostgreSQL|Java,Low,8.2,43.9,Remote,2026-05-26T18:00,2026-05-28T13:54
T02329,Testing,Selenium|JavaScript|Java,High,8.4,21.1,Remote,2026-04-23T19:00,2026-04-24T16:06
T02330,Testing,JavaScript|Python,Medium,4.9,24.0,Hyderabad,2026-05-03T07:00,2026-05-04T07:00
T02331,Support,Linux,Medium,3.2,12.2,Bangalore,2026-08-21T12:00,2026-08-22T00:12
T02332,Cloud/DevOps,AWS|Kubernetes,High,2.6,6.8,Mumbai,2026-02-20T00:00,2026-02-20T06:48
T02333,Bug Fix,C++|JavaScript|Spring Boot,High,4.4,12.0,Coimbatore,2026-07-10T17:00,2026-07-11T05:00
T02334,Support,Linux|AWS,Medium,5.3,13.9,Remote,2026-08-27T00:00,2026-08-27T13:54
T02335,Cloud/DevOps,AWS,Medium,10.7,38.1,Mumbai,2026-03-28T06:00,2026-03-29T20:06
T02336,Software Development,Node.js|React|JavaScript,Medium,9.7,23.3,Pune,2026-08-01T14:00,2026-08-02T13:18
T02337,Support,AWS|Azure|Linux,High,5.5,15.6,Mumbai,2026-01-12T08:00,2026-01-12T23:36
T02338,Bug Fix,Spring Boot|Node.js,Low,8.7,53.1,Hyderabad,2026-08-11T12:00,2026-08-13T17:06
T02339,Database,Python,High,2.6,6.7,Chennai,2026-05-27T17:00,2026-05-27T23:42
T02340,Testing,Java,High,2.6,7.3,Hyderabad,2026-03-03T21:00,2026-03-04T04:18
T02341,Cybersecurity,Linux|Azure|Python,Medium,3.0,12.0,Pune,2026-01-22T07:00,2026-01-22T19:00
T02342,Testing,Python,High,7.9,13.7,Chennai,2026-04-10T10:00,2026-04-10T23:42
T02343,Testing,Python,Low,6.9,32.8,Coimbatore,2026-02-24T01:00,2026-02-25T09:48
T02344,Support,Azure|SQL,Critical,5.5,8.4,Remote,2026-02-10T15:00,2026-02-10T23:24
T02345,Bug Fix,Spring Boot|JavaScript,Medium,6.7,31.4,Kolkata,2026-04-08T15:00,2026-04-09T22:24
T02346,Cloud/DevOps,Python|Azure,Medium,5.2,20.3,Chennai,2026-01-14T15:00,2026-01-15T11:18
T02347,Data Engineering,Python|Azure,Low,4.1,24.9,Bangalore,2026-06-23T23:00,2026-06-24T23:54
T02348,Data Engineering,Azure,Critical,4.3,5.9,Remote,2026-07-17T15:00,2026-07-17T20:54
T02349,Cybersecurity,Linux|Azure|Python,Medium,4.3,15.9,Coimbatore,2026-08-16T00:00,2026-08-16T15:54
T02350,Support,AWS,High,8.2,15.7,Bangalore,2026-01-23T16:00,2026-01-24T07:42
T02351,Software Development,React|Spring Boot,Medium,7.8,20.1,Pune,2026-04-11T17:00,2026-04-12T13:06
T02352,Support,AWS|Linux|Azure,Medium,5.9,28.7,Remote,2026-08-19T14:00,2026-08-20T18:42
T02353,Cybersecurity,Python|Cybersecurity|Azure,Medium,4.3,15.9,Delhi,2026-05-11T12:00,2026-05-12T03:54
T02354,Data Engineering,Spark|Azure|Python,Medium,9.6,34.3,Remote,2026-08-01T01:00,2026-08-02T11:18
T02355,Testing,Selenium|Java,Medium,10.9,53.2,Pune,2026-05-08T18:00,2026-05-10T23:12
T02356,Machine Learning,PyTorch|Python,High,5.8,10.9,Coimbatore,2026-04-22T21:00,2026-04-23T07:54
T02357,Support,SQL,Low,7.1,31.0,Remote,2026-07-07T22:00,2026-07-09T05:00
T02358,Database,MongoDB,Critical,9.6,13.3,Delhi,2026-06-23T23:00,2026-06-24T12:18
T02359,Cybersecurity,AWS|Python,Medium,5.5,22.6,Chennai,2026-06-26T14:00,2026-06-27T12:36
T02360,Software Development,C++,Medium,5.7,12.0,Hyderabad,2026-05-29T06:00,2026-05-29T18:00
T02361,Testing,SQL|Selenium|Java,Medium,9.3,38.9,Chennai,2026-06-29T02:00,2026-06-30T16:54
T02362,Cloud/DevOps,Linux,High,5.6,9.2,Kolkata,2026-08-12T03:00,2026-08-12T12:12
T02363,Testing,JavaScript|Java,Medium,2.4,12.0,Remote,2026-08-15T09:00,2026-08-15T21:00
T02364,Cloud/DevOps,Docker,Medium,14.6,63.4,Delhi,2026-06-26T21:00,2026-06-29T12:24
T02365,Machine Learning,Deep Learning|SQL,Low,16.3,70.4,Bangalore,2026-07-17T04:00,2026-07-20T02:24
T02366,Cybersecurity,AWS,High,6.2,12.4,Kolkata,2026-07-11T20:00,2026-07-12T08:24
T02367,Testing,Java,Medium,4.5,18.5,Kolkata,2026-02-12T19:00,2026-02-13T13:30
T02368,Data Engineering,Spark|AWS,Critical,3.4,5.5,Remote,2026-05-27T09:00,2026-05-27T14:30
T02369,Testing,Java|SQL|Python,High,7.1,16.1,Hyderabad,2026-08-10T03:00,2026-08-10T19:06
T02370,Bug Fix,SQL,Low,8.6,50.7,Remote,2026-01-07T20:00,2026-01-09T22:42
T02371,Bug Fix,C++|Python|Java,High,7.5,15.4,Kolkata,2026-04-25T04:00,2026-04-25T19:24
T02372,Cloud/DevOps,Kubernetes|Python|AWS,High,5.2,8.2,Hyderabad,2026-06-07T06:00,2026-06-07T14:12
T02373,Machine Learning,Deep Learning|SQL,Medium,6.8,29.5,Delhi,2026-05-25T13:00,2026-05-26T18:30
T02374,Machine Learning,PyTorch,Low,4.4,24.0,Chennai,2026-03-25T20:00,2026-03-26T20:00
T02375,Machine Learning,TensorFlow,Medium,10.1,47.1,Bangalore,2026-06-03T11:00,2026-06-05T10:06
T02376,Cybersecurity,AWS,Medium,5.0,20.4,Remote,2026-08-19T20:00,2026-08-20T16:24
T02377,Support,Python|Azure|Java,High,7.9,19.6,Pune,2026-07-30T00:00,2026-07-30T19:36
T02378,Cloud/DevOps,Linux,Medium,2.3,12.0,Chennai,2026-06-21T20:00,2026-06-22T08:00
T02379,Database,Python|Java,Medium,4.8,12.0,Kolkata,2026-03-24T07:00,2026-03-24T19:00
T02380,Database,SQL|MongoDB,Medium,5.1,12.0,Kolkata,2026-05-25T03:00,2026-05-25T15:00
T02381,Machine Learning,PyTorch,Medium,11.2,24.0,Pune,2026-03-13T06:00,2026-03-14T06:00
T02382,Cybersecurity,AWS|Python,High,7.8,17.8,Mumbai,2026-01-12T19:00,2026-01-13T12:48
T02383,Cybersecurity,Linux|Python,Critical,3.7,6.6,Chennai,2026-08-12T20:00,2026-08-13T02:36
T02384,Testing,Selenium|JavaScript,Low,16.0,94.8,Mumbai,2026-01-13T22:00,2026-01-17T20:48
T02385,Bug Fix,Node.js,High,7.1,18.5,Mumbai,2026-05-25T05:00,2026-05-25T23:30
T02386,Bug Fix,Java|C++|JavaScript,Medium,8.5,40.7,Delhi,2026-01-28T19:00,2026-01-30T11:42
T02387,Bug Fix,C++|JavaScript,Medium,5.6,22.0,Delhi,2026-05-26T21:00,2026-05-27T19:00
T02388,Database,SQL|MongoDB|Python,Medium,6.7,26.5,Delhi,2026-06-24T20:00,2026-06-25T22:30
T02389,Data Engineering,AWS|Python|Spark,High,5.1,12.2,Mumbai,2026-07-07T06:00,2026-07-07T18:12
T02390,Support,AWS|SQL|Java,High,9.9,14.9,Bangalore,2026-01-07T02:00,2026-01-07T16:54
T02391,Data Engineering,PostgreSQL|Spark,High,2.5,6.3,Remote,2026-07-16T09:00,2026-07-16T15:18
T02392,Cybersecurity,Linux,Low,11.1,54.2,Pune,2026-07-02T23:00,2026-07-05T05:12
T02393,Testing,Java|JavaScript,Medium,8.5,35.7,Remote,2026-06-15T18:00,2026-06-17T05:42
T02394,Data Engineering,PostgreSQL|Spark,High,5.0,8.3,Bangalore,2026-04-27T06:00,2026-04-27T14:18
T02395,Support,Azure|Linux,High,11.3,31.5,Delhi,2026-03-19T11:00,2026-03-20T18:30
T02396,Database,MongoDB|SQL,Medium,3.3,12.0,Pune,2026-04-17T05:00,2026-04-17T17:00
T02397,Cloud/DevOps,AWS|Docker|Azure,Critical,5.3,6.3,Remote,2026-05-24T04:00,2026-05-24T10:18
T02398,Cloud/DevOps,Linux|Python,Low,6.5,48.3,Coimbatore,2026-07-25T23:00,2026-07-27T23:18
T02399,Support,Java|Azure,High,3.4,9.0,Bangalore,2026-02-28T16:00,2026-03-01T01:00
T02400,Support,SQL,Medium,3.2,12.0,Remote,2026-03-15T19:00,2026-03-16T07:00
T02401,Software Development,Node.js,Low,4.4,24.0,Remote,2026-01-15T09:00,2026-01-16T09:00
T02402,Testing,Selenium,High,11.9,31.1,Hyderabad,2026-03-01T10:00,2026-03-02T17:06
T02403,Bug Fix,Java,Medium,4.6,12.0,Coimbatore,2026-01-19T03:00,2026-01-19T15:00
T02404,Cloud/DevOps,Azure|AWS,Critical,5.2,5.9,Pune,2026-04-24T19:00,2026-04-25T00:54
T02405,Software Development,React|Node.js,Low,13.4,67.5,Remote,2026-04-12T16:00,2026-04-15T11:30
T02406,Testing,Python|JavaScript|Java,Medium,9.5,40.4,Pune,2026-07-07T18:00,2026-07-09T10:24
T02407,Testing,JavaScript,High,3.3,6.0,Remote,2026-04-22T11:00,2026-04-22T17:00
T02408,Testing,Java|Selenium,Medium,10.9,41.9,Chennai,2026-07-24T11:00,2026-07-26T04:54
T02409,Support,Linux|Azure|Java,Low,8.2,30.4,Remote,2026-01-21T11:00,2026-01-22T17:24
T02410,Data Engineering,Python|PostgreSQL|Spark,Critical,4.8,6.6,Remote,2026-02-13T08:00,2026-02-13T14:36
T02411,Cybersecurity,Cybersecurity,Medium,7.3,32.1,Coimbatore,2026-07-14T09:00,2026-07-15T17:06
T02412,Software Development,Node.js|Python,Low,11.3,86.8,Mumbai,2026-01-02T16:00,2026-01-06T06:48
T02413,Data Engineering,AWS,High,7.4,20.5,Remote,2026-06-18T09:00,2026-06-19T05:30
T02414,Database,PostgreSQL|MongoDB|SQL,Medium,5.1,13.0,Chennai,2026-04-27T07:00,2026-04-27T20:00
T02415,Support,SQL|Linux|Python,Low,5.3,24.0,Bangalore,2026-04-24T10:00,2026-04-25T10:00
T02416,Software Development,C++|JavaScript,High,9.0,26.4,Delhi,2026-03-31T20:00,2026-04-01T22:24
T02417,Cloud/DevOps,Python,Medium,4.9,17.2,Remote,2026-08-25T18:00,2026-08-26T11:12
T02418,Cloud/DevOps,Kubernetes|Docker,Medium,3.6,14.0,Mumbai,2026-06-22T18:00,2026-06-23T08:00
T02419,Data Engineering,AWS,Medium,8.3,27.6,Delhi,2026-05-28T15:00,2026-05-29T18:36
T02420,Cybersecurity,Azure|Linux|Cybersecurity,Medium,6.8,26.8,Bangalore,2026-04-30T00:00,2026-05-01T02:48
T02421,Software Development,Java,High,11.4,17.3,Pune,2026-07-22T07:00,2026-07-23T00:18
T02422,Testing,SQL|Selenium|Python,High,3.5,9.1,Remote,2026-06-14T21:00,2026-06-15T06:06
T02423,Cloud/DevOps,Azure|Linux|Python,Critical,6.5,9.8,Coimbatore,2026-07-20T16:00,2026-07-21T01:48
T02424,Database,SQL|MongoDB|Java,Medium,4.1,12.6,Coimbatore,2026-03-30T23:00,2026-03-31T11:36
T02425,Database,SQL,High,5.1,12.7,Delhi,2026-05-20T22:00,2026-05-21T10:42
T02426,Software Development,JavaScript|Node.js|Spring Boot,Medium,8.9,28.9,Mumbai,2026-06-18T19:00,2026-06-19T23:54
T02427,Data Engineering,SQL|Spark|Azure,High,7.5,13.7,Hyderabad,2026-05-11T01:00,2026-05-11T14:42
T02428,Machine Learning,TensorFlow,High,6.1,15.8,Delhi,2026-05-08T20:00,2026-05-09T11:48
T02429,Cybersecurity,AWS|Cybersecurity|Python,Critical,2.5,3.1,Pune,2026-06-15T21:00,2026-06-16T00:06
T02430,Cloud/DevOps,Kubernetes|Docker|Azure,Low,5.2,40.0,Mumbai,2026-04-07T04:00,2026-04-08T20:00
T02431,Cloud/DevOps,Python|Azure|Kubernetes,Medium,7.5,26.8,Bangalore,2026-04-29T00:00,2026-04-30T02:48
T02432,Database,SQL|Java,High,7.0,14.0,Pune,2026-05-27T15:00,2026-05-28T05:00
T02433,Cybersecurity,Python|Cybersecurity,High,8.8,24.9,Remote,2026-07-29T15:00,2026-07-30T15:54
T02434,Database,Java|Python|SQL,Critical,6.4,10.3,Bangalore,2026-05-19T00:00,2026-05-19T10:18
T02435,Bug Fix,SQL|Python,High,7.1,12.3,Pune,2026-01-22T04:00,2026-01-22T16:18
T02436,Data Engineering,Spark|AWS|SQL,Medium,7.0,22.0,Remote,2026-02-19T17:00,2026-02-20T15:00
T02437,Support,Python|SQL,Critical,9.9,16.4,Hyderabad,2026-01-18T00:00,2026-01-18T16:24
T02438,Support,SQL,High,5.1,13.4,Mumbai,2026-04-13T18:00,2026-04-14T07:24
T02439,Cybersecurity,AWS|Cybersecurity,Critical,5.0,8.6,Mumbai,2026-06-30T06:00,2026-06-30T14:36
T02440,Data Engineering,Python|AWS,High,5.9,15.5,Delhi,2026-03-26T00:00,2026-03-26T15:30
T02441,Data Engineering,SQL|Python,High,8.2,20.9,Pune,2026-08-05T10:00,2026-08-06T06:54
T02442,Bug Fix,Node.js,High,14.9,30.2,Kolkata,2026-08-02T09:00,2026-08-03T15:12
T02443,Data Engineering,Spark|Python|SQL,Critical,13.0,20.3,Remote,2026-08-03T05:00,2026-08-04T01:18
T02444,Software Development,React|C++|JavaScript,High,6.3,10.9,Bangalore,2026-03-26T07:00,2026-03-26T17:54
T02445,Testing,JavaScript,Medium,5.8,16.6,Delhi,2026-05-23T15:00,2026-05-24T07:36
T02446,Database,Java|SQL|PostgreSQL,High,6.7,11.1,Remote,2026-01-02T05:00,2026-01-02T16:06
T02447,Database,MongoDB|Java,Low,7.2,32.4,Pune,2026-01-23T10:00,2026-01-24T18:24
T02448,Data Engineering,SQL|Python,Medium,4.1,14.6,Hyderabad,2026-07-26T13:00,2026-07-27T03:36
T02449,Cloud/DevOps,Linux|Kubernetes|Docker,Medium,5.5,16.3,Chennai,2026-06-26T23:00,2026-06-27T15:18
T02450,Software Development,JavaScript|C++,High,2.5,6.0,Pune,2026-06-14T16:00,2026-06-14T22:00
T02451,Cybersecurity,AWS|Azure|Cybersecurity,Medium,5.1,24.7,Chennai,2026-03-18T08:00,2026-03-19T08:42
T02452,Testing,Selenium|SQL|Java,Critical,7.4,8.7,Hyderabad,2026-07-19T02:00,2026-07-19T10:42
T02453,Database,SQL|Java,High,7.4,20.6,Pune,2026-05-04T05:00,2026-05-05T01:36
T02454,Testing,Selenium,High,9.0,20.0,Bangalore,2026-07-30T03:00,2026-07-30T23:00
T02455,Cloud/DevOps,Linux|Docker,Medium,3.8,15.0,Kolkata,2026-05-01T15:00,2026-05-02T06:00
T02456,Bug Fix,Node.js|JavaScript,High,5.3,13.2,Bangalore,2026-04-16T20:00,2026-04-17T09:12
T02457,Data Engineering,Spark|Azure|AWS,Medium,13.2,49.5,Mumbai,2026-03-23T12:00,2026-03-25T13:30
T02458,Testing,Python|Selenium,High,5.5,15.7,Remote,2026-06-16T06:00,2026-06-16T21:42
T02459,Bug Fix,Spring Boot,Medium,2.6,12.0,Pune,2026-03-31T23:00,2026-04-01T11:00
T02460,Software Development,Java|React,Low,5.0,39.4,Coimbatore,2026-06-01T22:00,2026-06-03T13:24
T02461,Database,Java|Python|MongoDB,High,8.3,16.1,Remote,2026-03-29T05:00,2026-03-29T21:06
T02462,Cloud/DevOps,Docker|AWS|Azure,Medium,3.3,12.0,Coimbatore,2026-04-30T14:00,2026-05-01T02:00
T02463,Software Development,Node.js,High,4.2,10.5,Chennai,2026-06-07T21:00,2026-06-08T07:30
T02464,Database,SQL|Python|PostgreSQL,Medium,7.8,27.0,Delhi,2026-02-06T04:00,2026-02-07T07:00
T02465,Data Engineering,Spark|Azure|Python,Medium,7.2,31.6,Remote,2026-08-28T13:00,2026-08-29T20:36
T02466,Support,Python|Azure|AWS,High,5.2,11.1,Hyderabad,2026-03-23T01:00,2026-03-23T12:06
T02467,Cloud/DevOps,Linux|Python|Kubernetes,Low,6.2,42.8,Hyderabad,2026-05-06T23:00,2026-05-08T17:48
T02468,Cloud/DevOps,Azure,High,4.0,9.6,Pune,2026-03-21T01:00,2026-03-21T10:36
T02469,Database,MongoDB|PostgreSQL|Python,Medium,7.1,24.4,Remote,2026-02-26T16:00,2026-02-27T16:24
T02470,Database,MongoDB,Medium,5.3,23.4,Delhi,2026-05-22T16:00,2026-05-23T15:24
T02471,Support,Python,High,9.0,18.1,Delhi,2026-05-05T21:00,2026-05-06T15:06
T02472,Database,MongoDB|SQL|Python,High,10.8,23.2,Remote,2026-03-23T08:00,2026-03-24T07:12
T02473,Bug Fix,C++,Low,2.5,24.0,Bangalore,2026-02-05T18:00,2026-02-06T18:00
T02474,Bug Fix,Node.js,Medium,7.7,38.0,Mumbai,2026-05-10T06:00,2026-05-11T20:00
T02475,Testing,Python|SQL,Critical,6.9,12.0,Hyderabad,2026-07-31T13:00,2026-08-01T01:00
T02476,Cloud/DevOps,Docker|Python|Linux,Critical,9.4,15.9,Mumbai,2026-03-04T02:00,2026-03-04T17:54
T02477,Machine Learning,TensorFlow|Machine Learning,Medium,3.4,12.0,Remote,2026-01-30T12:00,2026-01-31T00:00
T02478,Support,Azure,Medium,2.5,12.0,Pune,2026-08-10T13:00,2026-08-11T01:00
T02479,Support,Python|SQL,Medium,7.0,33.9,Pune,2026-02-04T09:00,2026-02-05T18:54
T02480,Support,Linux,Medium,5.0,12.0,Bangalore,2026-08-15T07:00,2026-08-15T19:00
T02481,Data Engineering,SQL|PostgreSQL|Python,Medium,6.3,20.1,Pune,2026-06-01T13:00,2026-06-02T09:06
T02482,Database,Java,Low,5.0,25.9,Remote,2026-06-10T08:00,2026-06-11T09:54
T02483,Database,PostgreSQL|MongoDB,Low,5.3,38.1,Delhi,2026-03-23T08:00,2026-03-24T22:06
T02484,Bug Fix,Python|Java,Medium,6.2,22.8,Pune,2026-03-05T16:00,2026-03-06T14:48
T02485,Support,AWS|Linux,Low,14.9,73.5,Pune,2026-02-05T12:00,2026-02-08T13:30
T02486,Cloud/DevOps,Docker|Linux,Medium,4.1,12.0,Chennai,2026-08-12T17:00,2026-08-13T05:00
T02487,Machine Learning,SQL|Python|TensorFlow,High,2.3,6.0,Remote,2026-04-21T14:00,2026-04-21T20:00
T02488,Software Development,JavaScript,Low,8.9,57.1,Coimbatore,2026-06-16T10:00,2026-06-18T19:06
T02489,Bug Fix,SQL|JavaScript|Node.js,Medium,3.8,18.5,Kolkata,2026-07-08T21:00,2026-07-09T15:30
T02490,Data Engineering,Spark,Critical,3.8,6.6,Bangalore,2026-04-06T00:00,2026-04-06T06:36
T02491,Data Engineering,Python|SQL,Medium,4.8,20.5,Remote,2026-04-27T17:00,2026-04-28T13:30
T02492,Database,MongoDB|SQL,Low,11.7,46.7,Mumbai,2026-06-24T11:00,2026-06-26T09:42
T02493,Machine Learning,Deep Learning|Machine Learning|Python,Low,5.2,36.5,Coimbatore,2026-07-06T11:00,2026-07-07T23:30
T02494,Testing,Python|SQL,Medium,12.2,28.9,Bangalore,2026-06-14T05:00,2026-06-15T09:54
T02495,Testing,Selenium,Medium,6.3,23.4,Mumbai,2026-01-29T04:00,2026-01-30T03:24
T02496,Database,Java|SQL|Python,Medium,9.9,22.8,Kolkata,2026-06-25T13:00,2026-06-26T11:48
T02497,Database,SQL|PostgreSQL|Java,Medium,6.0,28.1,Pune,2026-01-29T04:00,2026-01-30T08:06
T02498,Data Engineering,Azure|PostgreSQL,Low,3.6,24.0,Hyderabad,2026-01-26T12:00,2026-01-27T12:00
T02499,Support,Java|Linux|AWS,Medium,6.3,23.1,Delhi,2026-08-05T23:00,2026-08-06T22:06
T02500,Database,Python|SQL|Java,Medium,4.4,21.4,Remote,2026-06-06T12:00,2026-06-07T09:24
T02501,Machine Learning,SQL,High,4.5,12.1,Kolkata,2026-06-05T16:00,2026-06-06T04:06
T02502,Database,MongoDB|SQL,High,4.9,11.3,Chennai,2026-04-25T03:00,2026-04-25T14:18
T02503,Testing,SQL|Java|Selenium,Medium,11.1,50.7,Pune,2026-07-20T14:00,2026-07-22T16:42
T02504,Database,Python,Medium,4.6,21.5,Kolkata,2026-02-25T17:00,2026-02-26T14:30
T02505,Bug Fix,Java,Low,13.7,68.0,Kolkata,2026-05-22T12:00,2026-05-25T08:00
T02506,Testing,Python|SQL|Java,Medium,6.3,15.5,Delhi,2026-05-04T22:00,2026-05-05T13:30
T02507,Machine Learning,PyTorch|Deep Learning,Medium,6.9,21.7,Mumbai,2026-08-22T13:00,2026-08-23T10:42
T02508,Software Development,React|Spring Boot,Medium,15.8,76.8,Delhi,2026-05-23T15:00,2026-05-26T19:48
T02509,Machine Learning,Machine Learning|TensorFlow|PyTorch,Low,8.7,45.3,Kolkata,2026-01-24T11:00,2026-01-26T08:18
T02510,Cloud/DevOps,AWS|Azure,Medium,10.0,31.3,Kolkata,2026-05-31T05:00,2026-06-01T12:18
T02511,Data Engineering,PostgreSQL|Python|AWS,Low,5.6,26.8,Bangalore,2026-06-10T06:00,2026-06-11T08:48
T02512,Cybersecurity,Linux,High,2.7,7.7,Bangalore,2026-07-09T10:00,2026-07-09T17:42
T02513,Machine Learning,Machine Learning,Medium,9.4,41.0,Hyderabad,2026-04-09T11:00,2026-04-11T04:00
T02514,Machine Learning,Deep Learning|TensorFlow,Low,4.6,24.0,Delhi,2026-07-30T21:00,2026-07-31T21:00
T02515,Testing,Java|Selenium|JavaScript,High,7.0,15.1,Delhi,2026-07-13T13:00,2026-07-14T04:06
T02516,Data Engineering,Spark|Python|SQL,Medium,3.0,12.0,Delhi,2026-04-21T15:00,2026-04-22T03:00
T02517,Testing,JavaScript|Python|Java,Medium,8.3,19.3,Remote,2026-04-01T19:00,2026-04-02T14:18
T02518,Support,Java,Medium,5.1,12.4,Chennai,2026-08-05T00:00,2026-08-05T12:24
T02519,Machine Learning,TensorFlow|Deep Learning,Critical,3.6,5.2,Delhi,2026-04-21T23:00,2026-04-22T04:12
T02520,Support,Python|AWS|Azure,Low,4.4,26.2,Bangalore,2026-07-08T07:00,2026-07-09T09:12
T02521,Bug Fix,Java,Critical,8.4,11.2,Delhi,2026-02-27T23:00,2026-02-28T10:12
T02522,Machine Learning,PyTorch|Machine Learning|TensorFlow,Medium,7.7,35.9,Kolkata,2026-05-22T22:00,2026-05-24T09:54
T02523,Bug Fix,SQL|Python,High,7.8,13.7,Coimbatore,2026-03-11T15:00,2026-03-12T04:42
T02524,Cybersecurity,Python|Cybersecurity,Medium,2.6,12.0,Remote,2026-06-12T03:00,2026-06-12T15:00
T02525,Database,SQL,Medium,7.3,25.3,Mumbai,2026-01-03T15:00,2026-01-04T16:18
T02526,Bug Fix,Java,Low,2.5,24.0,Coimbatore,2026-08-23T02:00,2026-08-24T02:00
T02527,Cloud/DevOps,Docker|Python,Low,4.2,24.0,Coimbatore,2026-06-17T07:00,2026-06-18T07:00
T02528,Testing,SQL|Java,High,3.5,9.3,Mumbai,2026-01-20T08:00,2026-01-20T17:18
T02529,Cybersecurity,Azure|AWS|Linux,Medium,8.3,34.6,Chennai,2026-02-28T18:00,2026-03-02T04:36
T02530,Support,Java|AWS,Critical,8.1,12.2,Mumbai,2026-06-14T15:00,2026-06-15T03:12
T02531,Database,PostgreSQL,High,3.7,9.1,Delhi,2026-06-23T15:00,2026-06-24T00:06
T02532,Bug Fix,JavaScript|Spring Boot,Critical,4.4,6.3,Pune,2026-01-18T02:00,2026-01-18T08:18
T02533,Support,AWS|SQL,High,5.8,9.1,Coimbatore,2026-08-15T21:00,2026-08-16T06:06
T02534,Cybersecurity,Azure|AWS,High,3.1,7.2,Mumbai,2026-07-13T09:00,2026-07-13T16:12
T02535,Machine Learning,SQL,Low,8.2,58.7,Remote,2026-02-13T11:00,2026-02-15T21:42
T02536,Machine Learning,PyTorch|Deep Learning,Medium,6.5,23.4,Mumbai,2026-08-10T08:00,2026-08-11T07:24
T02537,Bug Fix,Spring Boot,High,11.6,18.8,Remote,2026-04-21T12:00,2026-04-22T06:48
T02538,Software Development,JavaScript|React,Medium,2.6,12.0,Remote,2026-02-26T15:00,2026-02-27T03:00
T02539,Data Engineering,SQL|Spark,High,6.2,15.7,Bangalore,2026-05-22T00:00,2026-05-22T15:42
T02540,Database,Python|PostgreSQL|MongoDB,Medium,9.2,42.7,Pune,2026-04-13T21:00,2026-04-15T15:42
T02541,Machine Learning,Deep Learning|Machine Learning|SQL,High,7.2,16.2,Remote,2026-04-12T18:00,2026-04-13T10:12
T02542,Cloud/DevOps,AWS|Docker,Critical,3.8,6.0,Chennai,2026-05-09T20:00,2026-05-10T02:00
T02543,Software Development,JavaScript,Critical,8.2,9.7,Kolkata,2026-02-23T20:00,2026-02-24T05:42
T02544,Cybersecurity,Cybersecurity,High,6.3,10.1,Mumbai,2026-07-18T18:00,2026-07-19T04:06
T02545,Machine Learning,TensorFlow|Machine Learning,Medium,4.0,17.4,Bangalore,2026-06-15T05:00,2026-06-15T22:24
T02546,Cloud/DevOps,Linux|Azure,Critical,2.2,2.8,Remote,2026-02-13T08:00,2026-02-13T10:48
T02547,Testing,Selenium|JavaScript|Python,Medium,5.8,24.0,Kolkata,2026-01-30T05:00,2026-01-31T05:00
T02548,Data Engineering,Spark|Python,Medium,10.2,37.9,Chennai,2026-03-05T07:00,2026-03-06T20:54
T02549,Bug Fix,JavaScript|Python|Node.js,High,4.3,9.9,Pune,2026-01-05T07:00,2026-01-05T16:54
T02550,Testing,Java,Medium,11.4,55.7,Mumbai,2026-06-03T10:00,2026-06-05T17:42
T02551,Cybersecurity,AWS|Azure|Linux,High,3.6,10.1,Chennai,2026-07-30T19:00,2026-07-31T05:06
T02552,Data Engineering,SQL|Spark,Medium,8.6,17.5,Hyderabad,2026-02-27T23:00,2026-02-28T16:30
T02553,Software Development,Java|Spring Boot|C++,Medium,9.4,43.2,Pune,2026-02-19T06:00,2026-02-21T01:12
T02554,Data Engineering,AWS|PostgreSQL,Medium,7.9,22.0,Chennai,2026-04-14T03:00,2026-04-15T01:00
T02555,Data Engineering,SQL|Python|PostgreSQL,High,7.9,20.7,Delhi,2026-04-08T08:00,2026-04-09T04:42
T02556,Cloud/DevOps,Linux|Azure,High,4.9,11.6,Remote,2026-06-01T13:00,2026-06-02T00:36
T02557,Testing,Java|JavaScript,High,7.2,15.9,Hyderabad,2026-01-07T22:00,2026-01-08T13:54
T02558,Database,PostgreSQL,High,7.9,14.5,Chennai,2026-04-25T12:00,2026-04-26T02:30
T02559,Machine Learning,Deep Learning|Machine Learning,High,8.3,14.7,Hyderabad,2026-06-14T16:00,2026-06-15T06:42
T02560,Testing,Java,Medium,4.3,14.5,Chennai,2026-05-25T19:00,2026-05-26T09:30
T02561,Machine Learning,Python|Deep Learning,Critical,5.5,9.2,Mumbai,2026-03-24T21:00,2026-03-25T06:12
T02562,Software Development,Spring Boot|Java,Medium,4.7,16.4,Remote,2026-02-03T02:00,2026-02-03T18:24
T02563,Software Development,Python|C++,High,12.8,37.4,Delhi,2026-04-02T10:00,2026-04-03T23:24
T02564,Bug Fix,Node.js,High,5.1,8.3,Mumbai,2026-04-15T16:00,2026-04-16T00:18
T02565,Support,Python,High,10.5,16.1,Hyderabad,2026-03-21T18:00,2026-03-22T10:06
T02566,Testing,Python|Selenium|JavaScript,High,5.8,13.0,Mumbai,2026-08-24T09:00,2026-08-24T22:00
T02567,Database,Python,Medium,6.7,19.0,Hyderabad,2026-05-03T13:00,2026-05-04T08:00
T02568,Cybersecurity,AWS,Low,13.7,100.9,Mumbai,2026-01-07T07:00,2026-01-11T11:54
T02569,Machine Learning,Machine Learning|Python,High,4.1,9.6,Delhi,2026-05-29T00:00,2026-05-29T09:36
T02570,Cloud/DevOps,Python|Kubernetes|Linux,Medium,4.0,12.0,Delhi,2026-06-21T08:00,2026-06-21T20:00
T02571,Support,Azure,High,5.6,8.8,Hyderabad,2026-01-09T13:00,2026-01-09T21:48
T02572,Data Engineering,AWS|Azure,Medium,2.8,12.0,Delhi,2026-07-25T03:00,2026-07-25T15:00
T02573,Bug Fix,Python|Node.js,Medium,5.2,21.4,Mumbai,2026-08-13T10:00,2026-08-14T07:24
T02574,Support,Java|Python|SQL,Critical,8.0,10.9,Delhi,2026-01-31T14:00,2026-02-01T00:54
T02575,Support,Python,Medium,6.1,29.6,Kolkata,2026-07-10T10:00,2026-07-11T15:36
T02576,Software Development,Spring Boot|Node.js|Java,High,9.7,16.8,Hyderabad,2026-02-23T19:00,2026-02-24T11:48
T02577,Machine Learning,TensorFlow|Deep Learning,Low,6.3,41.3,Chennai,2026-06-06T17:00,2026-06-08T10:18
T02578,Machine Learning,TensorFlow,High,12.4,29.7,Remote,2026-07-02T11:00,2026-07-03T16:42
T02579,Bug Fix,JavaScript|SQL|C++,High,3.9,6.3,Delhi,2026-05-08T02:00,2026-05-08T08:18
T02580,Testing,Selenium|SQL|Java,Medium,8.2,18.1,Remote,2026-06-14T11:00,2026-06-15T05:06
T02581,Database,SQL,Medium,5.3,21.2,Mumbai,2026-04-26T14:00,2026-04-27T11:12
T02582,Machine Learning,Machine Learning|Python,Medium,3.0,12.0,Mumbai,2026-05-18T15:00,2026-05-19T03:00
T02583,Machine Learning,SQL|TensorFlow,Medium,3.2,12.0,Kolkata,2026-03-15T09:00,2026-03-15T21:00
T02584,Support,SQL|AWS,High,8.0,15.4,Kolkata,2026-08-24T01:00,2026-08-24T16:24
T02585,Data Engineering,Python,Low,7.0,34.1,Pune,2026-08-19T04:00,2026-08-20T14:06
T02586,Cloud/DevOps,Python,Low,4.5,24.0,Chennai,2026-04-26T09:00,2026-04-27T09:00
T02587,Support,AWS,High,5.2,11.9,Kolkata,2026-08-16T15:00,2026-08-17T02:54
T02588,Testing,Selenium|SQL,Medium,2.0,12.0,Remote,2026-02-16T11:00,2026-02-16T23:00
T02589,Software Development,Java,Medium,4.7,18.1,Remote,2026-03-17T09:00,2026-03-18T03:06
T02590,Software Development,Spring Boot|C++,Medium,5.4,26.4,Delhi,2026-03-19T12:00,2026-03-20T14:24
T02591,Testing,SQL|Java,Medium,6.0,13.8,Remote,2026-04-18T14:00,2026-04-19T03:48
T02592,Data Engineering,Spark,Medium,10.7,23.2,Bangalore,2026-05-10T06:00,2026-05-11T05:12
T02593,Machine Learning,Machine Learning,Medium,5.1,23.3,Coimbatore,2026-02-13T20:00,2026-02-14T19:18
T02594,Cloud/DevOps,Python,Medium,6.3,17.6,Remote,2026-03-05T08:00,2026-03-06T01:36
T02595,Data Engineering,Python|Spark|Azure,Medium,5.0,22.0,Bangalore,2026-08-04T02:00,2026-08-05T00:00
T02596,Data Engineering,AWS|Azure,Medium,3.7,12.0,Remote,2026-03-16T14:00,2026-03-17T02:00
T02597,Machine Learning,Python|Deep Learning,Low,5.3,30.5,Pune,2026-05-11T15:00,2026-05-12T21:30
T02598,Testing,Selenium,Low,8.2,47.4,Pune,2026-04-14T17:00,2026-04-16T16:24
T02599,Support,Linux|SQL,Medium,5.7,16.5,Chennai,2026-07-03T13:00,2026-07-04T05:30
T02600,Bug Fix,Node.js,Low,2.6,24.0,Coimbatore,2026-03-19T15:00,2026-03-20T15:00
T02601,Bug Fix,SQL|Python|Node.js,Medium,5.5,18.5,Coimbatore,2026-04-01T08:00,2026-04-02T02:30
T02602,Bug Fix,SQL,Medium,7.8,23.0,Delhi,2026-06-21T12:00,2026-06-22T11:00
T02603,Data Engineering,Azure|PostgreSQL,Medium,7.2,20.7,Chennai,2026-08-13T21:00,2026-08-14T17:42
T02604,Testing,Python,Low,9.0,32.0,Remote,2026-03-17T14:00,2026-03-18T22:00
T02605,Bug Fix,Java|JavaScript,Critical,7.3,9.6,Coimbatore,2026-08-05T14:00,2026-08-05T23:36
T02606,Software Development,JavaScript|React,Low,14.9,104.8,Delhi,2026-06-02T05:00,2026-06-06T13:48
T02607,Bug Fix,C++|Node.js,Medium,1.7,12.0,Kolkata,2026-06-05T01:00,2026-06-05T13:00
T02608,Data Engineering,Spark|PostgreSQL,Medium,9.1,25.5,Hyderabad,2026-02-13T02:00,2026-02-14T03:30
T02609,Database,MongoDB|Python,Low,9.4,33.2,Hyderabad,2026-03-15T16:00,2026-03-17T01:12
T02610,Testing,Java,High,5.4,8.1,Delhi,2026-05-15T13:00,2026-05-15T21:06
T02611,Machine Learning,TensorFlow,High,5.7,9.1,Remote,2026-01-07T03:00,2026-01-07T12:06
T02612,Cloud/DevOps,Kubernetes|Azure,Low,7.0,48.5,Bangalore,2026-01-16T21:00,2026-01-18T21:30
T02613,Machine Learning,Python|TensorFlow,Critical,3.6,4.7,Remote,2026-04-21T07:00,2026-04-21T11:42
T02614,Database,MongoDB|Python|Java,High,10.9,24.7,Remote,2026-05-17T21:00,2026-05-18T21:42
T02615,Database,PostgreSQL,Medium,10.9,37.1,Coimbatore,2026-01-25T01:00,2026-01-26T14:06
T02616,Database,Python,Medium,13.1,58.0,Chennai,2026-06-02T02:00,2026-06-04T12:00
T02617,Support,SQL,Critical,7.9,9.0,Chennai,2026-06-01T23:00,2026-06-02T08:00
T02618,Software Development,Java,Medium,8.6,32.5,Kolkata,2026-04-06T06:00,2026-04-07T14:30
T02619,Machine Learning,Machine Learning,High,6.3,16.4,Mumbai,2026-04-06T17:00,2026-04-07T09:24
T02620,Data Engineering,AWS,Critical,5.7,9.5,Hyderabad,2026-05-09T01:00,2026-05-09T10:30
T02621,Machine Learning,Python,Medium,8.6,21.8,Delhi,2026-05-04T07:00,2026-05-05T04:48
T02622,Machine Learning,TensorFlow|Python|SQL,High,5.8,12.7,Remote,2026-04-30T03:00,2026-04-30T15:42
T02623,Cybersecurity,Linux|Python|AWS,Medium,2.4,12.0,Mumbai,2026-04-14T22:00,2026-04-15T10:00
T02624,Cybersecurity,Linux|Azure,High,7.3,15.9,Coimbatore,2026-06-29T22:00,2026-06-30T13:54
T02625,Bug Fix,JavaScript,Medium,5.8,19.3,Chennai,2026-03-31T09:00,2026-04-01T04:18
T02626,Software Development,JavaScript|Node.js,High,5.9,11.7,Remote,2026-05-28T07:00,2026-05-28T18:42
T02627,Bug Fix,Java|Spring Boot|Python,Medium,3.9,14.3,Hyderabad,2026-02-13T03:00,2026-02-13T17:18
T02628,Testing,Python|SQL,Medium,7.6,25.4,Coimbatore,2026-05-08T00:00,2026-05-09T01:24
T02629,Cloud/DevOps,Kubernetes|AWS,High,2.9,6.0,Bangalore,2026-04-12T09:00,2026-04-12T15:00
T02630,Bug Fix,Node.js|Spring Boot|C++,Critical,6.5,8.6,Remote,2026-06-12T15:00,2026-06-12T23:36
T02631,Software Development,Java|Node.js,Critical,5.5,6.2,Coimbatore,2026-08-10T17:00,2026-08-10T23:12
T02632,Software Development,C++,Medium,6.5,18.0,Pune,2026-02-08T07:00,2026-02-09T01:00
T02633,Support,Linux,Critical,8.1,9.7,Hyderabad,2026-08-02T04:00,2026-08-02T13:42
T02634,Testing,SQL|Selenium|Python,High,6.5,11.0,Hyderabad,2026-07-01T13:00,2026-07-02T00:00
T02635,Software Development,Spring Boot|JavaScript,Medium,5.7,28.1,Hyderabad,2026-01-26T11:00,2026-01-27T15:06
T02636,Cybersecurity,Python|AWS,Low,9.4,34.6,Bangalore,2026-08-03T18:00,2026-08-05T04:36
T02637,Cybersecurity,Cybersecurity,Medium,3.7,14.5,Hyderabad,2026-01-08T12:00,2026-01-09T02:30
T02638,Data Engineering,PostgreSQL,Medium,2.7,12.0,Delhi,2026-01-11T07:00,2026-01-11T19:00
T02639,Machine Learning,SQL|PyTorch,Medium,5.3,15.0,Hyderabad,2026-06-23T08:00,2026-06-23T23:00
T02640,Machine Learning,SQL|Python|Machine Learning,High,3.7,8.9,Remote,2026-02-20T16:00,2026-02-21T00:54
T02641,Cloud/DevOps,Azure,Medium,10.3,28.5,Pune,2026-07-14T03:00,2026-07-15T07:30
T02642,Support,Linux|Python,High,8.2,13.7,Coimbatore,2026-08-22T18:00,2026-08-23T07:42
T02643,Testing,Java,Low,3.7,24.0,Mumbai,2026-01-26T18:00,2026-01-27T18:00
T02644,Database,SQL|MongoDB,Medium,4.2,18.2,Chennai,2026-07-12T04:00,2026-07-12T22:12
T02645,Cybersecurity,Linux|AWS|Python,Medium,6.6,20.3,Coimbatore,2026-08-07T22:00,2026-08-08T18:18
T02646,Data Engineering,Azure,High,5.8,10.3,Delhi,2026-08-24T05:00,2026-08-24T15:18
T02647,Software Development,Python,Medium,6.0,26.3,Bangalore,2026-05-16T07:00,2026-05-17T09:18
T02648,Cloud/DevOps,Python|Linux,Medium,11.6,31.1,Kolkata,2026-08-01T20:00,2026-08-03T03:06
T02649,Machine Learning,Deep Learning|TensorFlow|SQL,High,8.3,18.1,Coimbatore,2026-07-15T08:00,2026-07-16T02:06
T02650,Bug Fix,C++|Python,Critical,11.6,14.5,Remote,2026-01-26T11:00,2026-01-27T01:30
T02651,Data Engineering,PostgreSQL|Azure,High,4.2,12.3,Pune,2026-05-26T16:00,2026-05-27T04:18
T02652,Machine Learning,Python,High,6.3,18.5,Chennai,2026-02-25T02:00,2026-02-25T20:30
T02653,Data Engineering,SQL|Spark|Azure,Medium,3.1,12.9,Remote,2026-06-23T19:00,2026-06-24T07:54
T02654,Bug Fix,C++,Medium,8.0,24.4,Bangalore,2026-03-11T13:00,2026-03-12T13:24
T02655,Database,SQL,Low,5.8,26.0,Remote,2026-01-02T06:00,2026-01-03T08:00
T02656,Testing,Selenium|SQL|Python,High,5.8,15.3,Hyderabad,2026-06-10T18:00,2026-06-11T09:18
T02657,Cybersecurity,Cybersecurity|Linux,High,7.9,12.9,Chennai,2026-08-04T03:00,2026-08-04T15:54
T02658,Cloud/DevOps,AWS,Medium,8.0,34.4,Bangalore,2026-01-07T15:00,2026-01-09T01:24
T02659,Cybersecurity,Linux,High,3.1,9.3,Bangalore,2026-02-14T08:00,2026-02-14T17:18
T02660,Machine Learning,Python|Machine Learning,High,6.1,17.4,Pune,2026-02-14T09:00,2026-02-15T02:24
T02661,Data Engineering,Spark|SQL|PostgreSQL,Medium,4.6,15.2,Remote,2026-08-22T10:00,2026-08-23T01:12
T02662,Support,AWS,Low,5.4,24.0,Delhi,2026-02-18T16:00,2026-02-19T16:00
T02663,Cybersecurity,AWS|Python|Cybersecurity,Medium,8.7,24.7,Pune,2026-07-29T08:00,2026-07-30T08:42
T02664,Software Development,Java|React,Medium,7.3,31.9,Mumbai,2026-01-23T07:00,2026-01-24T14:54
T02665,Software Development,JavaScript,High,3.5,6.0,Delhi,2026-07-08T21:00,2026-07-09T03:00
T02666,Data Engineering,Python|AWS|SQL,Medium,12.2,59.7,Delhi,2026-08-26T00:00,2026-08-28T11:42
T02667,Cybersecurity,Linux,Low,14.6,71.0,Hyderabad,2026-07-30T09:00,2026-08-02T08:00
T02668,Data Engineering,Azure,High,6.3,14.2,Remote,2026-08-27T01:00,2026-08-27T15:12
T02669,Database,Python|MongoDB|SQL,Medium,5.0,20.5,Pune,2026-03-08T06:00,2026-03-09T02:30
T02670,Cybersecurity,Python,High,8.4,13.2,Coimbatore,2026-06-19T23:00,2026-06-20T12:12
T02671,Bug Fix,SQL|Python,High,3.8,10.5,Kolkata,2026-01-31T01:00,2026-01-31T11:30
T02672,Support,AWS|Linux|Python,Low,3.4,24.0,Chennai,2026-06-02T09:00,2026-06-03T09:00
T02673,Software Development,JavaScript|Node.js,High,6.1,14.6,Coimbatore,2026-03-23T14:00,2026-03-24T04:36
T02674,Cybersecurity,Python,High,2.9,8.2,Mumbai,2026-07-05T21:00,2026-07-06T05:12
T02675,Cloud/DevOps,Docker|Python|Azure,Low,8.0,40.3,Mumbai,2026-08-29T04:00,2026-08-30T20:18
T02676,Database,Java|SQL|Python,High,8.1,20.8,Mumbai,2026-06-02T05:00,2026-06-03T01:48
T02677,Cybersecurity,AWS,High,2.2,6.0,Delhi,2026-06-10T00:00,2026-06-10T06:00
T02678,Support,Java|AWS|Python,Critical,14.1,24.0,Bangalore,2026-01-01T13:00,2026-01-02T13:00
T02679,Machine Learning,TensorFlow,High,6.7,10.1,Remote,2026-02-10T01:00,2026-02-10T11:06
T02680,Testing,SQL|Selenium,Low,6.1,34.0,Remote,2026-03-09T04:00,2026-03-10T14:00
T02681,Software Development,React|JavaScript|C++,Critical,12.5,20.1,Remote,2026-03-19T22:00,2026-03-20T18:06
T02682,Database,Java|PostgreSQL|Python,Low,9.6,47.7,Chennai,2026-07-26T15:00,2026-07-28T14:42
T02683,Machine Learning,SQL|TensorFlow|Deep Learning,High,3.9,9.6,Remote,2026-03-17T13:00,2026-03-17T22:36
T02684,Support,AWS|SQL,Medium,15.1,74.1,Kolkata,2026-07-30T05:00,2026-08-02T07:06
T02685,Machine Learning,SQL,Critical,7.0,10.0,Kolkata,2026-05-16T12:00,2026-05-16T22:00
T02686,Testing,JavaScript|Python|Java,Medium,8.9,24.5,Pune,2026-07-20T20:00,2026-07-21T20:30
T02687,Bug Fix,Spring Boot,Medium,8.8,28.8,Delhi,2026-04-05T23:00,2026-04-07T03:48
T02688,Cloud/DevOps,Python|Azure,Medium,5.7,21.1,Delhi,2026-08-07T21:00,2026-08-08T18:06
T02689,Testing,Python,Medium,9.0,34.5,Mumbai,2026-01-11T22:00,2026-01-13T08:30
T02690,Software Development,C++|Node.js,High,6.6,14.9,Mumbai,2026-08-03T06:00,2026-08-03T20:54
T02691,Support,Azure,Medium,6.4,22.9,Hyderabad,2026-06-04T03:00,2026-06-05T01:54
T02692,Software Development,C++|Spring Boot,Medium,3.2,12.0,Hyderabad,2026-04-16T00:00,2026-04-16T12:00
T02693,Software Development,Spring Boot|Java|React,Medium,3.6,12.0,Hyderabad,2026-04-19T08:00,2026-04-19T20:00
T02694,Cloud/DevOps,AWS|Azure,Critical,5.1,6.8,Remote,2026-06-21T09:00,2026-06-21T15:48
T02695,Software Development,Python|C++|Java,High,7.6,13.6,Kolkata,2026-04-25T01:00,2026-04-25T14:36
T02696,Cloud/DevOps,Python|Docker|AWS,Medium,5.7,23.2,Hyderabad,2026-03-23T13:00,2026-03-24T12:12
T02697,Data Engineering,Spark,Medium,3.4,13.0,Chennai,2026-02-18T01:00,2026-02-18T14:00
T02698,Machine Learning,Deep Learning|SQL|PyTorch,Medium,4.7,23.1,Pune,2026-07-20T02:00,2026-07-21T01:06
T02699,Testing,SQL|Selenium,High,3.0,8.7,Remote,2026-05-04T09:00,2026-05-04T17:42
T02700,Data Engineering,Azure|Python,High,4.7,9.9,Bangalore,2026-02-02T04:00,2026-02-02T13:54
T02701,Data Engineering,Azure|SQL|Python,Medium,4.6,18.8,Hyderabad,2026-02-28T00:00,2026-02-28T18:48
T02702,Software Development,JavaScript|C++,Medium,13.5,29.1,Delhi,2026-08-18T11:00,2026-08-19T16:06
T02703,Cloud/DevOps,AWS|Kubernetes,Medium,10.1,40.6,Hyderabad,2026-03-14T19:00,2026-03-16T11:36
T02704,Data Engineering,PostgreSQL|SQL,Medium,6.7,30.0,Chennai,2026-03-21T14:00,2026-03-22T20:00
T02705,Support,Azure,High,3.8,9.8,Bangalore,2026-01-11T08:00,2026-01-11T17:48
T02706,Software Development,Spring Boot,Medium,3.3,16.0,Chennai,2026-05-26T03:00,2026-05-26T19:00
T02707,Bug Fix,SQL|Node.js,Low,22.4,69.9,Coimbatore,2026-05-18T01:00,2026-05-20T22:54
T02708,Bug Fix,Java,Low,6.5,29.6,Chennai,2026-04-27T16:00,2026-04-28T21:36
T02709,Cybersecurity,AWS|Linux|Cybersecurity,Medium,8.9,23.0,Hyderabad,2026-06-06T09:00,2026-06-07T08:00
T02710,Machine Learning,SQL|Python|Machine Learning,Medium,4.6,12.0,Chennai,2026-08-23T14:00,2026-08-24T02:00
T02711,Machine Learning,TensorFlow,Low,3.9,28.6,Remote,2026-04-26T11:00,2026-04-27T15:36
T02712,Data Engineering,SQL|PostgreSQL|AWS,High,4.1,8.1,Remote,2026-02-13T08:00,2026-02-13T16:06
T02713,Database,Java,Critical,2.8,4.7,Chennai,2026-07-03T03:00,2026-07-03T07:42
T02714,Data Engineering,AWS|Azure,Low,4.6,24.0,Remote,2026-01-28T09:00,2026-01-29T09:00
T02715,Cloud/DevOps,Python,High,6.0,14.1,Chennai,2026-07-18T05:00,2026-07-18T19:06
T02716,Cybersecurity,AWS|Linux,High,2.2,6.0,Mumbai,2026-08-10T03:00,2026-08-10T09:00
T02717,Machine Learning,PyTorch|TensorFlow,High,5.7,13.1,Chennai,2026-06-07T17:00,2026-06-08T06:06
T02718,Software Development,Spring Boot|Node.js|JavaScript,Medium,5.8,26.7,Delhi,2026-06-01T01:00,2026-06-02T03:42
T02719,Data Engineering,AWS|Azure|PostgreSQL,Critical,4.1,5.7,Chennai,2026-01-30T20:00,2026-01-31T01:42
T02720,Data Engineering,SQL|PostgreSQL|Python,High,7.8,16.8,Chennai,2026-07-24T17:00,2026-07-25T09:48
T02721,Machine Learning,Python|PyTorch,Critical,3.3,5.3,Remote,2026-04-27T23:00,2026-04-28T04:18
T02722,Software Development,Java,High,10.9,21.3,Kolkata,2026-06-26T06:00,2026-06-27T03:18
T02723,Cloud/DevOps,AWS|Azure|Kubernetes,Medium,4.6,12.0,Pune,2026-07-17T09:00,2026-07-17T21:00
T02724,Support,Java|Linux|Azure,High,2.0,6.0,Coimbatore,2026-02-15T22:00,2026-02-16T04:00
T02725,Bug Fix,Node.js|C++|JavaScript,Medium,6.1,25.1,Kolkata,2026-07-17T06:00,2026-07-18T07:06
T02726,Support,Azure|Python|AWS,High,4.1,9.1,Coimbatore,2026-01-01T18:00,2026-01-02T03:06
T02727,Database,SQL|MongoDB,Medium,5.3,16.5,Kolkata,2026-01-20T02:00,2026-01-20T18:30
T02728,Cybersecurity,Linux|Python,Medium,7.3,16.1,Chennai,2026-07-24T04:00,2026-07-24T20:06
T02729,Software Development,Spring Boot,Medium,9.7,40.8,Chennai,2026-07-15T03:00,2026-07-16T19:48
T02730,Software Development,Java|Python,Medium,4.4,17.9,Hyderabad,2026-03-02T15:00,2026-03-03T08:54
T02731,Data Engineering,Python,Low,8.6,63.9,Mumbai,2026-08-22T09:00,2026-08-25T00:54
T02732,Database,Python|MongoDB,High,9.8,23.4,Kolkata,2026-08-02T11:00,2026-08-03T10:24
T02733,Testing,Python,Medium,8.9,38.2,Pune,2026-04-16T22:00,2026-04-18T12:12
T02734,Data Engineering,Spark,Low,4.6,30.3,Kolkata,2026-08-17T17:00,2026-08-18T23:18
T02735,Software Development,C++|JavaScript|Java,Critical,18.0,24.0,Remote,2026-04-10T22:00,2026-04-11T22:00
T02736,Database,Java|SQL,High,3.6,9.8,Kolkata,2026-08-23T18:00,2026-08-24T03:48
T02737,Software Development,Node.js|JavaScript,High,5.1,9.8,Remote,2026-04-14T04:00,2026-04-14T13:48
T02738,Software Development,Java|Python|JavaScript,Medium,2.3,12.0,Kolkata,2026-07-29T08:00,2026-07-29T20:00
T02739,Testing,Selenium|SQL,Medium,2.7,12.0,Kolkata,2026-03-29T13:00,2026-03-30T01:00
T02740,Bug Fix,Java,Low,6.4,46.8,Remote,2026-07-22T03:00,2026-07-24T01:48
T02741,Cybersecurity,AWS|Python|Azure,Medium,4.3,19.3,Delhi,2026-03-27T19:00,2026-03-28T14:18
T02742,Support,Linux|SQL|Python,High,4.4,12.8,Remote,2026-02-10T13:00,2026-02-11T01:48
T02743,Software Development,Python,High,5.6,13.6,Kolkata,2026-01-04T05:00,2026-01-04T18:36
T02744,Data Engineering,Spark,High,2.4,6.6,Remote,2026-08-15T13:00,2026-08-15T19:36
T02745,Support,Azure,High,9.4,23.7,Remote,2026-06-15T16:00,2026-06-16T15:42
T02746,Testing,Python|SQL,Low,4.3,24.0,Coimbatore,2026-07-04T15:00,2026-07-05T15:00
T02747,Support,Azure|Python,Critical,5.4,7.8,Remote,2026-06-14T19:00,2026-06-15T02:48
T02748,Testing,Java|JavaScript,Medium,7.2,28.4,Kolkata,2026-01-17T13:00,2026-01-18T17:24
T02749,Support,Python|Azure|Java,Medium,5.0,16.8,Pune,2026-07-21T15:00,2026-07-22T07:48
T02750,Machine Learning,Python|SQL,Critical,11.4,19.6,Chennai,2026-01-25T00:00,2026-01-25T19:36
T02751,Cloud/DevOps,Kubernetes|Azure|Python,Medium,6.5,30.5,Remote,2026-08-25T07:00,2026-08-26T13:30
T02752,Software Development,Python,High,10.5,28.2,Kolkata,2026-07-26T03:00,2026-07-27T07:12
T02753,Machine Learning,SQL|Deep Learning,Medium,4.7,15.1,Bangalore,2026-07-26T13:00,2026-07-27T04:06
T02754,Machine Learning,TensorFlow,Low,5.1,28.5,Mumbai,2026-08-28T17:00,2026-08-29T21:30
T02755,Bug Fix,Java|Python,High,3.6,6.7,Chennai,2026-03-21T14:00,2026-03-21T20:42
T02756,Database,PostgreSQL|Python|SQL,Medium,6.8,19.7,Mumbai,2026-03-15T03:00,2026-03-15T22:42
T02757,Machine Learning,Python,Low,2.9,24.0,Remote,2026-05-24T04:00,2026-05-25T04:00
T02758,Support,AWS|SQL,Critical,5.5,9.4,Mumbai,2026-03-05T20:00,2026-03-06T05:24
T02759,Support,AWS|Python,Medium,5.1,23.0,Coimbatore,2026-08-01T21:00,2026-08-02T20:00
T02760,Software Development,Spring Boot,High,7.1,12.1,Bangalore,2026-06-28T20:00,2026-06-29T08:06
T02761,Support,AWS|Python|Azure,Medium,9.5,46.1,Pune,2026-08-15T14:00,2026-08-17T12:06
T02762,Support,Linux|AWS,Medium,2.5,12.0,Pune,2026-05-14T12:00,2026-05-15T00:00
T02763,Software Development,Python|Java,Medium,13.6,34.0,Remote,2026-06-03T15:00,2026-06-05T01:00
T02764,Support,SQL|Linux,Medium,14.7,35.0,Kolkata,2026-07-04T19:00,2026-07-06T06:00
T02765,Support,Linux|Python,Critical,12.1,14.9,Bangalore,2026-06-14T09:00,2026-06-14T23:54
T02766,Database,Python|SQL|MongoDB,Medium,5.8,26.1,Kolkata,2026-07-01T00:00,2026-07-02T02:06
T02767,Software Development,Python|Spring Boot,Medium,8.4,32.8,Mumbai,2026-01-28T16:00,2026-01-30T00:48
T02768,Machine Learning,TensorFlow|Machine Learning,Medium,13.7,62.4,Kolkata,2026-06-14T07:00,2026-06-16T21:24
T02769,Software Development,JavaScript,Medium,5.0,18.8,Hyderabad,2026-06-20T22:00,2026-06-21T16:48
T02770,Data Engineering,SQL|Azure,Medium,3.8,12.0,Bangalore,2026-01-22T03:00,2026-01-22T15:00
T02771,Software Development,Python|JavaScript|Spring Boot,Medium,11.6,48.5,Hyderabad,2026-03-29T06:00,2026-03-31T06:30
T02772,Database,SQL|MongoDB,Low,11.3,54.2,Remote,2026-07-17T22:00,2026-07-20T04:12
T02773,Testing,SQL|Java,Medium,4.4,12.7,Pune,2026-05-25T04:00,2026-05-25T16:42
T02774,Testing,SQL|JavaScript|Python,Medium,4.5,20.4,Bangalore,2026-06-26T03:00,2026-06-26T23:24
T02775,Support,Java|Azure|Python,Critical,5.7,9.7,Bangalore,2026-04-08T02:00,2026-04-08T11:42
T02776,Testing,JavaScript|Python,Critical,5.6,7.8,Remote,2026-03-24T00:00,2026-03-24T07:48
T02777,Cloud/DevOps,AWS,Low,8.7,48.4,Coimbatore,2026-07-23T08:00,2026-07-25T08:24
T02778,Support,SQL|Python,Low,4.3,24.7,Chennai,2026-03-24T17:00,2026-03-25T17:42
T02779,Support,SQL,Medium,8.2,23.3,Hyderabad,2026-04-20T18:00,2026-04-21T17:18
T02780,Cybersecurity,Cybersecurity|Linux,High,5.7,15.1,Coimbatore,2026-04-22T16:00,2026-04-23T07:06
T02781,Cybersecurity,Azure|AWS,High,4.3,10.2,Pune,2026-04-20T04:00,2026-04-20T14:12
T02782,Database,Java|MongoDB,High,5.1,14.5,Mumbai,2026-05-02T00:00,2026-05-02T14:30
T02783,Machine Learning,SQL|TensorFlow|Machine Learning,Medium,7.2,20.9,Mumbai,2026-08-10T17:00,2026-08-11T13:54
T02784,Bug Fix,Python|Node.js|JavaScript,Critical,7.1,12.1,Mumbai,2026-04-09T01:00,2026-04-09T13:06
T02785,Software Development,Spring Boot|Node.js,High,6.0,9.7,Mumbai,2026-02-19T07:00,2026-02-19T16:42
T02786,Bug Fix,C++|SQL|Python,Low,9.0,40.3,Pune,2026-02-03T05:00,2026-02-04T21:18
T02787,Data Engineering,SQL,Low,7.9,48.6,Remote,2026-04-20T11:00,2026-04-22T11:36
T02788,Database,SQL,Medium,7.7,37.4,Hyderabad,2026-03-31T19:00,2026-04-02T08:24
T02789,Machine Learning,SQL,Critical,13.9,18.1,Pune,2026-05-05T01:00,2026-05-05T19:06
T02790,Data Engineering,SQL|PostgreSQL|Azure,Medium,6.4,28.1,Coimbatore,2026-01-04T15:00,2026-01-05T19:06
T02791,Software Development,Spring Boot|C++,Medium,5.9,21.9,Chennai,2026-07-08T16:00,2026-07-09T13:54
T02792,Database,MongoDB|SQL|Python,High,21.0,41.7,Delhi,2026-04-07T17:00,2026-04-09T10:42
T02793,Bug Fix,Node.js|Java|C++,Medium,6.0,13.2,Hyderabad,2026-01-04T03:00,2026-01-04T16:12
T02794,Cybersecurity,Linux|AWS|Azure,Medium,3.2,12.0,Bangalore,2026-07-25T10:00,2026-07-25T22:00
T02795,Bug Fix,Java,High,13.2,33.8,Remote,2026-02-09T23:00,2026-02-11T08:48
T02796,Machine Learning,Python,Medium,11.3,28.1,Remote,2026-01-29T21:00,2026-01-31T01:06
T02797,Software Development,Node.js|Spring Boot|C++,High,7.2,14.1,Mumbai,2026-07-25T23:00,2026-07-26T13:06
T02798,Machine Learning,PyTorch,Low,6.9,38.4,Coimbatore,2026-02-24T05:00,2026-02-25T19:24
T02799,Machine Learning,Deep Learning,Medium,7.8,20.4,Kolkata,2026-08-18T07:00,2026-08-19T03:24
T02800,Machine Learning,SQL|TensorFlow,Medium,10.3,22.7,Kolkata,2026-02-22T02:00,2026-02-23T00:42
T02801,Software Development,Python|Spring Boot|Node.js,Critical,6.1,8.0,Mumbai,2026-01-30T09:00,2026-01-30T17:00
T02802,Bug Fix,C++,Medium,10.6,34.9,Kolkata,2026-01-11T16:00,2026-01-13T02:54
T02803,Testing,SQL|JavaScript|Java,Low,8.1,54.7,Bangalore,2026-01-27T12:00,2026-01-29T18:42
T02804,Database,PostgreSQL,Low,4.1,24.0,Chennai,2026-05-03T14:00,2026-05-04T14:00
T02805,Database,Java|SQL|Python,High,8.1,22.9,Kolkata,2026-03-09T05:00,2026-03-10T03:54
T02806,Machine Learning,PyTorch|TensorFlow|Machine Learning,Low,5.2,24.0,Remote,2026-01-11T22:00,2026-01-12T22:00
T02807,Testing,JavaScript|SQL,Medium,10.7,25.8,Hyderabad,2026-07-27T17:00,2026-07-28T18:48
T02808,Database,SQL,Medium,7.9,35.2,Chennai,2026-03-16T20:00,2026-03-18T07:12
T02809,Database,MongoDB,High,6.4,11.4,Pune,2026-07-18T08:00,2026-07-18T19:24
T02810,Software Development,JavaScript|Node.js,High,6.4,11.4,Bangalore,2026-03-15T22:00,2026-03-16T09:24
T02811,Database,Java|SQL,High,6.0,16.7,Mumbai,2026-03-25T10:00,2026-03-26T02:42
T02812,Data Engineering,Spark|AWS|Azure,High,2.7,6.0,Remote,2026-07-05T06:00,2026-07-05T12:00
T02813,Software Development,JavaScript,Medium,2.1,12.0,Remote,2026-05-25T00:00,2026-05-25T12:00
T02814,Machine Learning,SQL|TensorFlow|Machine Learning,Medium,6.8,16.6,Hyderabad,2026-07-11T19:00,2026-07-12T11:36
T02815,Software Development,JavaScript,High,5.3,12.1,Delhi,2026-07-01T22:00,2026-07-02T10:06
T02816,Testing,SQL|JavaScript|Python,Medium,5.1,12.0,Chennai,2026-05-25T02:00,2026-05-25T14:00
T02817,Machine Learning,TensorFlow,Medium,12.2,42.0,Chennai,2026-05-18T00:00,2026-05-19T18:00
T02818,Testing,JavaScript|Python,Low,2.5,24.0,Bangalore,2026-02-11T23:00,2026-02-12T23:00
T02819,Bug Fix,JavaScript|C++|Python,High,6.2,12.2,Chennai,2026-07-06T01:00,2026-07-06T13:12
T02820,Cybersecurity,Cybersecurity,Medium,2.2,12.0,Mumbai,2026-03-10T01:00,2026-03-10T13:00
T02821,Cloud/DevOps,Python|Docker|Kubernetes,Critical,8.8,12.1,Hyderabad,2026-04-28T00:00,2026-04-28T12:06
T02822,Support,Linux|Python,Medium,8.7,25.6,Mumbai,2026-05-11T00:00,2026-05-12T01:36
T02823,Cloud/DevOps,Kubernetes|Python|AWS,Low,6.8,37.3,Bangalore,2026-07-13T18:00,2026-07-15T07:18
T02824,Support,AWS|Python,Critical,9.6,14.9,Kolkata,2026-03-17T15:00,2026-03-18T05:54
T02825,Cybersecurity,Linux|Python|AWS,High,2.6,7.2,Kolkata,2026-03-13T06:00,2026-03-13T13:12
T02826,Machine Learning,Python|PyTorch,Medium,2.5,12.0,Remote,2026-01-08T16:00,2026-01-09T04:00
T02827,Bug Fix,Spring Boot,High,2.0,6.0,Remote,2026-02-09T02:00,2026-02-09T08:00
T02828,Machine Learning,TensorFlow|SQL|Python,Low,4.3,32.9,Mumbai,2026-04-04T05:00,2026-04-05T13:54
T02829,Cloud/DevOps,AWS|Docker|Azure,Medium,5.1,21.7,Delhi,2026-08-14T21:00,2026-08-15T18:42
T02830,Cloud/DevOps,Azure|AWS,Critical,8.7,13.8,Mumbai,2026-07-17T00:00,2026-07-17T13:48
T02831,Data Engineering,Spark|SQL,Medium,13.4,44.8,Pune,2026-05-29T21:00,2026-05-31T17:48
T02832,Database,MongoDB|Java|Python,Medium,5.1,16.5,Hyderabad,2026-04-15T20:00,2026-04-16T12:30
T02833,Machine Learning,TensorFlow,Medium,9.5,39.5,Chennai,2026-07-08T09:00,2026-07-10T00:30
T02834,Bug Fix,Java|Spring Boot,Medium,7.5,29.8,Kolkata,2026-01-19T11:00,2026-01-20T16:48
T02835,Bug Fix,C++|Python|Java,High,9.8,18.8,Pune,2026-05-19T15:00,2026-05-20T09:48
T02836,Machine Learning,SQL|Deep Learning,High,8.8,16.0,Bangalore,2026-03-01T16:00,2026-03-02T08:00
T02837,Support,Azure|Java,High,8.0,18.7,Hyderabad,2026-08-19T14:00,2026-08-20T08:42
T02838,Data Engineering,Spark|PostgreSQL,Medium,5.3,12.1,Coimbatore,2026-01-17T20:00,2026-01-18T08:06
T02839,Support,Linux|SQL|Python,Critical,8.0,12.1,Coimbatore,2026-04-27T23:00,2026-04-28T11:06
T02840,Database,Java|SQL|Python,Critical,3.9,5.4,Pune,2026-01-02T01:00,2026-01-02T06:24
T02841,Bug Fix,Node.js,High,2.6,6.0,Pune,2026-05-11T16:00,2026-05-11T22:00
T02842,Testing,Java|Python,Critical,3.7,5.9,Kolkata,2026-03-01T05:00,2026-03-01T10:54
T02843,Support,Azure|Python|AWS,Low,5.7,24.0,Bangalore,2026-04-11T04:00,2026-04-12T04:00
T02844,Machine Learning,Deep Learning,Critical,8.9,10.0,Bangalore,2026-04-27T15:00,2026-04-28T01:00
T02845,Cybersecurity,Azure|Cybersecurity,High,7.5,11.5,Remote,2026-02-27T00:00,2026-02-27T11:30
T02846,Cloud/DevOps,Azure|Linux|Python,High,7.2,11.5,Pune,2026-05-28T06:00,2026-05-28T17:30
T02847,Support,SQL,High,10.4,15.8,Remote,2026-05-18T18:00,2026-05-19T09:48
T02848,Database,PostgreSQL,Medium,9.4,33.2,Delhi,2026-01-08T14:00,2026-01-09T23:12
T02849,Machine Learning,Python,Medium,17.4,36.6,Remote,2026-05-29T17:00,2026-05-31T05:36
T02850,Testing,Python|Java|JavaScript,High,5.0,11.6,Delhi,2026-03-22T10:00,2026-03-22T21:36
T02851,Data Engineering,PostgreSQL|Spark|Python,High,12.1,23.0,Mumbai,2026-08-22T21:00,2026-08-23T20:00
T02852,Cloud/DevOps,Azure|Kubernetes,Medium,5.2,22.5,Remote,2026-05-16T04:00,2026-05-17T02:30
T02853,Support,Python,Critical,4.3,5.8,Chennai,2026-02-25T01:00,2026-02-25T06:48
T02854,Testing,Java|JavaScript,Low,5.7,34.5,Hyderabad,2026-03-08T12:00,2026-03-09T22:30
T02855,Machine Learning,SQL,Medium,9.6,24.1,Mumbai,2026-01-21T06:00,2026-01-22T06:06
T02856,Machine Learning,Python,High,3.4,6.8,Delhi,2026-06-01T16:00,2026-06-01T22:48
T02857,Cloud/DevOps,Python,Low,5.4,26.1,Bangalore,2026-06-26T03:00,2026-06-27T05:06
T02858,Support,Python,High,2.2,6.0,Hyderabad,2026-04-28T07:00,2026-04-28T13:00
T02859,Data Engineering,PostgreSQL|SQL,Medium,4.8,23.2,Delhi,2026-03-08T15:00,2026-03-09T14:12
T02860,Support,Python,Low,3.1,24.0,Remote,2026-02-24T18:00,2026-02-25T18:00
T02861,Bug Fix,Python,High,15.6,40.6,Chennai,2026-03-13T08:00,2026-03-15T00:36
T02862,Support,AWS|Java|Linux,High,4.0,7.6,Hyderabad,2026-01-03T17:00,2026-01-04T00:36
T02863,Machine Learning,Python|PyTorch|Machine Learning,Medium,4.5,22.1,Bangalore,2026-03-21T23:00,2026-03-22T21:06
T02864,Database,SQL|MongoDB|PostgreSQL,Medium,3.1,12.8,Mumbai,2026-05-04T06:00,2026-05-04T18:48
T02865,Bug Fix,Spring Boot|Node.js,High,8.0,19.8,Delhi,2026-08-23T21:00,2026-08-24T16:48
T02866,Cloud/DevOps,Docker|Python|Linux,High,7.1,15.9,Remote,2026-04-12T08:00,2026-04-12T23:54
T02867,Database,PostgreSQL|Python|Java,Low,4.6,32.7,Hyderabad,2026-03-18T07:00,2026-03-19T15:42
T02868,Cybersecurity,Azure|Python|AWS,Medium,7.3,36.3,Hyderabad,2026-08-10T10:00,2026-08-11T22:18
T02869,Software Development,Node.js,Medium,10.9,51.8,Remote,2026-08-06T08:00,2026-08-08T11:48
T02870,Machine Learning,SQL,Medium,4.8,16.9,Remote,2026-03-16T16:00,2026-03-17T08:54
T02871,Cybersecurity,Python|Cybersecurity,High,7.3,11.1,Delhi,2026-08-19T11:00,2026-08-19T22:06
T02872,Support,Azure|SQL,Medium,5.9,27.2,Remote,2026-05-29T15:00,2026-05-30T18:12
T02873,Support,Linux|Azure,Medium,4.5,21.0,Chennai,2026-07-17T07:00,2026-07-18T04:00
T02874,Support,Linux|Java,Low,5.8,24.0,Mumbai,2026-03-21T06:00,2026-03-22T06:00
T02875,Cybersecurity,AWS,Medium,3.5,13.5,Remote,2026-07-13T13:00,2026-07-14T02:30
T02876,Software Development,Node.js,Medium,3.5,12.0,Delhi,2026-04-10T00:00,2026-04-10T12:00
T02877,Cloud/DevOps,AWS,Medium,6.1,13.2,Coimbatore,2026-08-15T12:00,2026-08-16T01:12
T02878,Data Engineering,PostgreSQL|SQL|Azure,High,2.6,6.0,Delhi,2026-01-06T17:00,2026-01-06T23:00
T02879,Database,PostgreSQL,Medium,7.7,27.1,Pune,2026-08-13T13:00,2026-08-14T16:06
T02880,Machine Learning,Python|TensorFlow|PyTorch,Low,6.7,37.5,Delhi,2026-07-12T23:00,2026-07-14T12:30
T02881,Database,PostgreSQL,Medium,3.2,13.8,Remote,2026-01-09T04:00,2026-01-09T17:48
T02882,Machine Learning,TensorFlow|PyTorch|Deep Learning,High,6.9,15.4,Delhi,2026-07-15T06:00,2026-07-15T21:24
T02883,Software Development,Python|React|Java,Critical,9.6,14.9,Remote,2026-01-21T06:00,2026-01-21T20:54
T02884,Software Development,JavaScript|React,High,8.0,23.5,Pune,2026-02-07T01:00,2026-02-08T00:30
T02885,Database,PostgreSQL,Medium,14.5,70.1,Mumbai,2026-03-29T09:00,2026-04-01T07:06
T02886,Support,SQL|Java|Python,Medium,3.6,16.9,Kolkata,2026-02-15T00:00,2026-02-15T16:54
T02887,Bug Fix,Node.js|SQL|C++,Medium,5.7,15.9,Chennai,2026-06-01T10:00,2026-06-02T01:54
T02888,Cybersecurity,Python|Linux|Azure,Low,4.1,24.0,Chennai,2026-07-27T07:00,2026-07-28T07:00
T02889,Cybersecurity,AWS|Linux,Medium,2.3,12.0,Pune,2026-06-24T23:00,2026-06-25T11:00
T02890,Cybersecurity,Python|Linux|Cybersecurity,Medium,3.7,12.0,Hyderabad,2026-06-30T17:00,2026-07-01T05:00
T02891,Database,SQL,Medium,3.6,12.0,Remote,2026-06-22T13:00,2026-06-23T01:00
T02892,Cybersecurity,Cybersecurity|Python,Medium,3.1,12.0,Pune,2026-04-10T14:00,2026-04-11T02:00
T02893,Cybersecurity,Azure|Cybersecurity|Python,High,15.6,32.9,Mumbai,2026-06-07T05:00,2026-06-08T13:54
T02894,Support,Azure|AWS,High,9.2,26.3,Chennai,2026-05-01T05:00,2026-05-02T07:18
T02895,Testing,Python,Medium,4.6,12.0,Remote,2026-01-15T20:00,2026-01-16T08:00
T02896,Cybersecurity,Cybersecurity,High,6.1,9.2,Chennai,2026-05-23T08:00,2026-05-23T17:12
T02897,Cloud/DevOps,Azure|Linux,Low,3.0,24.0,Remote,2026-02-27T11:00,2026-02-28T11:00
T02898,Cybersecurity,Cybersecurity|Python|AWS,Medium,6.5,20.8,Mumbai,2026-01-20T01:00,2026-01-20T21:48
T02899,Cloud/DevOps,AWS|Linux,Low,5.3,29.2,Kolkata,2026-01-13T17:00,2026-01-14T22:12
T02900,Database,Java,Low,6.6,25.2,Remote,2026-01-27T14:00,2026-01-28T15:12
T02901,Software Development,Spring Boot|Java,High,1.9,6.0,Hyderabad,2026-05-06T04:00,2026-05-06T10:00
T02902,Cloud/DevOps,Azure,Low,6.0,28.5,Bangalore,2026-04-06T18:00,2026-04-07T22:30
T02903,Testing,Selenium|SQL|Java,Low,14.2,93.8,Hyderabad,2026-06-03T14:00,2026-06-07T11:48
T02904,Cybersecurity,Python|Cybersecurity|Linux,Medium,7.0,16.5,Delhi,2026-01-21T16:00,2026-01-22T08:30
T02905,Bug Fix,Java|SQL|Python,High,12.6,35.4,Remote,2026-01-17T18:00,2026-01-19T05:24
T02906,Machine Learning,Python,Medium,2.5,12.0,Kolkata,2026-07-28T03:00,2026-07-28T15:00
T02907,Data Engineering,PostgreSQL,High,2.1,6.0,Mumbai,2026-07-18T14:00,2026-07-18T20:00
T02908,Cybersecurity,Azure|Cybersecurity|AWS,High,9.2,21.7,Delhi,2026-07-25T04:00,2026-07-26T01:42
T02909,Software Development,JavaScript|Java,Medium,3.8,12.4,Remote,2026-07-07T06:00,2026-07-07T18:24
T02910,Cybersecurity,Cybersecurity|Azure,Medium,16.1,72.8,Remote,2026-02-12T04:00,2026-02-15T04:48
T02911,Bug Fix,Node.js|Spring Boot|Java,Medium,10.1,27.4,Delhi,2026-08-28T19:00,2026-08-29T22:24
T02912,Cloud/DevOps,Docker|Linux,High,3.3,7.9,Mumbai,2026-07-12T20:00,2026-07-13T03:54
T02913,Software Development,C++|Python,High,5.7,12.2,Remote,2026-06-21T13:00,2026-06-22T01:12
T02914,Support,AWS|SQL,Medium,6.6,25.5,Kolkata,2026-03-17T14:00,2026-03-18T15:30
T02915,Database,PostgreSQL|MongoDB,High,8.6,16.6,Delhi,2026-08-11T10:00,2026-08-12T02:36
T02916,Bug Fix,SQL|JavaScript|Python,Low,3.3,24.0,Bangalore,2026-05-14T16:00,2026-05-15T16:00
T02917,Cybersecurity,AWS,Critical,7.4,10.8,Remote,2026-06-29T09:00,2026-06-29T19:48
T02918,Data Engineering,PostgreSQL|SQL|Azure,Critical,4.1,6.1,Delhi,2026-01-06T06:00,2026-01-06T12:06
T02919,Machine Learning,PyTorch|SQL,Low,8.9,51.1,Delhi,2026-01-04T01:00,2026-01-06T04:06
T02920,Software Development,React,Medium,3.5,12.2,Pune,2026-06-15T06:00,2026-06-15T18:12
T02921,Data Engineering,Spark,High,6.0,9.8,Bangalore,2026-01-16T16:00,2026-01-17T01:48
T02922,Data Engineering,SQL|Azure,Medium,3.7,16.6,Chennai,2026-04-21T09:00,2026-04-22T01:36
T02923,Cloud/DevOps,Linux|Python|Docker,High,10.2,17.0,Chennai,2026-06-28T05:00,2026-06-28T22:00
T02924,Data Engineering,Azure,Medium,7.6,19.7,Coimbatore,2026-04-27T06:00,2026-04-28T01:42
T02925,Bug Fix,JavaScript|SQL|Spring Boot,Low,10.0,41.5,Bangalore,2026-03-06T16:00,2026-03-08T09:30
T02926,Data Engineering,Azure,High,2.9,8.2,Remote,2026-03-25T01:00,2026-03-25T09:12
T02927,Testing,Java|Selenium|JavaScript,Critical,6.7,11.4,Remote,2026-04-03T19:00,2026-04-04T06:24
T02928,Support,Java,High,8.0,22.1,Kolkata,2026-06-16T02:00,2026-06-17T00:06
T02929,Support,Azure,High,10.7,24.6,Hyderabad,2026-06-14T19:00,2026-06-15T19:36
T02930,Machine Learning,PyTorch|SQL,High,11.4,25.7,Chennai,2026-02-02T00:00,2026-02-03T01:42
T02931,Cybersecurity,Python,Medium,6.2,27.4,Hyderabad,2026-01-15T22:00,2026-01-17T01:24
T02932,Cloud/DevOps,Linux|Kubernetes,Medium,5.2,13.7,Pune,2026-08-21T05:00,2026-08-21T18:42
T02933,Support,Linux|Azure|Python,High,4.0,10.5,Bangalore,2026-06-21T19:00,2026-06-22T05:30
T02934,Cloud/DevOps,Docker,Low,10.6,61.1,Mumbai,2026-08-07T14:00,2026-08-10T03:06
T02935,Machine Learning,Deep Learning|SQL,Medium,7.5,36.6,Bangalore,2026-01-17T02:00,2026-01-18T14:36
T02936,Testing,SQL|JavaScript,Medium,6.3,30.9,Pune,2026-01-03T19:00,2026-01-05T01:54
T02937,Support,SQL|Linux,Low,5.8,37.2,Hyderabad,2026-04-20T22:00,2026-04-22T11:12
T02938,Support,AWS|Linux,Low,12.5,62.3,Coimbatore,2026-05-14T12:00,2026-05-17T02:18
T02939,Software Development,C++|JavaScript,High,9.5,27.9,Hyderabad,2026-08-13T12:00,2026-08-14T15:54
T02940,Bug Fix,SQL,Medium,4.7,12.0,Remote,2026-01-02T16:00,2026-01-03T04:00
T02941,Testing,SQL|Python,Medium,8.5,37.9,Pune,2026-05-11T17:00,2026-05-13T06:54
T02942,Database,Java,Medium,6.6,13.7,Chennai,2026-07-18T13:00,2026-07-19T02:42
T02943,Testing,Python,Medium,6.8,28.1,Mumbai,2026-03-12T16:00,2026-03-13T20:06
T02944,Cybersecurity,Cybersecurity|Azure|Linux,Medium,3.0,12.0,Remote,2026-07-08T15:00,2026-07-09T03:00
T02945,Machine Learning,TensorFlow|Machine Learning,Medium,5.9,27.2,Hyderabad,2026-03-29T11:00,2026-03-30T14:12
T02946,Bug Fix,Python,Medium,9.2,33.8,Kolkata,2026-03-15T13:00,2026-03-16T22:48
T02947,Testing,Java|Selenium,Critical,11.1,18.4,Remote,2026-01-06T01:00,2026-01-06T19:24
T02948,Testing,SQL|JavaScript,Medium,5.8,18.3,Mumbai,2026-06-08T12:00,2026-06-09T06:18
T02949,Software Development,Spring Boot,Critical,4.3,5.2,Remote,2026-05-18T15:00,2026-05-18T20:12
T02950,Bug Fix,SQL,High,6.2,17.0,Hyderabad,2026-02-23T03:00,2026-02-23T20:00
T02951,Cybersecurity,Linux|AWS|Python,High,7.6,14.4,Hyderabad,2026-06-22T05:00,2026-06-22T19:24
T02952,Machine Learning,Python,Critical,7.8,11.8,Delhi,2026-07-24T17:00,2026-07-25T04:48
T02953,Data Engineering,Python|PostgreSQL|AWS,High,3.0,6.9,Hyderabad,2026-07-14T21:00,2026-07-15T03:54
T02954,Data Engineering,Spark,High,6.4,15.2,Remote,2026-02-02T15:00,2026-02-03T06:12
T02955,Bug Fix,C++|JavaScript|Spring Boot,Medium,4.2,12.0,Delhi,2026-02-01T15:00,2026-02-02T03:00
T02956,Database,SQL|Python|MongoDB,Low,7.1,29.3,Delhi,2026-03-22T14:00,2026-03-23T19:18
T02957,Support,SQL,High,9.1,26.3,Remote,2026-03-28T12:00,2026-03-29T14:18
T02958,Cloud/DevOps,Docker|Azure|AWS,High,6.0,17.3,Hyderabad,2026-08-02T20:00,2026-08-03T13:18
T02959,Machine Learning,TensorFlow|Deep Learning|SQL,Medium,5.2,18.1,Kolkata,2026-05-21T08:00,2026-05-22T02:06
T02960,Machine Learning,PyTorch|TensorFlow,Low,8.7,47.2,Remote,2026-05-06T08:00,2026-05-08T07:12
T02961,Cloud/DevOps,Linux,Low,6.5,29.2,Delhi,2026-01-26T06:00,2026-01-27T11:12
T02962,Data Engineering,SQL,High,8.1,22.7,Chennai,2026-06-18T02:00,2026-06-19T00:42
T02963,Bug Fix,Python,High,4.6,6.9,Pune,2026-02-02T10:00,2026-02-02T16:54
T02964,Machine Learning,Deep Learning|TensorFlow,High,7.9,18.8,Chennai,2026-03-04T23:00,2026-03-05T17:48
T02965,Software Development,Node.js|React|Java,High,3.7,10.1,Kolkata,2026-01-31T01:00,2026-01-31T11:06
T02966,Software Development,C++|Spring Boot,Critical,8.0,9.3,Kolkata,2026-07-27T02:00,2026-07-27T11:18
T02967,Support,SQL|Python|AWS,High,6.7,12.4,Kolkata,2026-03-18T21:00,2026-03-19T09:24
T02968,Software Development,Spring Boot|React|Java,Low,4.4,24.0,Pune,2026-03-04T07:00,2026-03-05T07:00
T02969,Data Engineering,Spark,Medium,4.9,24.2,Pune,2026-03-18T17:00,2026-03-19T17:12
T02970,Database,MongoDB,Medium,8.7,21.5,Kolkata,2026-05-05T07:00,2026-05-06T04:30
T02971,Software Development,Java,High,4.1,11.3,Kolkata,2026-06-09T17:00,2026-06-10T04:18
T02972,Database,PostgreSQL,High,11.2,22.5,Remote,2026-08-20T02:00,2026-08-21T00:30
T02973,Support,Azure|AWS|Python,High,4.4,7.9,Mumbai,2026-07-08T17:00,2026-07-09T00:54
T02974,Cybersecurity,Azure|Python,High,11.4,21.7,Kolkata,2026-06-21T08:00,2026-06-22T05:42
T02975,Data Engineering,SQL|Azure,Medium,12.9,60.1,Mumbai,2026-01-18T19:00,2026-01-21T07:06
T02976,Cybersecurity,Python|AWS,High,4.8,13.1,Pune,2026-07-23T07:00,2026-07-23T20:06
T02977,Bug Fix,JavaScript|C++,High,9.0,15.3,Chennai,2026-06-01T10:00,2026-06-02T01:18
T02978,Machine Learning,TensorFlow|Machine Learning,High,10.4,25.1,Mumbai,2026-05-05T19:00,2026-05-06T20:06
T02979,Testing,Selenium|Java,Medium,8.4,38.6,Chennai,2026-03-19T20:00,2026-03-21T10:36
T02980,Support,Java,Medium,2.7,12.0,Delhi,2026-06-14T21:00,2026-06-15T09:00
T02981,Machine Learning,SQL,High,3.7,7.2,Remote,2026-07-18T11:00,2026-07-18T18:12
T02982,Testing,SQL,Medium,1.9,12.0,Chennai,2026-01-16T00:00,2026-01-16T12:00
T02983,Bug Fix,SQL,High,3.9,7.2,Remote,2026-04-18T15:00,2026-04-18T22:12
T02984,Cybersecurity,Linux,High,11.1,27.4,Pune,2026-06-04T15:00,2026-06-05T18:24
T02985,Cybersecurity,Cybersecurity|Linux,Medium,8.3,28.7,Remote,2026-08-25T11:00,2026-08-26T15:42
T02986,Database,SQL|MongoDB,Medium,12.7,54.3,Pune,2026-07-31T18:00,2026-08-03T00:18
T02987,Software Development,Java,Medium,5.9,26.0,Coimbatore,2026-01-25T04:00,2026-01-26T06:00
T02988,Cloud/DevOps,Kubernetes,Medium,6.2,21.0,Remote,2026-08-22T04:00,2026-08-23T01:00
T02989,Database,Java,Medium,5.6,14.8,Mumbai,2026-08-05T17:00,2026-08-06T07:48
T02990,Cloud/DevOps,Python|Kubernetes,Medium,4.3,20.8,Mumbai,2026-06-03T00:00,2026-06-03T20:48
T02991,Data Engineering,Python|SQL,High,3.3,7.6,Mumbai,2026-08-17T14:00,2026-08-17T21:36
T02992,Database,Python,Low,14.6,93.5,Coimbatore,2026-05-29T01:00,2026-06-01T22:30
T02993,Data Engineering,Azure,Medium,4.0,12.0,Hyderabad,2026-02-24T23:00,2026-02-25T11:00
T02994,Database,MongoDB|Java,Critical,5.9,8.3,Mumbai,2026-06-18T07:00,2026-06-18T15:18
T02995,Support,Python,Medium,10.3,43.9,Mumbai,2026-08-26T01:00,2026-08-27T20:54
T02996,Software Development,JavaScript|Java,Medium,12.8,54.8,Pune,2026-02-11T00:00,2026-02-13T06:48
T02997,Support,Java|AWS|Linux,High,3.9,10.3,Kolkata,2026-06-01T00:00,2026-06-01T10:18
T02998,Cybersecurity,Python|Cybersecurity,High,12.9,28.6,Remote,2026-03-15T02:00,2026-03-16T06:36
T02999,Software Development,Java,High,7.6,14.2,Delhi,2026-01-21T02:00,2026-01-21T16:12
T03000,Machine Learning,Python|TensorFlow|PyTorch,High,4.2,11.5,Pune,2026-03-29T20:00,2026-03-30T07:30
T03001,Software Development,Node.js|Spring Boot|C++,Critical,7.0,7.7,Mumbai,2026-04-02T13:00,2026-04-02T20:42
T03002,Cybersecurity,Azure|Cybersecurity|AWS,High,18.7,45.1,Remote,2026-02-23T02:00,2026-02-24T23:06
T03003,Cybersecurity,Linux|Azure,Low,12.3,92.9,Mumbai,2026-08-14T02:00,2026-08-17T22:54
T03004,Cloud/DevOps,AWS|Azure,Low,7.2,50.5,Pune,2026-05-17T18:00,2026-05-19T20:30
T03005,Data Engineering,PostgreSQL|SQL|AWS,Low,6.7,38.8,Mumbai,2026-01-21T21:00,2026-01-23T11:48
T03006,Software Development,Python|C++,Low,1.8,24.0,Chennai,2026-01-02T20:00,2026-01-03T20:00
T03007,Machine Learning,Deep Learning,Medium,4.5,21.4,Mumbai,2026-07-13T18:00,2026-07-14T15:24
T03008,Database,Python|PostgreSQL|MongoDB,High,8.8,22.2,Hyderabad,2026-06-01T17:00,2026-06-02T15:12
T03009,Bug Fix,SQL|Java,Medium,5.6,14.4,Remote,2026-06-30T00:00,2026-06-30T14:24
T03010,Cybersecurity,Linux|Python,High,3.7,10.4,Mumbai,2026-02-17T12:00,2026-02-17T22:24
T03011,Database,Python|SQL|PostgreSQL,Critical,6.6,11.6,Coimbatore,2026-08-10T01:00,2026-08-10T12:36
T03012,Cybersecurity,Azure|Python|Linux,Medium,6.0,24.2,Mumbai,2026-07-16T16:00,2026-07-17T16:12
T03013,Testing,JavaScript|Python|SQL,High,8.7,14.8,Pune,2026-01-06T11:00,2026-01-07T01:48
T03014,Cybersecurity,Python|Cybersecurity|AWS,Critical,2.3,3.1,Mumbai,2026-04-09T17:00,2026-04-09T20:06
T03015,Machine Learning,Deep Learning|PyTorch,Medium,10.5,43.4,Bangalore,2026-07-25T15:00,2026-07-27T10:24
T03016,Database,MongoDB|Python,High,5.6,12.5,Mumbai,2026-06-02T19:00,2026-06-03T07:30
T03017,Data Engineering,Spark|Python,Low,6.1,27.1,Remote,2026-07-16T10:00,2026-07-17T13:06
T03018,Database,Python|SQL|Java,Medium,21.9,96.0,Remote,2026-03-27T03:00,2026-03-31T03:00
T03019,Support,AWS|Python,Medium,3.1,14.5,Delhi,2026-04-08T09:00,2026-04-08T23:30
T03020,Data Engineering,Azure,Medium,11.5,39.9,Bangalore,2026-05-26T21:00,2026-05-28T12:54
T03021,Cloud/DevOps,Azure|Docker|AWS,Critical,8.7,11.2,Chennai,2026-04-23T23:00,2026-04-24T10:12
T03022,Testing,Java,Critical,12.5,19.7,Delhi,2026-05-09T13:00,2026-05-10T08:42
T03023,Machine Learning,Deep Learning,High,4.6,13.2,Chennai,2026-05-04T09:00,2026-05-04T22:12
T03024,Cloud/DevOps,Docker|Python,Medium,8.5,32.9,Mumbai,2026-01-20T10:00,2026-01-21T18:54
T03025,Cybersecurity,Cybersecurity,Medium,26.7,70.6,Mumbai,2026-05-05T11:00,2026-05-08T09:36
T03026,Database,Python|Java|MongoDB,Low,11.4,77.4,Pune,2026-08-13T23:00,2026-08-17T04:24
T03027,Bug Fix,Node.js,Medium,7.6,17.0,Coimbatore,2026-07-18T12:00,2026-07-19T05:00
T03028,Cloud/DevOps,Kubernetes|Linux|Docker,High,5.7,11.9,Delhi,2026-05-07T20:00,2026-05-08T07:54
T03029,Machine Learning,SQL,High,12.6,28.5,Mumbai,2026-01-17T03:00,2026-01-18T07:30
T03030,Software Development,Java,Medium,9.9,37.5,Coimbatore,2026-08-09T22:00,2026-08-11T11:30
T03031,Cloud/DevOps,Azure,Low,5.6,33.9,Hyderabad,2026-02-07T05:00,2026-02-08T14:54
T03032,Machine Learning,Machine Learning|PyTorch|TensorFlow,Medium,6.5,13.0,Hyderabad,2026-08-23T12:00,2026-08-24T01:00
T03033,Support,Python|AWS|Linux,Critical,6.2,8.1,Kolkata,2026-07-05T20:00,2026-07-06T04:06
T03034,Bug Fix,SQL|Spring Boot,Medium,9.0,26.1,Coimbatore,2026-06-27T18:00,2026-06-28T20:06
T03035,Testing,SQL,Medium,5.9,26.2,Pune,2026-03-05T17:00,2026-03-06T19:12
T03036,Software Development,React|Spring Boot,Medium,14.4,61.7,Remote,2026-04-05T04:00,2026-04-07T17:42
T03037,Cybersecurity,AWS,Medium,7.6,30.8,Remote,2026-05-29T13:00,2026-05-30T19:48
T03038,Database,MongoDB|PostgreSQL,Medium,6.4,18.7,Pune,2026-06-12T07:00,2026-06-13T01:42
T03039,Machine Learning,PyTorch|Deep Learning|Machine Learning,Low,3.0,24.0,Bangalore,2026-05-12T10:00,2026-05-13T10:00
T03040,Testing,Java,High,10.3,15.6,Remote,2026-03-09T06:00,2026-03-09T21:36
T03041,Cybersecurity,Azure|AWS,Medium,11.8,25.9,Coimbatore,2026-07-13T08:00,2026-07-14T09:54
T03042,Support,Linux,Medium,8.1,35.0,Bangalore,2026-08-15T02:00,2026-08-16T13:00
T03043,Cybersecurity,AWS|Linux|Cybersecurity,Critical,4.6,6.6,Remote,2026-04-02T06:00,2026-04-02T12:36
T03044,Software Development,Spring Boot|C++,Low,6.1,27.5,Remote,2026-04-03T11:00,2026-04-04T14:30
T03045,Database,PostgreSQL|SQL|Java,High,4.8,13.0,Mumbai,2026-04-22T21:00,2026-04-23T10:00
T03046,Database,Python|MongoDB|PostgreSQL,Medium,9.4,42.8,Bangalore,2026-08-20T00:00,2026-08-21T18:48
T03047,Database,Python|MongoDB|Java,Medium,6.6,21.4,Hyderabad,2026-05-16T09:00,2026-05-17T06:24
T03048,Database,MongoDB,Medium,4.3,12.0,Pune,2026-02-26T21:00,2026-02-27T09:00
T03049,Data Engineering,Python,Medium,5.6,23.2,Mumbai,2026-03-28T19:00,2026-03-29T18:12
T03050,Software Development,JavaScript,Low,6.9,38.9,Chennai,2026-02-17T05:00,2026-02-18T19:54
T03051,Cybersecurity,Cybersecurity|Linux,Medium,11.5,24.7,Coimbatore,2026-04-27T12:00,2026-04-28T12:42
T03052,Testing,Java,High,8.3,24.0,Delhi,2026-08-03T00:00,2026-08-04T00:00
T03053,Machine Learning,TensorFlow,High,7.0,13.4,Hyderabad,2026-05-21T13:00,2026-05-22T02:24
T03054,Support,SQL,Medium,6.9,29.0,Kolkata,2026-03-12T03:00,2026-03-13T08:00
T03055,Software Development,Python|C++,High,6.2,17.7,Pune,2026-01-16T03:00,2026-01-16T20:42
T03056,Cybersecurity,Azure|Cybersecurity,Medium,3.2,12.0,Coimbatore,2026-07-18T11:00,2026-07-18T23:00
T03057,Machine Learning,PyTorch|Machine Learning,Low,5.7,38.2,Mumbai,2026-04-10T08:00,2026-04-11T22:12
T03058,Machine Learning,TensorFlow,Low,6.5,48.4,Bangalore,2026-02-12T12:00,2026-02-14T12:24
T03059,Cybersecurity,Azure|AWS|Linux,Medium,3.8,14.5,Kolkata,2026-02-07T11:00,2026-02-08T01:30
T03060,Machine Learning,Machine Learning,Medium,5.4,12.0,Hyderabad,2026-04-07T15:00,2026-04-08T03:00
T03061,Cybersecurity,AWS,Critical,5.3,8.7,Pune,2026-03-11T01:00,2026-03-11T09:42
T03062,Cloud/DevOps,Docker|Azure,Medium,7.5,35.1,Chennai,2026-06-05T05:00,2026-06-06T16:06
T03063,Database,MongoDB|SQL|Python,Low,12.4,39.8,Remote,2026-02-19T12:00,2026-02-21T03:48
T03064,Cloud/DevOps,AWS|Python,Critical,3.1,5.3,Kolkata,2026-01-02T07:00,2026-01-02T12:18
T03065,Machine Learning,Machine Learning,Medium,10.3,27.7,Hyderabad,2026-08-24T06:00,2026-08-25T09:42
T03066,Cloud/DevOps,Linux|Docker,High,9.8,21.7,Chennai,2026-01-07T01:00,2026-01-07T22:42
T03067,Testing,Java,High,7.4,12.7,Bangalore,2026-06-01T08:00,2026-06-01T20:42
T03068,Testing,JavaScript|Python,High,10.3,24.3,Bangalore,2026-05-16T12:00,2026-05-17T12:18
T03069,Testing,Selenium,Medium,4.4,19.1,Coimbatore,2026-01-13T03:00,2026-01-13T22:06
T03070,Machine Learning,Deep Learning,Medium,5.2,25.7,Hyderabad,2026-01-18T09:00,2026-01-19T10:42
T03071,Software Development,React|Spring Boot,High,7.3,18.6,Chennai,2026-03-23T15:00,2026-03-24T09:36
T03072,Support,SQL|Python,High,4.3,9.3,Bangalore,2026-01-02T08:00,2026-01-02T17:18
T03073,Database,MongoDB,Medium,4.2,17.3,Remote,2026-02-03T02:00,2026-02-03T19:18
T03074,Support,Linux|Azure|Python,Low,12.3,59.9,Remote,2026-02-28T06:00,2026-03-02T17:54
T03075,Database,Java|Python,Medium,5.3,25.7,Hyderabad,2026-02-07T09:00,2026-02-08T10:42
T03076,Machine Learning,SQL,Low,3.6,24.0,Remote,2026-08-24T16:00,2026-08-25T16:00
T03077,Cybersecurity,Azure|Linux|Cybersecurity,High,2.7,8.1,Delhi,2026-01-30T00:00,2026-01-30T08:06
T03078,Database,Java,High,14.5,22.7,Mumbai,2026-04-09T12:00,2026-04-10T10:42
T03079,Testing,Java|Python,Medium,10.2,21.1,Kolkata,2026-08-04T05:00,2026-08-05T02:06
T03080,Cloud/DevOps,Linux,Medium,6.5,21.3,Bangalore,2026-05-11T19:00,2026-05-12T16:18
T03081,Bug Fix,C++|Python|Spring Boot,Low,7.1,47.6,Coimbatore,2026-06-04T00:00,2026-06-05T23:36
T03082,Support,AWS|SQL,High,9.3,25.6,Remote,2026-02-11T18:00,2026-02-12T19:36
T03083,Bug Fix,JavaScript|Node.js|Java,High,3.2,6.0,Hyderabad,2026-08-11T00:00,2026-08-11T06:00
T03084,Database,Python|PostgreSQL|MongoDB,Low,7.9,42.1,Kolkata,2026-02-16T18:00,2026-02-18T12:06
T03085,Software Development,JavaScript,High,5.5,12.4,Coimbatore,2026-06-19T14:00,2026-06-20T02:24
T03086,Cloud/DevOps,Python|Linux,Critical,5.9,7.8,Remote,2026-02-06T06:00,2026-02-06T13:48
T03087,Cybersecurity,Azure|Cybersecurity|Python,High,3.9,10.6,Coimbatore,2026-05-04T22:00,2026-05-05T08:36
T03088,Cloud/DevOps,Azure|Linux,Critical,11.2,18.0,Remote,2026-03-12T05:00,2026-03-12T23:00
T03089,Cloud/DevOps,AWS,Medium,3.4,12.0,Remote,2026-03-02T00:00,2026-03-02T12:00
T03090,Database,MongoDB,Medium,6.9,23.9,Kolkata,2026-05-23T09:00,2026-05-24T08:54
T03091,Support,Java|Python,Medium,7.6,30.7,Mumbai,2026-03-31T20:00,2026-04-02T02:42
T03092,Support,Linux|AWS,Medium,4.9,16.7,Coimbatore,2026-08-12T19:00,2026-08-13T11:42
T03093,Cloud/DevOps,AWS,High,6.6,13.7,Pune,2026-03-02T22:00,2026-03-03T11:42
T03094,Bug Fix,Spring Boot,High,5.2,9.3,Mumbai,2026-05-26T17:00,2026-05-27T02:18
T03095,Software Development,Spring Boot,Low,8.9,36.3,Mumbai,2026-03-23T22:00,2026-03-25T10:18
T03096,Cybersecurity,Linux|AWS|Azure,Medium,4.9,16.0,Bangalore,2026-08-08T07:00,2026-08-08T23:00
T03097,Data Engineering,Azure|Spark|PostgreSQL,Medium,6.0,22.1,Delhi,2026-01-19T13:00,2026-01-20T11:06
T03098,Machine Learning,SQL|Deep Learning,Low,7.9,32.4,Kolkata,2026-07-22T01:00,2026-07-23T09:24
T03099,Database,Python|MongoDB|SQL,High,6.4,16.5,Kolkata,2026-08-09T11:00,2026-08-10T03:30
T03100,Software Development,JavaScript|React,High,6.0,16.6,Coimbatore,2026-05-08T20:00,2026-05-09T12:36
T03101,Testing,Selenium,Critical,7.1,11.0,Hyderabad,2026-06-06T22:00,2026-06-07T09:00
T03102,Machine Learning,SQL|Python|PyTorch,High,6.0,14.3,Kolkata,2026-04-30T18:00,2026-05-01T08:18
T03103,Software Development,JavaScript|Node.js|Java,High,3.3,9.2,Kolkata,2026-02-24T06:00,2026-02-24T15:12
T03104,Cloud/DevOps,Azure|Linux,Medium,4.6,16.6,Kolkata,2026-08-09T01:00,2026-08-09T17:36
T03105,Support,Java|Azure|SQL,Medium,7.8,37.2,Pune,2026-01-03T00:00,2026-01-04T13:12
T03106,Bug Fix,SQL,High,5.8,12.8,Remote,2026-04-02T04:00,2026-04-02T16:48
T03107,Cloud/DevOps,Linux|Azure,Low,6.1,34.9,Remote,2026-03-08T05:00,2026-03-09T15:54
T03108,Bug Fix,Python,High,11.8,24.2,Mumbai,2026-05-23T06:00,2026-05-24T06:12
T03109,Support,AWS|SQL,Low,4.6,33.5,Pune,2026-03-14T02:00,2026-03-15T11:30
T03110,Cloud/DevOps,AWS|Python,High,8.6,24.9,Bangalore,2026-06-06T17:00,2026-06-07T17:54
T03111,Data Engineering,Spark|Azure,Medium,4.5,12.1,Pune,2026-05-12T13:00,2026-05-13T01:06
T03112,Data Engineering,Azure,Medium,4.3,19.7,Kolkata,2026-05-14T06:00,2026-05-15T01:42
T03113,Testing,Python,Medium,8.5,34.5,Chennai,2026-03-26T09:00,2026-03-27T19:30
T03114,Software Development,Node.js,Medium,7.8,18.1,Hyderabad,2026-05-23T18:00,2026-05-24T12:06
T03115,Data Engineering,Spark,High,12.2,18.3,Bangalore,2026-04-26T12:00,2026-04-27T06:18
T03116,Testing,Selenium|SQL|Java,Medium,5.5,21.0,Delhi,2026-02-26T20:00,2026-02-27T17:00
T03117,Bug Fix,C++|JavaScript|SQL,Low,4.6,24.0,Chennai,2026-03-28T18:00,2026-03-29T18:00
T03118,Support,AWS|SQL,Medium,4.8,14.2,Coimbatore,2026-02-18T07:00,2026-02-18T21:12
T03119,Bug Fix,JavaScript|C++|Spring Boot,Medium,7.1,18.0,Pune,2026-05-31T07:00,2026-06-01T01:00
T03120,Data Engineering,Python,High,13.2,21.8,Pune,2026-07-22T15:00,2026-07-23T12:48
T03121,Testing,Selenium|Python|JavaScript,Medium,7.7,27.3,Mumbai,2026-02-24T23:00,2026-02-26T02:18
T03122,Cybersecurity,Azure|Linux|Python,Low,9.6,36.2,Coimbatore,2026-08-26T01:00,2026-08-27T13:12
T03123,Software Development,React,Medium,14.4,59.1,Delhi,2026-02-25T18:00,2026-02-28T05:06
T03124,Support,AWS|Python|Azure,Medium,5.1,18.5,Kolkata,2026-07-31T09:00,2026-08-01T03:30
T03125,Bug Fix,C++,Medium,9.4,35.9,Coimbatore,2026-03-06T01:00,2026-03-07T12:54
T03126,Testing,JavaScript|Selenium,Critical,4.4,6.9,Coimbatore,2026-05-23T11:00,2026-05-23T17:54
T03127,Machine Learning,PyTorch,Medium,3.2,13.8,Hyderabad,2026-02-03T22:00,2026-02-04T11:48
T03128,Data Engineering,Spark|Python|SQL,Low,11.6,49.4,Bangalore,2026-04-10T07:00,2026-04-12T08:24
T03129,Database,PostgreSQL,Critical,3.4,4.8,Chennai,2026-05-15T12:00,2026-05-15T16:48
T03130,Database,SQL|MongoDB,High,8.5,21.1,Remote,2026-06-03T08:00,2026-06-04T05:06
T03131,Database,Python|Java|PostgreSQL,Medium,11.0,50.5,Coimbatore,2026-07-03T01:00,2026-07-05T03:30
T03132,Database,MongoDB|PostgreSQL|Python,High,3.8,6.9,Chennai,2026-01-14T22:00,2026-01-15T04:54
T03133,Bug Fix,C++,High,10.8,30.2,Bangalore,2026-05-07T19:00,2026-05-09T01:12
T03134,Database,MongoDB,Medium,5.6,12.3,Remote,2026-04-08T04:00,2026-04-08T16:18
T03135,Machine Learning,Machine Learning|TensorFlow|PyTorch,High,3.8,9.7,Hyderabad,2026-07-22T15:00,2026-07-23T00:42
T03136,Bug Fix,Python|Node.js|C++,Medium,5.4,21.7,Bangalore,2026-07-10T00:00,2026-07-10T21:42
T03137,Support,Python|AWS|SQL,Medium,3.6,12.0,Kolkata,2026-06-07T04:00,2026-06-07T16:00
T03138,Machine Learning,PyTorch,High,5.2,14.2,Delhi,2026-08-11T09:00,2026-08-11T23:12
T03139,Data Engineering,Python|SQL|Spark,Medium,10.6,32.2,Kolkata,2026-08-22T01:00,2026-08-23T09:12
T03140,Software Development,React|JavaScript,Low,10.5,78.9,Remote,2026-08-13T02:00,2026-08-16T08:54
T03141,Cybersecurity,Python,Medium,6.1,19.8,Coimbatore,2026-04-07T19:00,2026-04-08T14:48
T03142,Support,Java,Critical,4.5,7.5,Remote,2026-03-23T12:00,2026-03-23T19:30
T03143,Cloud/DevOps,Python|Azure,Medium,5.2,12.0,Hyderabad,2026-04-06T18:00,2026-04-07T06:00
T03144,Cloud/DevOps,AWS|Docker|Linux,Low,4.9,24.0,Coimbatore,2026-01-13T04:00,2026-01-14T04:00
T03145,Cybersecurity,Python|Azure,Low,9.2,62.4,Remote,2026-01-10T05:00,2026-01-12T19:24
T03146,Cloud/DevOps,AWS|Docker|Python,Medium,5.8,14.1,Hyderabad,2026-01-04T17:00,2026-01-05T07:06
T03147,Data Engineering,Azure|PostgreSQL,High,9.1,26.8,Chennai,2026-03-31T09:00,2026-04-01T11:48
T03148,Data Engineering,Azure,High,3.2,6.9,Remote,2026-03-10T04:00,2026-03-10T10:54
T03149,Machine Learning,Deep Learning|TensorFlow,High,8.9,15.2,Coimbatore,2026-08-01T17:00,2026-08-02T08:12
T03150,Data Engineering,Azure|Spark,Critical,4.7,6.8,Hyderabad,2026-01-25T11:00,2026-01-25T17:48
T03151,Bug Fix,Node.js|Python,Medium,4.3,19.1,Mumbai,2026-01-25T09:00,2026-01-26T04:06
T03152,Testing,Selenium|JavaScript|SQL,High,6.3,9.6,Delhi,2026-07-18T20:00,2026-07-19T05:36
T03153,Support,Azure|SQL,High,6.0,15.4,Chennai,2026-04-13T00:00,2026-04-13T15:24
T03154,Bug Fix,Java|Python,Medium,7.3,24.4,Hyderabad,2026-07-06T01:00,2026-07-07T01:24
T03155,Bug Fix,Node.js|SQL,Medium,4.6,12.0,Hyderabad,2026-03-05T02:00,2026-03-05T14:00
T03156,Testing,SQL|Python|Selenium,High,5.1,8.0,Mumbai,2026-08-09T06:00,2026-08-09T14:00
T03157,Software Development,JavaScript,High,4.9,9.1,Mumbai,2026-01-24T00:00,2026-01-24T09:06
T03158,Database,MongoDB|PostgreSQL|SQL,High,7.1,13.1,Mumbai,2026-04-25T08:00,2026-04-25T21:06
T03159,Database,SQL,Medium,7.7,27.5,Remote,2026-05-25T20:00,2026-05-26T23:30
T03160,Support,Azure|AWS,Critical,9.8,14.0,Kolkata,2026-07-11T06:00,2026-07-11T20:00
T03161,Bug Fix,Node.js,Medium,6.9,18.2,Remote,2026-05-08T00:00,2026-05-08T18:12
T03162,Support,Linux|AWS|Python,High,6.0,11.5,Coimbatore,2026-01-30T01:00,2026-01-30T12:30
T03163,Testing,Python|SQL,Critical,7.8,12.6,Kolkata,2026-07-20T17:00,2026-07-21T05:36
T03164,Testing,JavaScript,Medium,8.0,39.4,Delhi,2026-03-18T14:00,2026-03-20T05:24
T03165,Software Development,Spring Boot,High,9.7,23.6,Remote,2026-04-17T18:00,2026-04-18T17:36
T03166,Support,Java|Linux|Python,High,11.3,30.0,Remote,2026-02-06T13:00,2026-02-07T19:00
T03167,Database,Java,Medium,3.2,12.0,Delhi,2026-03-04T17:00,2026-03-05T05:00
T03168,Software Development,Java,High,4.9,12.2,Bangalore,2026-06-06T01:00,2026-06-06T13:12
T03169,Cloud/DevOps,Python|Docker,High,11.0,20.9,Chennai,2026-01-20T04:00,2026-01-21T00:54
T03170,Support,AWS|Python|Azure,Medium,7.0,33.5,Bangalore,2026-06-04T00:00,2026-06-05T09:30
T03171,Data Engineering,Python,High,5.8,14.5,Pune,2026-08-09T07:00,2026-08-09T21:30
T03172,Testing,Selenium|JavaScript,High,5.0,10.8,Kolkata,2026-01-08T18:00,2026-01-09T04:48
T03173,Software Development,Java|C++,Critical,5.6,7.8,Pune,2026-07-03T19:00,2026-07-04T02:48
T03174,Cybersecurity,Python,Medium,11.9,48.6,Remote,2026-02-21T05:00,2026-02-23T05:36
T03175,Cybersecurity,Cybersecurity|Azure,High,12.6,27.7,Chennai,2026-07-07T15:00,2026-07-08T18:42
T03176,Machine Learning,Deep Learning,Medium,3.7,12.0,Chennai,2026-03-21T04:00,2026-03-21T16:00
T03177,Machine Learning,Deep Learning,High,10.3,24.2,Remote,2026-06-08T14:00,2026-06-09T14:12
T03178,Testing,Selenium|Java|Python,High,6.1,13.4,Remote,2026-06-15T04:00,2026-06-15T17:24
T03179,Support,AWS|Linux|Java,Medium,6.5,13.4,Remote,2026-07-23T09:00,2026-07-23T22:24
T03180,Bug Fix,Python|Java|C++,Medium,8.0,19.3,Coimbatore,2026-02-11T17:00,2026-02-12T12:18
T03181,Cloud/DevOps,Kubernetes|Docker|AWS,Medium,3.5,13.2,Kolkata,2026-04-01T14:00,2026-04-02T03:12
T03182,Software Development,JavaScript,Medium,7.9,33.1,Bangalore,2026-01-20T18:00,2026-01-22T03:06
T03183,Cybersecurity,AWS|Python|Cybersecurity,Critical,17.0,22.6,Delhi,2026-05-02T05:00,2026-05-03T03:36
T03184,Cloud/DevOps,Python,High,4.7,9.4,Coimbatore,2026-02-17T12:00,2026-02-17T21:24
T03185,Bug Fix,Node.js,High,14.2,21.9,Chennai,2026-08-06T19:00,2026-08-07T16:54
T03186,Bug Fix,C++,Medium,6.4,13.4,Bangalore,2026-06-17T05:00,2026-06-17T18:24
T03187,Bug Fix,JavaScript|SQL|Python,High,2.7,6.7,Hyderabad,2026-03-02T15:00,2026-03-02T21:42
T03188,Machine Learning,Deep Learning|Machine Learning|SQL,High,2.3,6.0,Remote,2026-05-06T03:00,2026-05-06T09:00
T03189,Testing,Java|SQL,High,3.9,10.7,Mumbai,2026-07-15T05:00,2026-07-15T15:42
T03190,Database,Java|PostgreSQL,Medium,2.7,12.0,Remote,2026-03-13T22:00,2026-03-14T10:00
T03191,Testing,JavaScript|Python|Selenium,Medium,4.5,16.5,Remote,2026-02-06T17:00,2026-02-07T09:30
T03192,Cloud/DevOps,AWS|Azure|Docker,High,3.5,7.0,Kolkata,2026-03-20T21:00,2026-03-21T04:00
T03193,Software Development,Spring Boot|C++,Medium,10.6,41.2,Kolkata,2026-04-19T06:00,2026-04-20T23:12
T03194,Cloud/DevOps,Docker|Azure,Medium,3.4,12.0,Kolkata,2026-03-14T16:00,2026-03-15T04:00
T03195,Testing,JavaScript|SQL,Medium,6.4,21.0,Chennai,2026-03-28T18:00,2026-03-29T15:00
T03196,Cybersecurity,AWS,Medium,5.0,12.0,Kolkata,2026-01-18T00:00,2026-01-18T12:00
T03197,Cloud/DevOps,Kubernetes,Medium,10.8,42.7,Pune,2026-05-05T16:00,2026-05-07T10:42
T03198,Cybersecurity,Azure,Low,4.2,30.7,Pune,2026-08-12T08:00,2026-08-13T14:42
T03199,Machine Learning,TensorFlow|Python|PyTorch,High,8.5,18.4,Bangalore,2026-05-02T06:00,2026-05-03T00:24
T03200,Data Engineering,Azure|Python,High,5.0,10.5,Chennai,2026-05-16T22:00,2026-05-17T08:30
T03201,Data Engineering,Python|SQL,High,3.7,8.9,Remote,2026-03-16T15:00,2026-03-16T23:54
T03202,Testing,SQL,Medium,4.2,12.0,Coimbatore,2026-03-30T15:00,2026-03-31T03:00
T03203,Testing,SQL|Python|Java,Critical,3.7,6.4,Remote,2026-06-20T19:00,2026-06-21T01:24
T03204,Database,Java|SQL|Python,Medium,4.6,19.0,Pune,2026-05-02T05:00,2026-05-03T00:00
T03205,Data Engineering,Azure|Python,Medium,4.3,17.4,Chennai,2026-08-21T20:00,2026-08-22T13:24
T03206,Machine Learning,Machine Learning|TensorFlow|SQL,Medium,3.6,16.0,Chennai,2026-02-25T11:00,2026-02-26T03:00
T03207,Testing,Python,High,4.7,7.8,Bangalore,2026-08-16T19:00,2026-08-17T02:48
T03208,Cybersecurity,Azure,Low,8.3,54.7,Bangalore,2026-07-08T22:00,2026-07-11T04:42
T03209,Database,MongoDB|Java|Python,Medium,3.1,12.0,Kolkata,2026-01-14T07:00,2026-01-14T19:00
T03210,Data Engineering,AWS,Medium,7.3,31.1,Kolkata,2026-04-04T12:00,2026-04-05T19:06
T03211,Data Engineering,PostgreSQL|AWS|SQL,High,9.8,15.9,Mumbai,2026-03-08T10:00,2026-03-09T01:54
T03212,Software Development,Python,Medium,5.8,12.8,Hyderabad,2026-02-11T05:00,2026-02-11T17:48
T03213,Testing,JavaScript|SQL|Python,High,3.9,10.7,Hyderabad,2026-08-03T17:00,2026-08-04T03:42
T03214,Bug Fix,JavaScript|Spring Boot,Medium,10.5,21.1,Remote,2026-06-19T22:00,2026-06-20T19:06
T03215,Machine Learning,PyTorch,Medium,10.9,37.1,Hyderabad,2026-07-11T07:00,2026-07-12T20:06
T03216,Data Engineering,PostgreSQL|SQL|Spark,Critical,8.8,10.0,Bangalore,2026-02-06T08:00,2026-02-06T18:00
T03217,Database,MongoDB|SQL|Java,Low,6.2,37.4,Kolkata,2026-08-22T23:00,2026-08-24T12:24
T03218,Data Engineering,AWS,High,5.2,15.2,Coimbatore,2026-02-21T19:00,2026-02-22T10:12
T03219,Testing,Java|JavaScript,Medium,7.1,23.0,Chennai,2026-06-28T16:00,2026-06-29T15:00
T03220,Machine Learning,Python,High,11.2,24.6,Mumbai,2026-02-15T05:00,2026-02-16T05:36
T03221,Database,Python|SQL,Medium,6.5,28.5,Chennai,2026-02-09T14:00,2026-02-10T18:30
T03222,Testing,SQL,Medium,6.1,21.2,Mumbai,2026-07-26T21:00,2026-07-27T18:12
T03223,Database,MongoDB|Java,Critical,3.4,5.5,Pune,2026-06-26T09:00,2026-06-26T14:30
T03224,Software Development,Node.js|React,Medium,4.3,12.4,Delhi,2026-04-25T19:00,2026-04-26T07:24
T03225,Database,Java,Medium,4.6,12.0,Bangalore,2026-02-14T01:00,2026-02-14T13:00
T03226,Testing,JavaScript,Medium,9.4,44.4,Bangalore,2026-01-14T19:00,2026-01-16T15:24
T03227,Database,MongoDB|PostgreSQL,Critical,6.6,9.9,Pune,2026-02-06T13:00,2026-02-06T22:54
T03228,Cybersecurity,AWS|Azure|Linux,Critical,3.9,5.8,Delhi,2026-02-06T18:00,2026-02-06T23:48
T03229,Support,Azure|Java|AWS,Medium,3.5,15.5,Delhi,2026-07-12T18:00,2026-07-13T09:30
T03230,Data Engineering,Spark|Python,Medium,7.9,26.5,Remote,2026-06-06T14:00,2026-06-07T16:30
T03231,Machine Learning,TensorFlow|Python,Low,3.2,24.0,Coimbatore,2026-04-19T14:00,2026-04-20T14:00
T03232,Testing,JavaScript|Java,Critical,4.7,8.3,Remote,2026-05-28T13:00,2026-05-28T21:18
T03233,Testing,Selenium|Python,Low,6.8,32.1,Remote,2026-01-06T08:00,2026-01-07T16:06
T03234,Cloud/DevOps,Linux|Azure,Critical,7.6,10.3,Kolkata,2026-06-02T23:00,2026-06-03T09:18
T03235,Bug Fix,SQL,Medium,5.6,20.9,Remote,2026-03-05T09:00,2026-03-06T05:54
T03236,Cloud/DevOps,Azure,High,2.0,6.0,Chennai,2026-02-09T16:00,2026-02-09T22:00
T03237,Support,SQL|Java|Python,High,3.2,6.0,Hyderabad,2026-07-18T11:00,2026-07-18T17:00
T03238,Machine Learning,Python|Machine Learning,High,4.9,8.3,Remote,2026-01-11T21:00,2026-01-12T05:18
T03239,Cybersecurity,Azure|Python|AWS,High,10.5,29.4,Kolkata,2026-04-21T16:00,2026-04-22T21:24
T03240,Database,Python,Low,5.9,24.0,Pune,2026-01-10T19:00,2026-01-11T19:00
T03241,Machine Learning,Python|SQL,High,7.3,20.5,Kolkata,2026-03-24T03:00,2026-03-24T23:30
T03242,Testing,SQL,Medium,5.8,13.0,Mumbai,2026-04-16T19:00,2026-04-17T08:00
T03243,Database,SQL|MongoDB,Medium,4.9,16.1,Remote,2026-06-13T12:00,2026-06-14T04:06
T03244,Testing,SQL|Python|Selenium,Medium,5.9,15.9,Coimbatore,2026-02-21T07:00,2026-02-21T22:54
T03245,Bug Fix,C++|Node.js|SQL,Medium,4.4,12.2,Remote,2026-03-27T22:00,2026-03-28T10:12
T03246,Bug Fix,Python|SQL|C++,High,6.9,18.6,Bangalore,2026-03-01T02:00,2026-03-01T20:36
T03247,Cloud/DevOps,AWS|Python|Kubernetes,High,2.4,6.0,Pune,2026-02-12T05:00,2026-02-12T11:00
T03248,Testing,SQL|JavaScript,Critical,5.9,9.9,Pune,2026-06-24T22:00,2026-06-25T07:54
T03249,Database,Python|Java|SQL,Medium,5.1,13.7,Coimbatore,2026-02-08T01:00,2026-02-08T14:42
T03250,Cybersecurity,Python|Azure|Linux,High,5.8,14.5,Kolkata,2026-02-04T01:00,2026-02-04T15:30
T03251,Cloud/DevOps,Python|Kubernetes,Medium,10.3,32.8,Remote,2026-05-17T17:00,2026-05-19T01:48
T03252,Data Engineering,AWS,High,3.7,7.4,Mumbai,2026-05-01T19:00,2026-05-02T02:24
T03253,Bug Fix,JavaScript|Java,Medium,7.3,26.2,Remote,2026-03-05T12:00,2026-03-06T14:12
T03254,Support,Linux|Python,Medium,7.4,14.9,Coimbatore,2026-07-10T22:00,2026-07-11T12:54
T03255,Support,Azure|SQL,Medium,7.4,26.7,Hyderabad,2026-08-23T20:00,2026-08-24T22:42
T03256,Support,Azure|Java,Low,5.0,24.0,Delhi,2026-08-09T15:00,2026-08-10T15:00
T03257,Software Development,Python,High,3.9,7.0,Remote,2026-03-11T09:00,2026-03-11T16:00
T03258,Machine Learning,Machine Learning|SQL|Python,High,8.8,13.5,Mumbai,2026-08-27T01:00,2026-08-27T14:30
T03259,Support,Java|Azure|Python,Medium,4.0,12.0,Delhi,2026-03-28T06:00,2026-03-28T18:00
T03260,Cloud/DevOps,Docker,Medium,22.4,68.1,Remote,2026-02-05T23:00,2026-02-08T19:06
T03261,Cloud/DevOps,Kubernetes,Critical,8.7,12.6,Coimbatore,2026-03-14T10:00,2026-03-14T22:36
T03262,Machine Learning,Deep Learning|TensorFlow,Critical,10.5,18.0,Hyderabad,2026-08-13T12:00,2026-08-14T06:00
T03263,Cloud/DevOps,Python|Linux|Kubernetes,High,9.8,24.7,Chennai,2026-07-05T14:00,2026-07-06T14:42
T03264,Bug Fix,Node.js|C++|SQL,Critical,5.6,7.8,Remote,2026-08-25T17:00,2026-08-26T00:48
T03265,Database,PostgreSQL|Java,Medium,4.5,20.6,Coimbatore,2026-04-16T00:00,2026-04-16T20:36
T03266,Database,Python,Medium,9.4,46.6,Coimbatore,2026-06-16T00:00,2026-06-17T22:36
T03267,Data Engineering,PostgreSQL|Python|AWS,High,10.1,17.1,Chennai,2026-01-02T17:00,2026-01-03T10:06
T03268,Support,Python|Linux|SQL,Critical,5.4,6.1,Pune,2026-03-06T12:00,2026-03-06T18:06
T03269,Cybersecurity,Python,High,8.1,14.4,Chennai,2026-05-01T11:00,2026-05-02T01:24
T03270,Cybersecurity,AWS|Azure,Medium,10.6,52.5,Mumbai,2026-02-02T09:00,2026-02-04T13:30
T03271,Support,Java,Medium,4.3,12.0,Remote,2026-01-13T19:00,2026-01-14T07:00
T03272,Testing,Java,Low,6.0,43.7,Remote,2026-02-01T13:00,2026-02-03T08:42
T03273,Bug Fix,JavaScript|Python|Java,Low,4.7,31.8,Mumbai,2026-04-08T06:00,2026-04-09T13:48
T03274,Database,MongoDB|SQL,High,7.6,21.3,Bangalore,2026-01-18T04:00,2026-01-19T01:18
T03275,Software Development,Spring Boot|Node.js|C++,High,7.1,11.7,Remote,2026-06-26T07:00,2026-06-26T18:42
T03276,Machine Learning,Deep Learning|Machine Learning|PyTorch,High,5.9,10.8,Delhi,2026-03-01T17:00,2026-03-02T03:48
T03277,Cloud/DevOps,Kubernetes|Python,Low,3.8,29.4,Mumbai,2026-05-02T09:00,2026-05-03T14:24
T03278,Testing,Selenium|Python|Java,Critical,4.0,5.6,Mumbai,2026-04-20T18:00,2026-04-20T23:36
T03279,Machine Learning,Machine Learning|PyTorch|SQL,High,2.6,7.1,Coimbatore,2026-08-22T14:00,2026-08-22T21:06
T03280,Software Development,Java|Python|JavaScript,High,4.5,7.1,Bangalore,2026-04-29T09:00,2026-04-29T16:06
T03281,Support,Azure|Java|Linux,High,9.5,17.3,Remote,2026-06-11T16:00,2026-06-12T09:18
T03282,Data Engineering,AWS|Python|SQL,Medium,2.8,12.0,Kolkata,2026-01-25T05:00,2026-01-25T17:00
T03283,Machine Learning,SQL|Deep Learning|PyTorch,Medium,7.7,32.5,Delhi,2026-04-29T16:00,2026-05-01T00:30
T03284,Data Engineering,Python,High,18.2,47.0,Mumbai,2026-08-19T05:00,2026-08-21T04:00
T03285,Bug Fix,Java,High,8.2,15.4,Hyderabad,2026-07-24T12:00,2026-07-25T03:24
T03286,Testing,Python|Java,High,9.3,25.0,Remote,2026-05-15T06:00,2026-05-16T07:00
T03287,Testing,Java,High,7.2,12.4,Kolkata,2026-02-02T02:00,2026-02-02T14:24
T03288,Support,Java,Medium,6.3,22.2,Kolkata,2026-05-17T05:00,2026-05-18T03:12
T03289,Cloud/DevOps,Kubernetes|AWS|Linux,High,3.7,7.6,Chennai,2026-07-06T12:00,2026-07-06T19:36
T03290,Software Development,Java|C++|React,Medium,10.5,44.0,Delhi,2026-01-06T05:00,2026-01-08T01:00
T03291,Database,MongoDB|Java,Medium,6.3,15.7,Pune,2026-08-09T16:00,2026-08-10T07:42
T03292,Software Development,JavaScript,Medium,5.6,14.3,Pune,2026-06-08T05:00,2026-06-08T19:18
T03293,Cloud/DevOps,Python|Kubernetes|Docker,Critical,8.2,13.3,Hyderabad,2026-05-10T14:00,2026-05-11T03:18
T03294,Bug Fix,JavaScript|Spring Boot,Medium,9.9,23.0,Kolkata,2026-04-25T00:00,2026-04-25T23:00
T03295,Cybersecurity,Azure|Python,Critical,4.3,4.8,Hyderabad,2026-05-16T12:00,2026-05-16T16:48
T03296,Database,MongoDB|PostgreSQL|SQL,Medium,5.4,15.0,Bangalore,2026-03-17T02:00,2026-03-17T17:00
T03297,Software Development,Python|C++|Spring Boot,Medium,7.9,27.2,Remote,2026-01-31T12:00,2026-02-01T15:12
T03298,Cloud/DevOps,Azure|Kubernetes|Python,Medium,5.5,12.2,Bangalore,2026-08-05T17:00,2026-08-06T05:12
T03299,Testing,Selenium,Medium,3.1,12.0,Chennai,2026-05-28T00:00,2026-05-28T12:00
T03300,Machine Learning,SQL|Machine Learning,Medium,3.0,12.0,Coimbatore,2026-07-31T23:00,2026-08-01T11:00
T03301,Testing,SQL|Java|Python,Medium,5.7,22.5,Remote,2026-08-19T08:00,2026-08-20T06:30
T03302,Machine Learning,Python|PyTorch|TensorFlow,Medium,4.4,14.8,Remote,2026-04-23T11:00,2026-04-24T01:48
T03303,Software Development,Node.js|Python,Medium,5.2,19.2,Delhi,2026-01-09T13:00,2026-01-10T08:12
T03304,Software Development,Node.js|Spring Boot|JavaScript,Medium,5.5,22.3,Mumbai,2026-08-22T22:00,2026-08-23T20:18
T03305,Support,Java|AWS,Medium,8.8,32.7,Bangalore,2026-01-06T23:00,2026-01-08T07:42
T03306,Cybersecurity,Linux|Azure|Cybersecurity,Medium,7.4,20.2,Pune,2026-05-10T01:00,2026-05-10T21:12
T03307,Support,AWS|Linux|Python,Critical,7.6,9.3,Hyderabad,2026-05-22T07:00,2026-05-22T16:18
T03308,Testing,SQL|JavaScript,Low,3.4,24.0,Remote,2026-03-28T20:00,2026-03-29T20:00
T03309,Cybersecurity,AWS|Linux|Python,High,4.3,9.8,Remote,2026-01-17T19:00,2026-01-18T04:48
T03310,Data Engineering,Spark|AWS,High,11.1,27.0,Coimbatore,2026-06-11T02:00,2026-06-12T05:00
T03311,Cybersecurity,Python|AWS|Cybersecurity,Medium,5.1,18.8,Remote,2026-06-27T21:00,2026-06-28T15:48
T03312,Machine Learning,PyTorch,Medium,3.3,13.9,Pune,2026-03-20T03:00,2026-03-20T16:54
T03313,Cybersecurity,Cybersecurity|Linux|Python,High,11.4,25.5,Hyderabad,2026-06-10T10:00,2026-06-11T11:30
T03314,Support,SQL,High,8.5,22.9,Coimbatore,2026-08-04T23:00,2026-08-05T21:54
T03315,Machine Learning,PyTorch,High,3.2,6.5,Hyderabad,2026-05-12T23:00,2026-05-13T05:30
T03316,Machine Learning,TensorFlow,High,9.4,18.2,Chennai,2026-01-26T08:00,2026-01-27T02:12
T03317,Support,SQL,Medium,3.8,13.9,Delhi,2026-07-23T00:00,2026-07-23T13:54
T03318,Data Engineering,Python,Medium,5.3,24.1,Hyderabad,2026-06-15T13:00,2026-06-16T13:06
T03319,Database,MongoDB|Python,Critical,9.9,15.4,Coimbatore,2026-02-03T17:00,2026-02-04T08:24
T03320,Cybersecurity,Linux|Azure,Critical,10.7,13.7,Hyderabad,2026-06-08T09:00,2026-06-08T22:42
T03321,Database,MongoDB,Critical,3.6,4.7,Remote,2026-06-24T13:00,2026-06-24T17:42
T03322,Bug Fix,C++|Java,High,7.8,13.3,Bangalore,2026-02-09T17:00,2026-02-10T06:18
T03323,Data Engineering,Spark,Low,7.9,52.6,Remote,2026-07-02T07:00,2026-07-04T11:36
T03324,Support,Linux|Java|SQL,Medium,4.6,18.4,Chennai,2026-01-04T16:00,2026-01-05T10:24
T03325,Cloud/DevOps,Python|Azure|Linux,Medium,3.9,15.8,Mumbai,2026-01-09T21:00,2026-01-10T12:48
T03326,Database,PostgreSQL|MongoDB,Low,5.4,35.8,Bangalore,2026-03-06T04:00,2026-03-07T15:48
T03327,Machine Learning,TensorFlow,Medium,3.4,12.0,Delhi,2026-06-30T23:00,2026-07-01T11:00
T03328,Support,Azure|Linux,Critical,4.6,7.9,Bangalore,2026-06-10T05:00,2026-06-10T12:54
T03329,Database,SQL,Medium,9.9,38.8,Chennai,2026-05-28T22:00,2026-05-30T12:48
T03330,Software Development,C++|Python,Low,6.5,24.0,Mumbai,2026-04-07T22:00,2026-04-08T22:00
T03331,Database,MongoDB|SQL,Medium,6.0,17.2,Kolkata,2026-01-10T18:00,2026-01-11T11:12
T03332,Software Development,C++,Medium,4.2,14.6,Chennai,2026-06-02T19:00,2026-06-03T09:36
T03333,Machine Learning,SQL,Medium,4.7,12.0,Remote,2026-07-11T05:00,2026-07-11T17:00
T03334,Cloud/DevOps,Python|AWS,Low,10.5,55.4,Remote,2026-03-21T15:00,2026-03-23T22:24
T03335,Machine Learning,Machine Learning|PyTorch|SQL,Medium,2.3,12.0,Bangalore,2026-06-01T11:00,2026-06-01T23:00
T03336,Cloud/DevOps,AWS,High,10.7,17.2,Remote,2026-01-05T02:00,2026-01-05T19:12
T03337,Software Development,Java|Python,Medium,5.5,22.1,Pune,2026-07-23T23:00,2026-07-24T21:06
T03338,Bug Fix,Java|Spring Boot|SQL,High,4.6,12.5,Kolkata,2026-06-12T09:00,2026-06-12T21:30
T03339,Cybersecurity,Azure|AWS|Cybersecurity,High,8.1,12.8,Remote,2026-07-13T19:00,2026-07-14T07:48
T03340,Testing,Python|Selenium|SQL,Medium,6.9,15.1,Coimbatore,2026-01-09T23:00,2026-01-10T14:06
T03341,Testing,SQL|JavaScript,High,5.2,14.8,Remote,2026-02-04T10:00,2026-02-05T00:48
T03342,Data Engineering,AWS|PostgreSQL,High,5.5,15.9,Kolkata,2026-04-26T20:00,2026-04-27T11:54
T03343,Software Development,Python,High,6.4,19.1,Hyderabad,2026-06-09T16:00,2026-06-10T11:06
T03344,Database,PostgreSQL|Python|Java,High,5.1,8.8,Remote,2026-04-15T14:00,2026-04-15T22:48
T03345,Data Engineering,Spark|AWS|PostgreSQL,High,4.8,8.5,Kolkata,2026-05-01T23:00,2026-05-02T07:30
T03346,Machine Learning,SQL,High,6.7,19.1,Chennai,2026-02-28T21:00,2026-03-01T16:06
T03347,Machine Learning,PyTorch|TensorFlow|SQL,Medium,7.1,30.5,Pune,2026-07-29T09:00,2026-07-30T15:30
T03348,Testing,Java|SQL,Medium,6.4,27.4,Mumbai,2026-07-02T13:00,2026-07-03T16:24
T03349,Machine Learning,Python|PyTorch|TensorFlow,High,4.2,7.3,Hyderabad,2026-02-15T01:00,2026-02-15T08:18
T03350,Machine Learning,Deep Learning,High,5.6,14.9,Coimbatore,2026-04-25T04:00,2026-04-25T18:54
T03351,Data Engineering,Spark,Medium,8.7,21.9,Remote,2026-03-31T17:00,2026-04-01T14:54
T03352,Cybersecurity,Linux,Medium,5.7,16.0,Mumbai,2026-07-10T08:00,2026-07-11T00:00
T03353,Testing,Python,High,3.8,10.8,Pune,2026-02-10T09:00,2026-02-10T19:48
T03354,Cloud/DevOps,Python|Docker,Medium,11.6,41.7,Pune,2026-04-11T09:00,2026-04-13T02:42
T03355,Testing,Java|Selenium,High,2.5,6.0,Delhi,2026-03-03T16:00,2026-03-03T22:00
T03356,Database,Java|PostgreSQL|Python,High,4.0,11.3,Kolkata,2026-04-04T14:00,2026-04-05T01:18
T03357,Testing,Java|Python,Medium,13.7,63.7,Mumbai,2026-03-01T14:00,2026-03-04T05:42
T03358,Bug Fix,Python|Java,Low,5.1,24.7,Coimbatore,2026-08-09T14:00,2026-08-10T14:42
T03359,Machine Learning,TensorFlow|PyTorch,Medium,7.2,21.7,Kolkata,2026-06-30T22:00,2026-07-01T19:42
T03360,Data Engineering,Spark|SQL,Critical,2.9,3.5,Delhi,2026-07-10T17:00,2026-07-10T20:30
T03361,Machine Learning,TensorFlow|PyTorch|SQL,Critical,3.4,6.1,Coimbatore,2026-04-13T17:00,2026-04-13T23:06
T03362,Cybersecurity,AWS,Medium,8.2,34.2,Delhi,2026-04-03T01:00,2026-04-04T11:12
T03363,Cybersecurity,AWS,Critical,12.0,14.4,Coimbatore,2026-07-23T10:00,2026-07-24T00:24
T03364,Database,SQL|Python|PostgreSQL,Low,5.6,24.0,Coimbatore,2026-06-27T11:00,2026-06-28T11:00
T03365,Cloud/DevOps,Azure,High,4.0,6.0,Pune,2026-02-26T14:00,2026-02-26T20:00
T03366,Data Engineering,SQL|AWS,Critical,7.0,12.6,Remote,2026-01-19T08:00,2026-01-19T20:36
T03367,Data Engineering,SQL,Low,5.5,37.1,Remote,2026-03-19T19:00,2026-03-21T08:06
T03368,Testing,Python,Low,5.7,28.0,Remote,2026-07-07T10:00,2026-07-08T14:00
T03369,Database,MongoDB|PostgreSQL|SQL,Critical,7.0,9.1,Pune,2026-08-06T16:00,2026-08-07T01:06
T03370,Testing,Selenium|SQL,Medium,5.9,26.7,Delhi,2026-02-16T22:00,2026-02-18T00:42
T03371,Cloud/DevOps,Docker|Azure|Python,High,9.0,19.7,Mumbai,2026-01-24T11:00,2026-01-25T06:42
T03372,Database,Python|PostgreSQL|Java,High,6.6,12.2,Mumbai,2026-08-14T13:00,2026-08-15T01:12
T03373,Database,Java|Python,High,7.1,19.5,Delhi,2026-04-18T16:00,2026-04-19T11:30
T03374,Cybersecurity,AWS,Medium,6.6,24.8,Remote,2026-06-01T18:00,2026-06-02T18:48
T03375,Support,Java,Low,2.0,24.0,Hyderabad,2026-04-04T10:00,2026-04-05T10:00
T03376,Cybersecurity,Cybersecurity|Linux|Python,Medium,6.4,24.9,Delhi,2026-04-27T18:00,2026-04-28T18:54
T03377,Software Development,React|Python|JavaScript,Medium,4.5,12.0,Kolkata,2026-05-26T14:00,2026-05-27T02:00
T03378,Bug Fix,Java,Low,6.0,24.0,Bangalore,2026-04-22T20:00,2026-04-23T20:00
T03379,Testing,Python|Selenium|JavaScript,Low,5.1,28.1,Remote,2026-05-10T23:00,2026-05-12T03:06
T03380,Machine Learning,TensorFlow|Deep Learning,Medium,4.2,12.0,Kolkata,2026-08-05T12:00,2026-08-06T00:00
T03381,Cloud/DevOps,Kubernetes,High,4.9,10.0,Mumbai,2026-07-22T00:00,2026-07-22T10:00
T03382,Machine Learning,Deep Learning|PyTorch,High,8.6,24.8,Bangalore,2026-06-06T23:00,2026-06-07T23:48
T03383,Bug Fix,Python,Critical,9.3,15.4,Chennai,2026-04-24T02:00,2026-04-24T17:24
T03384,Database,PostgreSQL|Java,High,7.2,12.7,Pune,2026-01-29T11:00,2026-01-29T23:42
T03385,Cybersecurity,Linux|Azure,High,5.4,15.2,Remote,2026-07-12T09:00,2026-07-13T00:12
T03386,Software Development,Java,High,7.3,11.4,Chennai,2026-07-30T19:00,2026-07-31T06:24
T03387,Support,SQL|Java,Medium,3.2,12.0,Mumbai,2026-01-21T11:00,2026-01-21T23:00
T03388,Support,SQL|Linux,High,7.1,18.2,Mumbai,2026-03-17T22:00,2026-03-18T16:12
T03389,Testing,Selenium|Python,Low,5.6,24.4,Remote,2026-02-25T08:00,2026-02-26T08:24
T03390,Data Engineering,PostgreSQL,High,3.0,6.7,Kolkata,2026-05-02T06:00,2026-05-02T12:42
T03391,Database,Java,Medium,5.2,19.8,Hyderabad,2026-03-06T20:00,2026-03-07T15:48
T03392,Machine Learning,PyTorch|Python|Deep Learning,Low,8.1,44.7,Mumbai,2026-08-14T07:00,2026-08-16T03:42
T03393,Testing,JavaScript,High,3.4,9.5,Chennai,2026-04-11T00:00,2026-04-11T09:30
T03394,Data Engineering,Python|AWS|SQL,Low,5.7,24.0,Bangalore,2026-08-16T08:00,2026-08-17T08:00
T03395,Bug Fix,Node.js,Medium,4.7,19.6,Delhi,2026-08-22T21:00,2026-08-23T16:36
T03396,Database,Python|PostgreSQL,High,5.2,10.1,Remote,2026-06-20T14:00,2026-06-21T00:06
T03397,Machine Learning,PyTorch|Python,High,13.0,23.4,Coimbatore,2026-01-21T05:00,2026-01-22T04:24
T03398,Software Development,React,High,6.6,12.2,Chennai,2026-02-07T04:00,2026-02-07T16:12
T03399,Data Engineering,Azure,Medium,15.9,41.6,Coimbatore,2026-07-03T19:00,2026-07-05T12:36
T03400,Support,Java|SQL,Medium,4.2,13.8,Delhi,2026-04-17T15:00,2026-04-18T04:48
T03401,Cybersecurity,Python|Cybersecurity,Medium,2.6,12.0,Bangalore,2026-01-06T05:00,2026-01-06T17:00
T03402,Cybersecurity,Azure|Linux,High,4.8,12.2,Remote,2026-02-07T00:00,2026-02-07T12:12
T03403,Machine Learning,Machine Learning,Medium,2.7,12.1,Bangalore,2026-06-05T04:00,2026-06-05T16:06
T03404,Data Engineering,Python|SQL|AWS,High,8.4,20.4,Kolkata,2026-04-29T02:00,2026-04-29T22:24
T03405,Bug Fix,JavaScript,Medium,6.4,27.5,Remote,2026-06-08T02:00,2026-06-09T05:30
T03406,Testing,Python|Selenium|Java,High,4.4,11.5,Remote,2026-01-30T06:00,2026-01-30T17:30
T03407,Cloud/DevOps,Python|Docker,Critical,4.8,5.8,Remote,2026-04-05T16:00,2026-04-05T21:48
T03408,Software Development,Java|JavaScript,Medium,4.9,14.7,Kolkata,2026-01-03T09:00,2026-01-03T23:42
T03409,Bug Fix,Node.js|Spring Boot|C++,Medium,5.3,24.8,Pune,2026-01-04T13:00,2026-01-05T13:48
T03410,Database,Java,High,4.0,10.6,Mumbai,2026-05-09T15:00,2026-05-10T01:36
T03411,Data Engineering,Azure|Python|AWS,High,5.1,11.3,Chennai,2026-01-16T13:00,2026-01-17T00:18
T03412,Database,MongoDB,High,5.0,8.3,Coimbatore,2026-08-06T04:00,2026-08-06T12:18
T03413,Testing,SQL,Medium,2.4,12.0,Pune,2026-03-18T00:00,2026-03-18T12:00
T03414,Database,PostgreSQL|Python,Medium,9.0,37.2,Hyderabad,2026-04-30T20:00,2026-05-02T09:12
T03415,Support,Python|AWS,Medium,3.7,12.0,Delhi,2026-02-13T05:00,2026-02-13T17:00
T03416,Support,Java,Medium,5.5,17.0,Delhi,2026-06-28T05:00,2026-06-28T22:00
T03417,Cybersecurity,AWS,Medium,4.7,14.9,Delhi,2026-08-20T13:00,2026-08-21T03:54
T03418,Software Development,Node.js|JavaScript,Medium,7.1,33.5,Hyderabad,2026-08-07T13:00,2026-08-08T22:30
T03419,Cloud/DevOps,Azure|Python,Low,6.1,36.8,Coimbatore,2026-03-13T01:00,2026-03-14T13:48
T03420,Data Engineering,SQL,High,5.3,14.7,Pune,2026-07-22T22:00,2026-07-23T12:42
T03421,Cybersecurity,AWS|Python|Azure,Medium,8.9,34.0,Delhi,2026-07-10T20:00,2026-07-12T06:00
T03422,Bug Fix,Spring Boot|Python|Java,Medium,6.0,24.8,Delhi,2026-03-10T00:00,2026-03-11T00:48
T03423,Data Engineering,Spark,High,8.2,13.9,Chennai,2026-07-15T04:00,2026-07-15T17:54
T03424,Data Engineering,Spark|PostgreSQL,Medium,5.9,13.7,Remote,2026-02-11T12:00,2026-02-12T01:42
T03425,Support,Linux|Python,Critical,12.3,16.7,Mumbai,2026-02-01T06:00,2026-02-01T22:42
T03426,Cybersecurity,AWS,High,4.0,7.2,Mumbai,2026-03-19T14:00,2026-03-19T21:12
T03427,Database,Python|MongoDB,Medium,6.8,14.9,Pune,2026-06-17T17:00,2026-06-18T07:54
T03428,Software Development,C++,High,5.9,15.5,Pune,2026-01-04T05:00,2026-01-04T20:30
T03429,Data Engineering,PostgreSQL|Spark|Azure,Medium,7.8,32.6,Mumbai,2026-06-29T03:00,2026-06-30T11:36
T03430,Bug Fix,Node.js,Medium,13.9,57.8,Mumbai,2026-05-22T09:00,2026-05-24T18:48
T03431,Cybersecurity,Cybersecurity,Medium,3.1,12.4,Coimbatore,2026-06-22T22:00,2026-06-23T10:24
T03432,Bug Fix,Python|Node.js|Java,Medium,5.4,17.2,Remote,2026-02-05T12:00,2026-02-06T05:12
T03433,Database,Java,Low,4.3,31.2,Remote,2026-04-15T01:00,2026-04-16T08:12
T03434,Testing,Selenium|Java,Medium,8.6,35.7,Remote,2026-06-26T07:00,2026-06-27T18:42
T03435,Software Development,React,Medium,4.1,16.4,Coimbatore,2026-04-06T07:00,2026-04-06T23:24
T03436,Machine Learning,SQL,Medium,2.7,12.0,Mumbai,2026-08-14T16:00,2026-08-15T04:00
T03437,Database,Java,High,8.0,16.4,Remote,2026-05-22T21:00,2026-05-23T13:24
T03438,Support,Python,High,5.5,15.3,Remote,2026-06-05T14:00,2026-06-06T05:18
T03439,Support,SQL|AWS|Java,Medium,4.0,12.0,Chennai,2026-04-11T01:00,2026-04-11T13:00
T03440,Cloud/DevOps,Docker,Medium,5.6,20.8,Hyderabad,2026-01-26T13:00,2026-01-27T09:48
T03441,Bug Fix,SQL|JavaScript,Medium,8.1,38.1,Bangalore,2026-05-17T21:00,2026-05-19T11:06
T03442,Cybersecurity,Azure,High,9.1,21.3,Chennai,2026-02-16T01:00,2026-02-16T22:18
T03443,Testing,Python|JavaScript|Selenium,High,7.7,21.5,Kolkata,2026-02-15T02:00,2026-02-15T23:30
T03444,Cybersecurity,Cybersecurity|Linux,Critical,6.3,9.7,Chennai,2026-06-14T07:00,2026-06-14T16:42
T03445,Bug Fix,JavaScript|Node.js|SQL,High,8.9,15.2,Hyderabad,2026-01-12T23:00,2026-01-13T14:12
T03446,Cloud/DevOps,Azure|Kubernetes|AWS,Critical,6.5,7.9,Kolkata,2026-07-12T23:00,2026-07-13T06:54
T03447,Cybersecurity,Cybersecurity|Python,High,4.7,10.5,Chennai,2026-01-11T20:00,2026-01-12T06:30
T03448,Data Engineering,Azure,Low,6.5,50.2,Bangalore,2026-05-30T23:00,2026-06-02T01:12
T03449,Cybersecurity,AWS|Azure,Critical,2.7,3.3,Kolkata,2026-01-05T06:00,2026-01-05T09:18
T03450,Testing,JavaScript|Java,Critical,5.1,5.6,Coimbatore,2026-03-18T16:00,2026-03-18T21:36
T03451,Software Development,React|Spring Boot,High,5.9,16.5,Hyderabad,2026-07-18T02:00,2026-07-18T18:30
T03452,Cybersecurity,AWS|Cybersecurity,Medium,5.1,19.4,Coimbatore,2026-07-21T09:00,2026-07-22T04:24
T03453,Testing,JavaScript|Selenium|Python,Critical,5.3,7.8,Hyderabad,2026-05-15T08:00,2026-05-15T15:48
T03454,Software Development,Node.js|C++,Medium,3.0,12.0,Delhi,2026-08-15T00:00,2026-08-15T12:00
T03455,Cloud/DevOps,Kubernetes|Linux,High,8.3,18.9,Pune,2026-02-13T23:00,2026-02-14T17:54
T03456,Bug Fix,Spring Boot|Java,High,7.0,18.2,Chennai,2026-01-06T04:00,2026-01-06T22:12
T03457,Bug Fix,C++|Java|SQL,Medium,7.6,21.1,Kolkata,2026-01-10T02:00,2026-01-10T23:06
T03458,Testing,SQL|Python|Selenium,High,7.7,18.2,Chennai,2026-03-21T11:00,2026-03-22T05:12
T03459,Testing,Java,Low,9.4,46.0,Coimbatore,2026-07-09T15:00,2026-07-11T13:00
T03460,Machine Learning,Python,Medium,12.4,34.2,Bangalore,2026-06-29T02:00,2026-06-30T12:12
T03461,Bug Fix,Java,Critical,6.4,10.4,Remote,2026-05-03T17:00,2026-05-04T03:24
T03462,Software Development,JavaScript|Python|Node.js,Medium,8.7,29.1,Remote,2026-04-13T20:00,2026-04-15T01:06
T03463,Software Development,Spring Boot|Python|C++,Medium,6.4,20.8,Kolkata,2026-07-21T15:00,2026-07-22T11:48
T03464,Cybersecurity,AWS,High,10.4,30.2,Coimbatore,2026-05-14T05:00,2026-05-15T11:12
T03465,Testing,Java,Medium,9.5,25.2,Kolkata,2026-03-11T07:00,2026-03-12T08:12
T03466,Testing,Java|Selenium|Python,Low,4.4,28.4,Remote,2026-04-09T06:00,2026-04-10T10:24
T03467,Machine Learning,PyTorch|TensorFlow|Python,Medium,7.8,19.5,Chennai,2026-08-16T04:00,2026-08-16T23:30
T03468,Bug Fix,JavaScript|Node.js,Low,5.0,35.6,Coimbatore,2026-06-11T10:00,2026-06-12T21:36
T03469,Database,Python|SQL|PostgreSQL,Medium,4.7,16.4,Remote,2026-01-27T21:00,2026-01-28T13:24
T03470,Support,AWS|Linux|SQL,High,4.7,7.3,Remote,2026-02-16T23:00,2026-02-17T06:18
T03471,Data Engineering,Azure,High,5.4,9.0,Bangalore,2026-08-02T10:00,2026-08-02T19:00
T03472,Database,PostgreSQL|Python|Java,Medium,9.5,43.0,Kolkata,2026-04-02T06:00,2026-04-04T01:00
T03473,Cloud/DevOps,Python,High,4.6,12.2,Mumbai,2026-03-30T16:00,2026-03-31T04:12
T03474,Testing,JavaScript|Java,Critical,3.7,5.8,Remote,2026-06-01T17:00,2026-06-01T22:48
T03475,Software Development,Java|Node.js|JavaScript,Critical,7.5,8.8,Delhi,2026-07-16T02:00,2026-07-16T10:48
T03476,Machine Learning,PyTorch,High,3.3,6.4,Delhi,2026-06-12T23:00,2026-06-13T05:24
T03477,Software Development,JavaScript|Java|React,High,10.6,31.3,Remote,2026-06-19T03:00,2026-06-20T10:18
T03478,Support,Linux|SQL|Azure,Medium,5.2,22.2,Mumbai,2026-03-11T10:00,2026-03-12T08:12
T03479,Cybersecurity,Linux,Critical,3.3,4.4,Hyderabad,2026-06-24T03:00,2026-06-24T07:24
T03480,Machine Learning,PyTorch,Medium,3.6,16.8,Bangalore,2026-08-24T06:00,2026-08-24T22:48
T03481,Cloud/DevOps,AWS|Docker,Low,19.3,148.5,Bangalore,2026-04-06T13:00,2026-04-12T17:30
T03482,Machine Learning,PyTorch|Python|Machine Learning,High,5.7,14.2,Delhi,2026-05-18T17:00,2026-05-19T07:12
T03483,Support,Python|AWS|Azure,Critical,4.3,7.2,Hyderabad,2026-02-25T05:00,2026-02-25T12:12
T03484,Database,PostgreSQL,High,5.4,14.2,Bangalore,2026-08-05T07:00,2026-08-05T21:12
T03485,Support,AWS,Critical,4.6,7.0,Bangalore,2026-05-22T10:00,2026-05-22T17:00
T03486,Testing,Java,Critical,7.2,11.7,Chennai,2026-07-15T14:00,2026-07-16T01:42
T03487,Data Engineering,SQL|AWS,Medium,5.1,14.5,Remote,2026-05-15T02:00,2026-05-15T16:30
T03488,Data Engineering,AWS|Azure,High,4.2,6.5,Bangalore,2026-07-29T14:00,2026-07-29T20:30
T03489,Data Engineering,PostgreSQL|SQL,Medium,4.1,12.0,Kolkata,2026-06-22T18:00,2026-06-23T06:00
T03490,Support,Java|Python,Low,10.0,65.7,Bangalore,2026-07-18T04:00,2026-07-20T21:42
T03491,Machine Learning,SQL,High,3.3,9.2,Delhi,2026-02-01T21:00,2026-02-02T06:12
T03492,Cloud/DevOps,Docker|Azure,Medium,4.5,16.1,Remote,2026-07-03T09:00,2026-07-04T01:06
T03493,Machine Learning,PyTorch,Medium,5.0,17.8,Pune,2026-03-02T01:00,2026-03-02T18:48
T03494,Database,PostgreSQL|Python|SQL,Low,6.4,24.0,Bangalore,2026-05-16T05:00,2026-05-17T05:00
T03495,Data Engineering,Python|SQL|AWS,High,5.0,11.4,Pune,2026-05-15T21:00,2026-05-16T08:24
T03496,Database,Java|SQL,High,3.5,6.4,Chennai,2026-08-17T05:00,2026-08-17T11:24
T03497,Bug Fix,C++,Critical,3.5,5.7,Delhi,2026-03-20T10:00,2026-03-20T15:42
T03498,Data Engineering,Spark|Azure|AWS,Medium,7.3,34.6,Delhi,2026-03-03T10:00,2026-03-04T20:36
T03499,Data Engineering,Spark|Python|AWS,High,6.1,9.9,Delhi,2026-02-22T08:00,2026-02-22T17:54
T03500,Software Development,Spring Boot|Java|Python,High,9.2,22.0,Coimbatore,2026-05-22T21:00,2026-05-23T19:00
T03501,Testing,Python|Java|JavaScript,High,17.2,44.4,Bangalore,2026-06-01T07:00,2026-06-03T03:24
T03502,Testing,Selenium,Medium,7.4,21.2,Kolkata,2026-04-17T23:00,2026-04-18T20:12
T03503,Data Engineering,PostgreSQL,Medium,9.8,29.8,Pune,2026-03-17T18:00,2026-03-18T23:48
T03504,Database,SQL,High,3.0,6.0,Remote,2026-01-06T03:00,2026-01-06T09:00
T03505,Software Development,Python,High,3.4,9.8,Chennai,2026-05-09T07:00,2026-05-09T16:48
T03506,Cybersecurity,Cybersecurity|Python,Medium,4.6,12.0,Coimbatore,2026-05-26T15:00,2026-05-27T03:00
T03507,Bug Fix,Spring Boot|Node.js,High,4.0,6.4,Remote,2026-06-20T21:00,2026-06-21T03:24
T03508,Data Engineering,AWS|SQL,Medium,8.1,39.5,Remote,2026-07-08T22:00,2026-07-10T13:30
T03509,Cloud/DevOps,Azure|AWS|Docker,Low,6.3,44.6,Delhi,2026-01-26T00:00,2026-01-27T20:36
T03510,Cybersecurity,Python,Critical,5.9,9.4,Pune,2026-07-27T15:00,2026-07-28T00:24
T03511,Bug Fix,Node.js,Medium,7.1,15.2,Bangalore,2026-07-25T05:00,2026-07-25T20:12
T03512,Testing,SQL|Java|Selenium,Medium,6.0,12.9,Hyderabad,2026-06-16T09:00,2026-06-16T21:54
T03513,Cybersecurity,Python|Linux,Medium,6.5,27.3,Mumbai,2026-06-14T20:00,2026-06-15T23:18
T03514,Software Development,Python,Critical,6.3,10.6,Pune,2026-06-29T10:00,2026-06-29T20:36
T03515,Cybersecurity,Linux|Azure|Python,High,6.4,12.8,Chennai,2026-07-10T08:00,2026-07-10T20:48
T03516,Support,Azure|SQL,Medium,3.5,12.8,Hyderabad,2026-04-04T08:00,2026-04-04T20:48
T03517,Database,SQL,Low,3.8,24.0,Remote,2026-06-09T15:00,2026-06-10T15:00
T03518,Machine Learning,Python|SQL|TensorFlow,Low,4.4,28.2,Remote,2026-08-25T04:00,2026-08-26T08:12
T03519,Testing,SQL|Python|JavaScript,Critical,8.7,14.3,Remote,2026-08-24T03:00,2026-08-24T17:18
T03520,Cybersecurity,Cybersecurity|AWS,Low,4.4,30.1,Kolkata,2026-05-10T12:00,2026-05-11T18:06
T03521,Bug Fix,Java,Medium,6.3,22.4,Hyderabad,2026-04-01T06:00,2026-04-02T04:24
T03522,Data Engineering,SQL|AWS,High,6.6,12.9,Remote,2026-06-21T09:00,2026-06-21T21:54
T03523,Cloud/DevOps,Kubernetes,Low,4.2,24.0,Kolkata,2026-03-26T16:00,2026-03-27T16:00
T03524,Data Engineering,PostgreSQL|Azure|Spark,Critical,9.2,14.9,Delhi,2026-05-08T20:00,2026-05-09T10:54
T03525,Cybersecurity,Azure|Cybersecurity,Medium,6.3,17.2,Delhi,2026-03-09T09:00,2026-03-10T02:12
T03526,Data Engineering,AWS|SQL|Azure,Low,4.6,24.0,Delhi,2026-04-02T17:00,2026-04-03T17:00
T03527,Support,AWS|Java|Linux,Medium,9.1,41.8,Coimbatore,2026-01-15T15:00,2026-01-17T08:48
T03528,Testing,JavaScript|SQL|Python,Medium,10.0,34.7,Kolkata,2026-01-30T01:00,2026-01-31T11:42
T03529,Software Development,C++|Node.js,Critical,5.8,7.6,Delhi,2026-06-08T11:00,2026-06-08T18:36
T03530,Database,PostgreSQL|Python,Low,8.0,37.7,Hyderabad,2026-04-26T04:00,2026-04-27T17:42
T03531,Support,AWS|SQL|Azure,Medium,7.8,18.2,Kolkata,2026-05-18T09:00,2026-05-19T03:12
T03532,Cybersecurity,Python|Linux|Cybersecurity,Medium,7.3,16.9,Remote,2026-04-18T11:00,2026-04-19T03:54
T03533,Support,Azure|Python,High,7.6,21.9,Remote,2026-08-14T17:00,2026-08-15T14:54
T03534,Cybersecurity,Azure|AWS,Medium,5.4,12.0,Chennai,2026-02-04T19:00,2026-02-05T07:00
T03535,Support,Python|AWS,Critical,2.4,2.8,Bangalore,2026-04-01T09:00,2026-04-01T11:48
T03536,Cloud/DevOps,Python|Azure,Medium,11.3,26.6,Kolkata,2026-05-12T19:00,2026-05-13T21:36
T03537,Support,Java|Linux|Azure,Medium,6.9,32.0,Chennai,2026-07-12T06:00,2026-07-13T14:00
T03538,Support,SQL|Java,High,6.4,13.1,Kolkata,2026-08-07T04:00,2026-08-07T17:06
T03539,Software Development,C++|JavaScript|Python,Medium,5.6,16.6,Remote,2026-03-19T19:00,2026-03-20T11:36
T03540,Database,Python,High,5.3,10.0,Remote,2026-05-19T02:00,2026-05-19T12:00
T03541,Testing,Python|Selenium|SQL,Low,5.6,24.0,Coimbatore,2026-02-02T23:00,2026-02-03T23:00
T03542,Cybersecurity,Cybersecurity|AWS,High,6.6,14.0,Bangalore,2026-01-18T18:00,2026-01-19T08:00
T03543,Support,Azure|Java|AWS,Medium,3.8,13.1,Remote,2026-03-02T14:00,2026-03-03T03:06
T03544,Cloud/DevOps,Python,Critical,5.9,8.2,Mumbai,2026-02-21T07:00,2026-02-21T15:12
T03545,Database,MongoDB|Python|Java,High,3.3,9.5,Chennai,2026-04-05T12:00,2026-04-05T21:30
T03546,Cloud/DevOps,Linux,High,2.7,6.4,Delhi,2026-08-28T14:00,2026-08-28T20:24
T03547,Database,SQL|MongoDB,Medium,4.3,12.0,Pune,2026-08-25T23:00,2026-08-26T11:00
T03548,Software Development,Java|Python,Medium,4.9,12.0,Delhi,2026-03-18T23:00,2026-03-19T11:00
T03549,Database,PostgreSQL|Python,High,3.7,11.1,Kolkata,2026-06-19T01:00,2026-06-19T12:06
T03550,Database,PostgreSQL|MongoDB,Low,2.6,24.0,Remote,2026-02-05T09:00,2026-02-06T09:00
T03551,Testing,JavaScript,Medium,5.3,25.4,Bangalore,2026-01-09T09:00,2026-01-10T10:24
T03552,Software Development,Spring Boot,Medium,4.9,19.2,Hyderabad,2026-05-31T00:00,2026-05-31T19:12
T03553,Bug Fix,Node.js|JavaScript,Critical,4.3,5.7,Chennai,2026-07-16T11:00,2026-07-16T16:42
T03554,Cybersecurity,Azure|Linux,Critical,7.0,12.1,Mumbai,2026-04-07T21:00,2026-04-08T09:06
T03555,Cloud/DevOps,Python,High,5.5,10.4,Remote,2026-08-29T07:00,2026-08-29T17:24
T03556,Machine Learning,Machine Learning,Medium,9.2,30.5,Delhi,2026-06-11T05:00,2026-06-12T11:30
T03557,Testing,Selenium|Python|JavaScript,High,4.5,13.3,Coimbatore,2026-04-21T14:00,2026-04-22T03:18
T03558,Cybersecurity,Python|Linux|AWS,Medium,5.6,17.3,Coimbatore,2026-08-25T10:00,2026-08-26T03:18
T03559,Support,Java,Medium,4.4,19.0,Kolkata,2026-03-24T05:00,2026-03-25T00:00
T03560,Support,Java|Azure,Medium,5.1,15.0,Chennai,2026-07-10T19:00,2026-07-11T10:00
T03561,Software Development,JavaScript|Spring Boot|C++,Critical,3.3,4.8,Pune,2026-05-31T17:00,2026-05-31T21:48
T03562,Bug Fix,SQL,Medium,13.4,60.5,Remote,2026-04-10T02:00,2026-04-12T14:30
T03563,Cybersecurity,Linux|Python|AWS,Medium,3.8,12.0,Chennai,2026-07-21T12:00,2026-07-22T00:00
T03564,Cybersecurity,Linux|Python|AWS,Medium,4.9,21.0,Remote,2026-01-13T07:00,2026-01-14T04:00
T03565,Cloud/DevOps,Linux,Medium,8.9,26.7,Coimbatore,2026-06-02T20:00,2026-06-03T22:42
T03566,Database,MongoDB,High,6.1,9.8,Kolkata,2026-03-01T07:00,2026-03-01T16:48
T03567,Data Engineering,SQL,Critical,5.6,7.2,Delhi,2026-05-25T19:00,2026-05-26T02:12
T03568,Cloud/DevOps,Python,High,5.5,9.5,Bangalore,2026-01-27T15:00,2026-01-28T00:30
T03569,Testing,Selenium|JavaScript,Critical,7.2,11.6,Coimbatore,2026-02-13T21:00,2026-02-14T08:36
T03570,Support,Java|SQL|Azure,Medium,7.2,33.1,Coimbatore,2026-07-30T10:00,2026-07-31T19:06
T03571,Cybersecurity,Cybersecurity|AWS|Python,Medium,8.7,17.9,Remote,2026-02-16T17:00,2026-02-17T10:54
T03572,Software Development,C++|Spring Boot,Critical,6.1,7.9,Hyderabad,2026-07-05T07:00,2026-07-05T14:54
T03573,Testing,Selenium|Python|JavaScript,Medium,11.0,51.5,Mumbai,2026-03-16T07:00,2026-03-18T10:30
T03574,Machine Learning,SQL|PyTorch,High,11.4,27.2,Chennai,2026-05-09T22:00,2026-05-11T01:12
T03575,Data Engineering,SQL,Critical,6.6,11.4,Coimbatore,2026-08-06T00:00,2026-08-06T11:24
T03576,Testing,SQL|JavaScript,High,4.4,11.3,Mumbai,2026-02-25T05:00,2026-02-25T16:18
T03577,Support,Python,High,4.2,9.8,Pune,2026-07-13T13:00,2026-07-13T22:48
T03578,Cloud/DevOps,AWS|Azure|Kubernetes,Low,2.8,24.0,Delhi,2026-07-19T23:00,2026-07-20T23:00
T03579,Cybersecurity,Python|AWS|Azure,Critical,3.6,4.9,Remote,2026-05-07T11:00,2026-05-07T15:54
T03580,Bug Fix,Java,Medium,6.6,14.3,Hyderabad,2026-08-05T00:00,2026-08-05T14:18
T03581,Cybersecurity,Cybersecurity|AWS,Medium,3.4,15.7,Remote,2026-06-21T11:00,2026-06-22T02:42
T03582,Machine Learning,Machine Learning,High,5.9,17.0,Delhi,2026-04-21T14:00,2026-04-22T07:00
T03583,Machine Learning,PyTorch|Deep Learning|SQL,Medium,4.8,16.9,Chennai,2026-02-04T01:00,2026-02-04T17:54
T03584,Cloud/DevOps,Azure|Linux|Python,Medium,12.6,39.1,Pune,2026-08-24T03:00,2026-08-25T18:06
T03585,Database,Java|MongoDB|Python,Medium,6.1,12.5,Remote,2026-02-18T10:00,2026-02-18T22:30
T03586,Cloud/DevOps,Linux|Azure,Medium,8.2,36.3,Kolkata,2026-05-12T03:00,2026-05-13T15:18
T03587,Data Engineering,SQL,Medium,2.1,12.0,Hyderabad,2026-05-30T01:00,2026-05-30T13:00
T03588,Bug Fix,Python|Node.js|C++,High,7.3,17.1,Chennai,2026-03-29T04:00,2026-03-29T21:06
T03589,Data Engineering,Python|Azure|PostgreSQL,Medium,6.9,16.5,Pune,2026-02-25T07:00,2026-02-25T23:30
T03590,Software Development,Spring Boot,Medium,7.9,26.6,Mumbai,2026-05-05T05:00,2026-05-06T07:36
T03591,Machine Learning,Python|Deep Learning,High,6.6,12.0,Hyderabad,2026-08-17T00:00,2026-08-17T12:00
T03592,Bug Fix,Spring Boot|C++|SQL,Critical,12.8,22.0,Delhi,2026-08-28T09:00,2026-08-29T07:00
T03593,Database,MongoDB|Python|PostgreSQL,High,9.0,20.9,Remote,2026-08-07T17:00,2026-08-08T13:54
T03594,Machine Learning,TensorFlow|PyTorch|Machine Learning,Medium,11.3,37.8,Kolkata,2026-03-27T19:00,2026-03-29T08:48
T03595,Cloud/DevOps,Azure|Python|Docker,Low,4.3,33.1,Bangalore,2026-08-01T07:00,2026-08-02T16:06
T03596,Testing,Python,High,5.9,10.5,Kolkata,2026-02-16T02:00,2026-02-16T12:30
T03597,Cloud/DevOps,Python|Docker,Low,6.9,27.1,Coimbatore,2026-03-28T11:00,2026-03-29T14:06
T03598,Support,Python|SQL,Medium,4.9,18.4,Delhi,2026-04-07T14:00,2026-04-08T08:24
T03599,Database,Java|MongoDB|SQL,High,7.6,21.7,Remote,2026-07-02T17:00,2026-07-03T14:42
T03600,Machine Learning,SQL|PyTorch,High,3.3,6.0,Delhi,2026-07-11T16:00,2026-07-11T22:00
T03601,Machine Learning,PyTorch|Machine Learning|Deep Learning,Medium,6.8,33.8,Mumbai,2026-07-17T01:00,2026-07-18T10:48
T03602,Cybersecurity,AWS,High,8.1,23.7,Delhi,2026-04-17T08:00,2026-04-18T07:42
T03603,Database,SQL|Python|Java,High,7.4,13.6,Remote,2026-06-02T07:00,2026-06-02T20:36
T03604,Testing,Python|Java|JavaScript,Critical,3.1,5.0,Bangalore,2026-04-22T12:00,2026-04-22T17:00
T03605,Cloud/DevOps,AWS|Python|Docker,Medium,5.9,14.2,Hyderabad,2026-03-20T18:00,2026-03-21T08:12
T03606,Cybersecurity,Python|AWS,High,7.2,16.8,Bangalore,2026-06-22T19:00,2026-06-23T11:48
T03607,Software Development,Node.js,High,4.0,9.0,Delhi,2026-02-16T12:00,2026-02-16T21:00
T03608,Cybersecurity,Cybersecurity|AWS|Azure,Medium,4.9,14.8,Pune,2026-08-17T07:00,2026-08-17T21:48
T03609,Software Development,Spring Boot|React|C++,Low,9.5,66.7,Remote,2026-07-19T06:00,2026-07-22T00:42
T03610,Software Development,JavaScript|Spring Boot|C++,Medium,5.9,14.6,Bangalore,2026-01-04T01:00,2026-01-04T15:36
T03611,Testing,JavaScript|SQL|Java,Medium,8.3,36.9,Hyderabad,2026-06-15T12:00,2026-06-17T00:54
T03612,Cloud/DevOps,Kubernetes,Low,5.4,24.0,Hyderabad,2026-01-16T16:00,2026-01-17T16:00
T03613,Machine Learning,Deep Learning,Medium,5.5,18.4,Kolkata,2026-03-29T18:00,2026-03-30T12:24
T03614,Database,MongoDB,Critical,7.7,12.8,Mumbai,2026-06-20T06:00,2026-06-20T18:48
T03615,Database,SQL|PostgreSQL,High,7.1,13.4,Kolkata,2026-07-01T23:00,2026-07-02T12:24
T03616,Bug Fix,C++|SQL|Python,High,6.4,17.7,Delhi,2026-06-13T07:00,2026-06-14T00:42
T03617,Cybersecurity,AWS|Python|Linux,Medium,9.6,25.8,Delhi,2026-05-15T12:00,2026-05-16T13:48
T03618,Support,Linux|SQL|Azure,Medium,8.3,41.2,Remote,2026-05-25T19:00,2026-05-27T12:12
T03619,Data Engineering,Spark|AWS,Medium,8.0,21.0,Chennai,2026-05-08T06:00,2026-05-09T03:00
T03620,Support,Azure,Low,6.0,24.7,Remote,2026-06-12T08:00,2026-06-13T08:42
T03621,Database,MongoDB|Python,High,7.0,16.9,Remote,2026-04-12T22:00,2026-04-13T14:54
T03622,Cybersecurity,Linux|Cybersecurity|Python,Medium,3.9,12.0,Remote,2026-03-12T05:00,2026-03-12T17:00
T03623,Cloud/DevOps,Python,High,1.9,6.0,Chennai,2026-01-14T10:00,2026-01-14T16:00
T03624,Cybersecurity,AWS,Low,5.5,30.5,Chennai,2026-01-22T10:00,2026-01-23T16:30
T03625,Support,SQL,Medium,10.0,46.8,Hyderabad,2026-04-13T22:00,2026-04-15T20:48
T03626,Database,PostgreSQL|Python|Java,Critical,5.8,7.0,Remote,2026-08-24T03:00,2026-08-24T10:00
T03627,Support,Python|Azure,Medium,3.5,12.4,Remote,2026-04-19T13:00,2026-04-20T01:24
T03628,Database,PostgreSQL,High,10.2,27.0,Coimbatore,2026-01-13T23:00,2026-01-15T02:00
T03629,Testing,JavaScript|Java|SQL,Low,8.0,32.7,Coimbatore,2026-04-22T12:00,2026-04-23T20:42
T03630,Data Engineering,AWS|Azure,Medium,9.1,22.5,Hyderabad,2026-03-14T18:00,2026-03-15T16:30
T03631,Support,Java|SQL|Azure,Medium,6.6,18.5,Mumbai,2026-05-29T16:00,2026-05-30T10:30
T03632,Cloud/DevOps,AWS|Kubernetes,Medium,10.9,40.0,Bangalore,2026-01-22T22:00,2026-01-24T14:00
T03633,Machine Learning,Deep Learning|SQL|Machine Learning,High,4.6,7.1,Delhi,2026-02-23T07:00,2026-02-23T14:06
T03634,Software Development,Python|C++|Node.js,High,9.1,16.7,Hyderabad,2026-03-08T22:00,2026-03-09T14:42
T03635,Data Engineering,PostgreSQL|AWS|Azure,Low,7.5,52.6,Remote,2026-05-03T04:00,2026-05-05T08:36
T03636,Cybersecurity,AWS|Linux,Medium,14.0,49.0,Delhi,2026-08-10T20:00,2026-08-12T21:00
T03637,Cloud/DevOps,AWS|Kubernetes,High,9.0,23.7,Coimbatore,2026-04-05T22:00,2026-04-06T21:42
T03638,Cloud/DevOps,Python|AWS|Linux,Critical,5.8,7.6,Mumbai,2026-07-08T07:00,2026-07-08T14:36
T03639,Cloud/DevOps,AWS|Python|Docker,Medium,3.0,12.0,Delhi,2026-01-10T02:00,2026-01-10T14:00
T03640,Database,MongoDB|Python,Medium,6.8,30.2,Remote,2026-06-16T10:00,2026-06-17T16:12
T03641,Cybersecurity,AWS,High,3.1,6.0,Hyderabad,2026-05-27T01:00,2026-05-27T07:00
T03642,Testing,SQL|Python,High,5.5,16.1,Remote,2026-03-22T05:00,2026-03-22T21:06
T03643,Data Engineering,PostgreSQL|SQL|Python,High,4.4,10.2,Kolkata,2026-02-20T20:00,2026-02-21T06:12
T03644,Testing,Selenium|Python,Critical,3.9,5.2,Chennai,2026-03-25T23:00,2026-03-26T04:12
T03645,Database,Python,Low,5.0,29.1,Bangalore,2026-03-28T13:00,2026-03-29T18:06
T03646,Bug Fix,JavaScript|Node.js,Medium,4.8,20.4,Mumbai,2026-07-23T12:00,2026-07-24T08:24
T03647,Bug Fix,Node.js|Java|Spring Boot,High,5.8,12.1,Mumbai,2026-07-18T13:00,2026-07-19T01:06
T03648,Database,Java|MongoDB|Python,Medium,3.2,13.0,Mumbai,2026-03-12T08:00,2026-03-12T21:00
T03649,Cloud/DevOps,AWS|Azure,Low,7.5,58.5,Pune,2026-08-12T19:00,2026-08-15T05:30
T03650,Cybersecurity,AWS,Medium,6.4,22.0,Kolkata,2026-07-25T11:00,2026-07-26T09:00
T03651,Database,PostgreSQL|Python,High,4.0,7.6,Kolkata,2026-06-13T02:00,2026-06-13T09:36
T03652,Cloud/DevOps,AWS|Linux,Low,6.5,36.4,Mumbai,2026-06-02T01:00,2026-06-03T13:24
T03653,Database,Java|PostgreSQL|SQL,High,3.2,6.9,Delhi,2026-05-08T19:00,2026-05-09T01:54
T03654,Support,Java|SQL,Medium,6.8,19.3,Bangalore,2026-04-21T07:00,2026-04-22T02:18
T03655,Cybersecurity,AWS,Low,2.9,24.0,Chennai,2026-04-10T12:00,2026-04-11T12:00
T03656,Cloud/DevOps,Azure,Medium,6.9,25.6,Bangalore,2026-05-20T02:00,2026-05-21T03:36
T03657,Data Engineering,Azure|Python|PostgreSQL,Critical,6.3,10.3,Mumbai,2026-06-22T07:00,2026-06-22T17:18
T03658,Database,Java|PostgreSQL|MongoDB,High,12.1,35.2,Hyderabad,2026-08-05T09:00,2026-08-06T20:12
T03659,Database,PostgreSQL|Java,High,9.4,22.1,Remote,2026-01-17T13:00,2026-01-18T11:06
T03660,Support,Java|SQL,High,11.2,21.7,Mumbai,2026-06-20T13:00,2026-06-21T10:42
T03661,Software Development,Spring Boot|Python,High,3.0,8.9,Chennai,2026-08-15T06:00,2026-08-15T14:54
T03662,Bug Fix,Spring Boot,High,10.1,17.4,Mumbai,2026-08-23T14:00,2026-08-24T07:24
T03663,Database,PostgreSQL|MongoDB|Java,Medium,9.9,32.4,Coimbatore,2026-02-20T19:00,2026-02-22T03:24
T03664,Database,MongoDB|PostgreSQL,Medium,11.1,31.5,Mumbai,2026-01-24T11:00,2026-01-25T18:30
T03665,Bug Fix,Node.js|SQL|Spring Boot,High,4.4,11.3,Hyderabad,2026-07-09T08:00,2026-07-09T19:18
T03666,Support,Java,Medium,4.8,16.5,Delhi,2026-08-25T03:00,2026-08-25T19:30
T03667,Machine Learning,Deep Learning|Python|TensorFlow,High,10.5,28.3,Chennai,2026-06-28T09:00,2026-06-29T13:18
T03668,Cybersecurity,Linux|Cybersecurity,High,6.2,14.4,Remote,2026-05-20T21:00,2026-05-21T11:24
T03669,Software Development,React,High,6.1,13.3,Remote,2026-06-03T22:00,2026-06-04T11:18
T03670,Bug Fix,C++|Node.js,Medium,3.3,12.0,Chennai,2026-02-23T11:00,2026-02-23T23:00
T03671,Machine Learning,Python|PyTorch|Deep Learning,Medium,8.0,39.5,Delhi,2026-05-26T19:00,2026-05-28T10:30
T03672,Bug Fix,Spring Boot|Python,Medium,5.3,17.2,Delhi,2026-06-26T11:00,2026-06-27T04:12
T03673,Database,MongoDB|Java,Medium,8.2,36.3,Mumbai,2026-06-12T10:00,2026-06-13T22:18
T03674,Database,PostgreSQL|MongoDB,Critical,4.9,7.8,Remote,2026-08-07T10:00,2026-08-07T17:48
T03675,Support,SQL|Azure|Java,High,6.2,12.5,Remote,2026-08-11T13:00,2026-08-12T01:30
T03676,Cloud/DevOps,Python|Azure,Low,3.6,24.0,Pune,2026-04-11T00:00,2026-04-12T00:00
T03677,Cloud/DevOps,Kubernetes,High,9.7,18.1,Delhi,2026-01-30T14:00,2026-01-31T08:06
T03678,Software Development,Spring Boot|Java|React,High,8.0,23.6,Coimbatore,2026-05-10T17:00,2026-05-11T16:36
T03679,Testing,Python,Medium,6.8,14.4,Pune,2026-03-21T05:00,2026-03-21T19:24
T03680,Support,SQL|AWS,Medium,3.5,12.0,Remote,2026-04-25T23:00,2026-04-26T11:00
T03681,Software Development,React|JavaScript|Node.js,High,6.9,17.1,Remote,2026-08-02T00:00,2026-08-02T17:06
T03682,Machine Learning,TensorFlow|Machine Learning|PyTorch,Medium,5.6,16.3,Mumbai,2026-01-15T06:00,2026-01-15T22:18
T03683,Bug Fix,Java|Node.js,High,4.8,12.7,Pune,2026-06-24T10:00,2026-06-24T22:42
T03684,Data Engineering,Spark|AWS,High,7.9,14.8,Remote,2026-08-08T19:00,2026-08-09T09:48
T03685,Software Development,Java|JavaScript|Spring Boot,Medium,11.2,47.2,Kolkata,2026-01-13T09:00,2026-01-15T08:12
T03686,Data Engineering,Python|Spark,Low,6.4,33.2,Remote,2026-08-05T02:00,2026-08-06T11:12
T03687,Support,Linux|SQL,Medium,8.9,34.5,Pune,2026-07-18T04:00,2026-07-19T14:30
T03688,Bug Fix,Python|Node.js|Java,Medium,4.0,12.0,Delhi,2026-05-10T23:00,2026-05-11T11:00
T03689,Data Engineering,PostgreSQL|SQL,Low,8.6,30.4,Kolkata,2026-05-12T19:00,2026-05-14T01:24
T03690,Support,Python|Linux,High,9.5,21.3,Remote,2026-05-18T17:00,2026-05-19T14:18
T03691,Database,MongoDB|SQL,Medium,8.0,30.8,Kolkata,2026-04-16T20:00,2026-04-18T02:48
T03692,Database,PostgreSQL,Low,4.7,36.0,Chennai,2026-02-11T05:00,2026-02-12T17:00
T03693,Data Engineering,Python|Spark,High,8.8,25.0,Mumbai,2026-04-06T04:00,2026-04-07T05:00
T03694,Testing,Selenium|Python,Medium,8.0,31.2,Remote,2026-01-13T23:00,2026-01-15T06:12
T03695,Testing,Python|JavaScript|Selenium,High,4.1,10.6,Kolkata,2026-05-22T17:00,2026-05-23T03:36
T03696,Software Development,Node.js|C++,Medium,5.7,14.6,Remote,2026-07-10T17:00,2026-07-11T07:36
T03697,Database,Java,Medium,5.1,24.0,Kolkata,2026-03-08T00:00,2026-03-09T00:00
T03698,Cybersecurity,AWS,Medium,7.3,20.3,Pune,2026-08-18T02:00,2026-08-18T22:18
T03699,Data Engineering,Azure|Python,Medium,4.5,13.8,Delhi,2026-01-02T12:00,2026-01-03T01:48
T03700,Support,Linux,High,5.6,9.1,Remote,2026-01-30T20:00,2026-01-31T05:06
T03701,Bug Fix,JavaScript|SQL|Java,High,6.6,19.1,Mumbai,2026-03-29T16:00,2026-03-30T11:06
T03702,Database,SQL|MongoDB,Medium,6.6,23.3,Pune,2026-02-18T15:00,2026-02-19T14:18
T03703,Support,Azure,Low,5.4,24.0,Bangalore,2026-08-10T07:00,2026-08-11T07:00
T03704,Machine Learning,PyTorch|Python,High,4.3,7.5,Hyderabad,2026-08-13T11:00,2026-08-13T18:30
T03705,Data Engineering,SQL|PostgreSQL,Medium,8.1,26.8,Remote,2026-03-25T14:00,2026-03-26T16:48
T03706,Support,SQL|AWS|Java,High,6.3,16.1,Pune,2026-04-25T23:00,2026-04-26T15:06
T03707,Data Engineering,Spark|Azure|SQL,High,3.8,9.3,Kolkata,2026-07-19T13:00,2026-07-19T22:18
T03708,Cybersecurity,Azure|Python,High,11.5,32.9,Mumbai,2026-02-23T23:00,2026-02-25T07:54
T03709,Cybersecurity,AWS|Azure|Python,Medium,12.6,58.2,Kolkata,2026-03-20T20:00,2026-03-23T06:12
T03710,Software Development,Python|JavaScript,Low,3.0,24.0,Hyderabad,2026-06-04T00:00,2026-06-05T00:00
T03711,Cloud/DevOps,Python|AWS|Linux,Low,5.1,24.0,Hyderabad,2026-02-05T03:00,2026-02-06T03:00
T03712,Data Engineering,Python|Azure|SQL,Medium,16.1,61.9,Mumbai,2026-05-25T21:00,2026-05-28T10:54
T03713,Bug Fix,JavaScript,Medium,6.7,15.3,Kolkata,2026-03-08T13:00,2026-03-09T04:18
T03714,Testing,Python,Medium,5.6,23.2,Mumbai,2026-03-26T08:00,2026-03-27T07:12
T03715,Testing,Selenium|Java,Medium,5.9,14.1,Mumbai,2026-01-21T17:00,2026-01-22T07:06
T03716,Support,Linux|Python|SQL,Critical,8.3,14.7,Bangalore,2026-02-06T03:00,2026-02-06T17:42
T03717,Software Development,JavaScript|Java|Spring Boot,Medium,5.8,21.7,Chennai,2026-01-23T13:00,2026-01-24T10:42
T03718,Data Engineering,AWS|Azure|Python,Low,2.6,24.0,Delhi,2026-05-16T02:00,2026-05-17T02:00
T03719,Cloud/DevOps,Linux,Medium,7.1,26.1,Bangalore,2026-05-24T04:00,2026-05-25T06:06
T03720,Testing,SQL,Critical,5.8,8.5,Kolkata,2026-02-09T04:00,2026-02-09T12:30
T03721,Testing,JavaScript,Low,7.6,59.1,Chennai,2026-01-29T14:00,2026-02-01T01:06
T03722,Cloud/DevOps,Python|Kubernetes|Azure,Medium,2.9,12.0,Pune,2026-01-19T03:00,2026-01-19T15:00
T03723,Cloud/DevOps,Kubernetes|Linux|Azure,Low,4.3,24.0,Mumbai,2026-06-25T16:00,2026-06-26T16:00
T03724,Data Engineering,SQL|Azure|AWS,Medium,7.0,30.2,Pune,2026-03-01T19:00,2026-03-03T01:12
T03725,Bug Fix,Node.js|C++,High,3.2,8.9,Pune,2026-01-14T01:00,2026-01-14T09:54
T03726,Cloud/DevOps,Azure|AWS,Medium,5.4,20.5,Kolkata,2026-06-17T09:00,2026-06-18T05:30
T03727,Software Development,React,High,10.9,28.4,Pune,2026-07-06T18:00,2026-07-07T22:24
T03728,Machine Learning,TensorFlow|PyTorch,High,4.4,9.0,Chennai,2026-05-27T15:00,2026-05-28T00:00
T03729,Cloud/DevOps,Azure|Linux|Kubernetes,Medium,6.6,16.9,Kolkata,2026-04-06T23:00,2026-04-07T15:54
T03730,Bug Fix,Java|Python|JavaScript,Critical,4.4,7.3,Mumbai,2026-02-19T19:00,2026-02-20T02:18
T03731,Cybersecurity,AWS|Python|Cybersecurity,Low,3.5,24.0,Remote,2026-08-19T04:00,2026-08-20T04:00
T03732,Machine Learning,Deep Learning,Medium,9.7,48.1,Delhi,2026-08-20T12:00,2026-08-22T12:06
T03733,Machine Learning,TensorFlow,High,3.8,10.5,Hyderabad,2026-01-19T23:00,2026-01-20T09:30
T03734,Bug Fix,Java|JavaScript,Low,6.3,24.0,Coimbatore,2026-03-21T06:00,2026-03-22T06:00
T03735,Bug Fix,Spring Boot|Java|Node.js,High,4.5,11.7,Chennai,2026-06-12T15:00,2026-06-13T02:42
T03736,Bug Fix,C++|SQL|Node.js,Medium,6.7,27.7,Chennai,2026-04-25T12:00,2026-04-26T15:42
T03737,Cybersecurity,Linux|Python,Medium,5.5,20.9,Coimbatore,2026-04-24T22:00,2026-04-25T18:54
T03738,Cybersecurity,Python,Medium,2.5,12.0,Bangalore,2026-06-11T10:00,2026-06-11T22:00
T03739,Cybersecurity,Cybersecurity|Azure,Medium,4.8,12.0,Remote,2026-06-30T08:00,2026-06-30T20:00
T03740,Machine Learning,TensorFlow|SQL,Medium,3.8,12.0,Kolkata,2026-02-27T14:00,2026-02-28T02:00
T03741,Database,PostgreSQL|Java,Low,5.9,45.1,Kolkata,2026-01-30T13:00,2026-02-01T10:06
T03742,Cloud/DevOps,Kubernetes,Critical,4.6,8.0,Remote,2026-08-26T07:00,2026-08-26T15:00
T03743,Support,Azure|SQL|Python,High,6.3,14.0,Coimbatore,2026-08-29T09:00,2026-08-29T23:00
T03744,Bug Fix,Java,Medium,7.3,21.0,Remote,2026-04-19T15:00,2026-04-20T12:00
T03745,Cloud/DevOps,Kubernetes|Python,Medium,3.4,12.0,Pune,2026-04-17T18:00,2026-04-18T06:00
T03746,Software Development,React|C++|Node.js,Medium,9.5,20.5,Mumbai,2026-02-01T22:00,2026-02-02T18:30
T03747,Software Development,JavaScript,Low,3.2,24.0,Coimbatore,2026-06-12T17:00,2026-06-13T17:00
T03748,Software Development,Java|Python,High,4.2,7.7,Coimbatore,2026-06-07T21:00,2026-06-08T04:42
T03749,Support,Azure|SQL|Python,Medium,5.8,28.2,Delhi,2026-08-16T05:00,2026-08-17T09:12
T03750,Software Development,Java,Medium,14.2,68.0,Mumbai,2026-03-30T23:00,2026-04-02T19:00
T03751,Data Engineering,Azure|Python,High,11.4,33.5,Pune,2026-04-10T14:00,2026-04-11T23:30
T03752,Bug Fix,SQL|JavaScript,Medium,7.7,37.6,Coimbatore,2026-01-27T00:00,2026-01-28T13:36
T03753,Testing,Python|JavaScript,High,11.7,19.8,Chennai,2026-02-12T01:00,2026-02-12T20:48
T03754,Cybersecurity,Linux|Cybersecurity,High,5.3,11.1,Hyderabad,2026-08-09T06:00,2026-08-09T17:06
T03755,Cloud/DevOps,Python,High,6.7,19.3,Delhi,2026-06-27T08:00,2026-06-28T03:18
T03756,Cloud/DevOps,AWS,High,6.0,11.9,Hyderabad,2026-05-14T19:00,2026-05-15T06:54
T03757,Cybersecurity,Azure|Python,Low,3.5,24.9,Coimbatore,2026-02-04T00:00,2026-02-05T00:54
T03758,Machine Learning,SQL|Python,Critical,7.0,9.8,Hyderabad,2026-02-03T04:00,2026-02-03T13:48
T03759,Bug Fix,Java|Spring Boot|Node.js,Medium,8.9,32.1,Remote,2026-08-05T08:00,2026-08-06T16:06
T03760,Cloud/DevOps,Python|Kubernetes,Low,7.3,30.2,Chennai,2026-08-23T00:00,2026-08-24T06:12
T03761,Bug Fix,C++|JavaScript|SQL,High,5.7,10.6,Pune,2026-04-04T23:00,2026-04-05T09:36
T03762,Machine Learning,SQL|PyTorch,Medium,5.3,12.0,Delhi,2026-08-29T00:00,2026-08-29T12:00
T03763,Cloud/DevOps,Docker,High,13.0,25.7,Pune,2026-06-21T17:00,2026-06-22T18:42
T03764,Machine Learning,Python|SQL,Critical,3.9,5.4,Remote,2026-01-02T18:00,2026-01-02T23:24
T03765,Database,SQL|MongoDB,Medium,7.2,27.3,Kolkata,2026-08-27T02:00,2026-08-28T05:18
T03766,Data Engineering,Python|AWS|Spark,Medium,3.8,12.0,Hyderabad,2026-07-15T02:00,2026-07-15T14:00
T03767,Data Engineering,Python|PostgreSQL,Critical,2.8,4.8,Chennai,2026-07-27T08:00,2026-07-27T12:48
T03768,Cybersecurity,AWS,Medium,13.1,46.3,Remote,2026-08-24T21:00,2026-08-26T19:18
T03769,Software Development,Node.js|Python,Low,9.5,56.2,Remote,2026-08-13T08:00,2026-08-15T16:12
T03770,Support,Linux,Medium,5.1,15.5,Hyderabad,2026-02-18T00:00,2026-02-18T15:30
T03771,Cloud/DevOps,AWS|Kubernetes,Medium,5.8,28.4,Coimbatore,2026-06-27T13:00,2026-06-28T17:24
T03772,Testing,SQL,High,6.0,11.8,Kolkata,2026-03-07T01:00,2026-03-07T12:48
T03773,Database,PostgreSQL|SQL,High,5.0,12.1,Bangalore,2026-03-21T17:00,2026-03-22T05:06
T03774,Database,PostgreSQL|Python|Java,Low,7.4,45.1,Remote,2026-01-13T05:00,2026-01-15T02:06
T03775,Data Engineering,Python|Spark,Critical,8.0,13.7,Chennai,2026-04-09T12:00,2026-04-10T01:42
T03776,Cloud/DevOps,Python|Linux,Medium,6.9,27.7,Bangalore,2026-07-16T12:00,2026-07-17T15:42
T03777,Machine Learning,PyTorch|Deep Learning,Medium,2.8,12.0,Coimbatore,2026-06-17T03:00,2026-06-17T15:00
T03778,Data Engineering,SQL,Medium,4.9,21.0,Chennai,2026-02-13T22:00,2026-02-14T19:00
T03779,Testing,JavaScript|Python,Critical,4.5,7.2,Bangalore,2026-03-03T04:00,2026-03-03T11:12
T03780,Data Engineering,AWS,Medium,2.7,12.6,Kolkata,2026-03-20T05:00,2026-03-20T17:36
T03781,Testing,JavaScript,High,3.3,9.8,Mumbai,2026-01-21T14:00,2026-01-21T23:48
T03782,Database,PostgreSQL|Python|MongoDB,Medium,2.0,12.0,Bangalore,2026-07-12T03:00,2026-07-12T15:00
T03783,Software Development,Java|Node.js|Spring Boot,Medium,8.8,36.5,Remote,2026-05-09T15:00,2026-05-11T03:30
T03784,Machine Learning,Python|Machine Learning|TensorFlow,High,11.7,30.5,Hyderabad,2026-07-11T05:00,2026-07-12T11:30
T03785,Bug Fix,Python,High,5.3,12.5,Delhi,2026-07-05T23:00,2026-07-06T11:30
T03786,Testing,Python|JavaScript,Low,3.5,24.0,Mumbai,2026-02-28T01:00,2026-03-01T01:00
T03787,Support,Linux|Azure|Java,Medium,6.2,27.5,Remote,2026-04-21T06:00,2026-04-22T09:30
T03788,Machine Learning,Deep Learning|Python|Machine Learning,High,6.3,15.0,Remote,2026-08-11T21:00,2026-08-12T12:00
T03789,Cloud/DevOps,Kubernetes|Docker|Azure,Medium,11.6,33.5,Mumbai,2026-02-27T00:00,2026-02-28T09:30
T03790,Machine Learning,Python|TensorFlow|SQL,Medium,3.3,12.0,Delhi,2026-03-22T12:00,2026-03-23T00:00
T03791,Machine Learning,Python,Medium,5.1,19.3,Kolkata,2026-03-15T03:00,2026-03-15T22:18
T03792,Bug Fix,JavaScript,High,4.0,6.5,Kolkata,2026-03-12T12:00,2026-03-12T18:30
T03793,Machine Learning,PyTorch|Machine Learning,Low,3.1,24.0,Chennai,2026-01-04T05:00,2026-01-05T05:00
T03794,Testing,JavaScript|Java,Low,4.3,33.8,Pune,2026-01-06T08:00,2026-01-07T17:48
T03795,Testing,JavaScript|Python,Critical,4.4,7.3,Mumbai,2026-02-13T17:00,2026-02-14T00:18
T03796,Cybersecurity,Linux|Cybersecurity,Medium,9.8,46.5,Kolkata,2026-01-22T01:00,2026-01-23T23:30
T03797,Bug Fix,Java,High,4.6,11.5,Remote,2026-08-02T11:00,2026-08-02T22:30
T03798,Machine Learning,SQL|Deep Learning,Low,9.0,70.5,Delhi,2026-01-09T02:00,2026-01-12T00:30
T03799,Testing,Python|SQL,Medium,11.7,50.8,Kolkata,2026-07-04T13:00,2026-07-06T15:48
T03800,Testing,Selenium,Critical,17.9,24.0,Mumbai,2026-04-01T07:00,2026-04-02T07:00
T03801,Cloud/DevOps,Kubernetes|Docker,Low,9.9,69.2,Remote,2026-08-25T01:00,2026-08-27T22:12
T03802,Machine Learning,Python,Low,4.4,24.0,Kolkata,2026-07-24T01:00,2026-07-25T01:00
T03803,Bug Fix,SQL|JavaScript,Critical,4.8,5.3,Chennai,2026-01-07T21:00,2026-01-08T02:18
T03804,Software Development,Java|C++,Medium,3.8,12.0,Kolkata,2026-01-06T00:00,2026-01-06T12:00
T03805,Support,Java,High,6.3,11.1,Delhi,2026-05-12T19:00,2026-05-13T06:06
T03806,Testing,JavaScript|Java|SQL,Medium,3.6,12.0,Hyderabad,2026-01-07T20:00,2026-01-08T08:00
T03807,Software Development,React|Node.js|JavaScript,High,3.2,6.0,Coimbatore,2026-07-01T09:00,2026-07-01T15:00
T03808,Cloud/DevOps,Python,High,5.2,8.0,Hyderabad,2026-05-12T11:00,2026-05-12T19:00
T03809,Cloud/DevOps,Kubernetes,High,6.0,12.9,Pune,2026-02-07T12:00,2026-02-08T00:54
T03810,Database,Python|PostgreSQL|SQL,High,7.7,14.4,Remote,2026-06-14T13:00,2026-06-15T03:24
T03811,Cybersecurity,Cybersecurity|Linux,Medium,6.6,18.7,Remote,2026-06-06T21:00,2026-06-07T15:42
T03812,Testing,JavaScript|Java,Medium,6.2,29.0,Coimbatore,2026-05-24T12:00,2026-05-25T17:00
T03813,Machine Learning,SQL|Machine Learning,Medium,10.9,46.9,Remote,2026-01-31T10:00,2026-02-02T08:54
T03814,Database,MongoDB|SQL|Java,High,9.5,21.8,Remote,2026-02-24T00:00,2026-02-24T21:48
T03815,Software Development,Node.js,High,3.3,9.2,Pune,2026-04-15T17:00,2026-04-16T02:12
T03816,Machine Learning,Machine Learning|Deep Learning|TensorFlow,Medium,7.4,20.2,Delhi,2026-05-19T16:00,2026-05-20T12:12
T03817,Database,MongoDB|Python,Critical,5.8,7.4,Bangalore,2026-08-16T17:00,2026-08-17T00:24
T03818,Bug Fix,Java|Node.js|Spring Boot,Low,3.2,24.0,Kolkata,2026-05-01T01:00,2026-05-02T01:00
T03819,Database,Python|Java,High,7.1,11.9,Hyderabad,2026-05-29T22:00,2026-05-30T09:54
T03820,Data Engineering,Spark|SQL,Medium,8.2,19.2,Delhi,2026-05-05T21:00,2026-05-06T16:12
T03821,Database,Java,High,3.9,7.7,Coimbatore,2026-07-18T03:00,2026-07-18T10:42
T03822,Cloud/DevOps,Kubernetes|Azure|Python,Medium,14.2,61.8,Kolkata,2026-01-10T07:00,2026-01-12T20:48
T03823,Bug Fix,Java|JavaScript,High,9.9,28.6,Bangalore,2026-06-14T15:00,2026-06-15T19:36
T03824,Software Development,Java|JavaScript|Spring Boot,Critical,4.6,7.1,Remote,2026-05-06T00:00,2026-05-06T07:06
T03825,Support,Python|Java,Low,4.8,26.2,Pune,2026-08-25T13:00,2026-08-26T15:12
T03826,Testing,Python|JavaScript,High,7.3,20.1,Delhi,2026-07-07T23:00,2026-07-08T19:06
T03827,Machine Learning,SQL|Deep Learning,Critical,11.9,14.4,Kolkata,2026-03-14T05:00,2026-03-14T19:24
T03828,Support,Azure|Linux|Python,Medium,4.6,16.9,Chennai,2026-02-15T00:00,2026-02-15T16:54
T03829,Testing,SQL,High,3.2,6.8,Remote,2026-07-09T22:00,2026-07-10T04:48
T03830,Software Development,Python|React|Spring Boot,High,4.3,10.6,Remote,2026-07-04T19:00,2026-07-05T05:36
T03831,Machine Learning,Deep Learning|Python|PyTorch,Critical,6.8,8.0,Mumbai,2026-04-08T19:00,2026-04-09T03:00
T03832,Database,Python|MongoDB,Low,5.9,26.2,Coimbatore,2026-03-18T19:00,2026-03-19T21:12
T03833,Bug Fix,Python|C++,Medium,2.5,12.0,Bangalore,2026-07-20T12:00,2026-07-21T00:00
T03834,Data Engineering,Python|Azure,Medium,3.4,12.0,Chennai,2026-04-28T11:00,2026-04-28T23:00
T03835,Support,Linux,Low,3.9,28.3,Pune,2026-06-14T08:00,2026-06-15T12:18
T03836,Software Development,Python,Critical,5.9,9.9,Delhi,2026-07-18T04:00,2026-07-18T13:54
T03837,Data Engineering,AWS|Spark,Low,8.7,65.6,Remote,2026-07-16T08:00,2026-07-19T01:36
T03838,Bug Fix,C++|Python|Node.js,High,5.5,10.3,Coimbatore,2026-02-10T14:00,2026-02-11T00:18
T03839,Data Engineering,PostgreSQL|AWS|Python,Medium,13.1,30.0,Coimbatore,2026-07-05T12:00,2026-07-06T18:00
T03840,Data Engineering,SQL,High,10.1,30.0,Mumbai,2026-08-12T10:00,2026-08-13T16:00
T03841,Cybersecurity,AWS|Python,Medium,13.1,58.7,Remote,2026-07-26T02:00,2026-07-28T12:42
T03842,Machine Learning,TensorFlow|Deep Learning|PyTorch,High,6.2,11.6,Kolkata,2026-08-20T00:00,2026-08-20T11:36
T03843,Testing,JavaScript|Python|Selenium,High,3.8,10.2,Coimbatore,2026-03-24T17:00,2026-03-25T03:12
T03844,Machine Learning,TensorFlow,Medium,5.2,17.3,Remote,2026-06-05T07:00,2026-06-06T00:18
T03845,Testing,Python|Java|JavaScript,Medium,5.0,16.9,Kolkata,2026-02-20T02:00,2026-02-20T18:54
T03846,Machine Learning,PyTorch|SQL|Deep Learning,High,6.2,10.8,Kolkata,2026-07-21T11:00,2026-07-21T21:48
T03847,Testing,JavaScript|SQL,Critical,3.8,5.4,Bangalore,2026-06-14T06:00,2026-06-14T11:24
T03848,Cybersecurity,AWS|Python|Cybersecurity,High,3.1,6.9,Coimbatore,2026-07-24T02:00,2026-07-24T08:54
T03849,Support,Linux,Low,10.6,37.2,Coimbatore,2026-08-16T14:00,2026-08-18T03:12
T03850,Testing,Java,Medium,4.8,12.0,Remote,2026-02-16T08:00,2026-02-16T20:00
T03851,Machine Learning,Deep Learning|Python,Low,4.5,24.0,Coimbatore,2026-05-16T10:00,2026-05-17T10:00
T03852,Bug Fix,JavaScript|Node.js|SQL,Medium,5.7,26.4,Hyderabad,2026-01-11T17:00,2026-01-12T19:24
T03853,Software Development,Java|Spring Boot|C++,Critical,7.4,9.1,Kolkata,2026-06-13T05:00,2026-06-13T14:06
T03854,Cybersecurity,AWS,Critical,10.2,18.3,Kolkata,2026-05-04T01:00,2026-05-04T19:18
T03855,Database,PostgreSQL,High,5.8,9.1,Chennai,2026-03-15T02:00,2026-03-15T11:06
T03856,Testing,Java|SQL|Selenium,Low,10.0,72.6,Bangalore,2026-02-03T17:00,2026-02-06T17:36
T03857,Testing,Selenium,Medium,4.2,12.0,Remote,2026-08-20T13:00,2026-08-21T01:00
T03858,Cybersecurity,Linux,Critical,5.1,9.0,Hyderabad,2026-05-26T21:00,2026-05-27T06:00
T03859,Support,SQL|Java|Python,Low,14.5,45.7,Chennai,2026-04-27T21:00,2026-04-29T18:42
T03860,Cloud/DevOps,AWS,High,8.7,17.3,Delhi,2026-04-14T17:00,2026-04-15T10:18
T03861,Data Engineering,PostgreSQL|AWS,High,13.0,24.8,Kolkata,2026-01-21T05:00,2026-01-22T05:48
T03862,Cybersecurity,Cybersecurity|Python,Medium,6.1,19.1,Mumbai,2026-06-15T19:00,2026-06-16T14:06
T03863,Cloud/DevOps,Docker,Medium,2.0,12.0,Delhi,2026-06-11T13:00,2026-06-12T01:00
T03864,Testing,JavaScript|SQL|Selenium,High,8.1,15.3,Coimbatore,2026-07-21T23:00,2026-07-22T14:18
T03865,Data Engineering,PostgreSQL|Python,High,4.2,11.3,Delhi,2026-06-27T06:00,2026-06-27T17:18
T03866,Cloud/DevOps,AWS|Python|Kubernetes,High,9.3,20.8,Remote,2026-01-20T07:00,2026-01-21T03:48
T03867,Cybersecurity,Azure|AWS,High,5.2,9.9,Pune,2026-02-28T12:00,2026-02-28T21:54
T03868,Testing,Java|Python,High,8.8,21.5,Remote,2026-02-01T13:00,2026-02-02T10:30
T03869,Software Development,JavaScript|Java|Spring Boot,Medium,3.6,12.7,Delhi,2026-07-04T06:00,2026-07-04T18:42
T03870,Cybersecurity,Python|AWS|Cybersecurity,Medium,4.4,16.2,Remote,2026-03-02T17:00,2026-03-03T09:12
T03871,Testing,Selenium,Medium,4.9,16.3,Chennai,2026-02-10T02:00,2026-02-10T18:18
T03872,Cybersecurity,Cybersecurity|Python|Azure,Medium,6.4,30.7,Remote,2026-01-16T10:00,2026-01-17T16:42
T03873,Database,Python|SQL,High,5.1,11.2,Coimbatore,2026-08-11T10:00,2026-08-11T21:12
T03874,Software Development,C++,Medium,9.3,45.4,Remote,2026-04-21T10:00,2026-04-23T07:24
T03875,Software Development,React|Node.js,Medium,7.4,22.8,Delhi,2026-01-03T09:00,2026-01-04T07:48
T03876,Support,Python|Azure|AWS,High,5.4,13.7,Remote,2026-02-05T09:00,2026-02-05T22:42
T03877,Data Engineering,SQL|Spark|Python,Medium,7.8,19.3,Bangalore,2026-02-24T18:00,2026-02-25T13:18
T03878,Database,PostgreSQL|Java|Python,Critical,2.1,3.5,Chennai,2026-05-05T11:00,2026-05-05T14:30
T03879,Bug Fix,C++,High,4.5,8.6,Pune,2026-06-29T04:00,2026-06-29T12:36
T03880,Database,Python|SQL|Java,Medium,8.3,26.7,Bangalore,2026-08-24T05:00,2026-08-25T07:42
T03881,Support,Python,Low,3.4,24.2,Chennai,2026-01-22T03:00,2026-01-23T03:12
T03882,Cybersecurity,Linux|Cybersecurity|Python,High,8.2,15.1,Mumbai,2026-01-25T05:00,2026-01-25T20:06
T03883,Cloud/DevOps,AWS|Docker|Python,Medium,5.5,27.2,Delhi,2026-04-26T10:00,2026-04-27T13:12
T03884,Support,Azure|Linux,Medium,5.0,23.9,Chennai,2026-04-29T21:00,2026-04-30T20:54
T03885,Data Engineering,Spark,High,3.4,10.2,Chennai,2026-07-31T14:00,2026-08-01T00:12
T03886,Testing,JavaScript,Medium,9.2,24.0,Remote,2026-05-13T13:00,2026-05-14T13:00
T03887,Bug Fix,Python|C++|JavaScript,High,7.3,14.5,Pune,2026-06-20T08:00,2026-06-20T22:30
T03888,Testing,JavaScript,Medium,5.6,24.8,Delhi,2026-06-26T06:00,2026-06-27T06:48
T03889,Support,Azure|Python|SQL,Medium,8.4,23.0,Mumbai,2026-01-01T19:00,2026-01-02T18:00
T03890,Software Development,JavaScript|React,High,5.8,14.4,Remote,2026-08-02T07:00,2026-08-02T21:24
T03891,Data Engineering,PostgreSQL|Spark,Medium,22.3,66.5,Kolkata,2026-01-09T10:00,2026-01-12T04:30
T03892,Testing,Java|Selenium,Medium,4.2,13.2,Remote,2026-04-23T11:00,2026-04-24T00:12
T03893,Support,SQL|Python,Medium,5.0,15.6,Bangalore,2026-02-26T13:00,2026-02-27T04:36
T03894,Cloud/DevOps,Docker,High,5.0,8.1,Kolkata,2026-07-03T09:00,2026-07-03T17:06
T03895,Support,Azure|Java,Low,5.2,38.1,Coimbatore,2026-07-09T02:00,2026-07-10T16:06
T03896,Testing,JavaScript,Low,17.6,61.8,Chennai,2026-07-01T11:00,2026-07-04T00:48
T03897,Database,SQL|MongoDB,High,5.2,12.3,Hyderabad,2026-01-02T11:00,2026-01-02T23:18
T03898,Data Engineering,PostgreSQL|AWS,Low,9.7,72.4,Remote,2026-03-16T04:00,2026-03-19T04:24
T03899,Database,Java,Medium,6.6,31.7,Mumbai,2026-04-01T21:00,2026-04-03T04:42
T03900,Machine Learning,Python|TensorFlow|SQL,Medium,5.7,25.6,Coimbatore,2026-03-03T04:00,2026-03-04T05:36
T03901,Database,Java,High,6.7,13.2,Coimbatore,2026-03-11T20:00,2026-03-12T09:12
T03902,Machine Learning,TensorFlow|PyTorch,Medium,4.3,21.1,Mumbai,2026-07-14T01:00,2026-07-14T22:06
T03903,Machine Learning,SQL,Medium,7.9,38.8,Pune,2026-08-20T19:00,2026-08-22T09:48
T03904,Cybersecurity,Cybersecurity|Python|Azure,High,10.1,18.7,Coimbatore,2026-05-08T15:00,2026-05-09T09:42
T03905,Database,Java|Python|PostgreSQL,High,3.2,6.0,Hyderabad,2026-07-02T16:00,2026-07-02T22:00
T03906,Testing,Java,Medium,3.8,14.8,Hyderabad,2026-01-04T01:00,2026-01-04T15:48
T03907,Cybersecurity,Linux,Medium,8.1,19.9,Chennai,2026-02-05T18:00,2026-02-06T13:54
T03908,Software Development,C++,Medium,9.6,31.7,Delhi,2026-03-30T14:00,2026-03-31T21:42
T03909,Support,Python|SQL,High,7.3,19.0,Kolkata,2026-05-27T17:00,2026-05-28T12:00
T03910,Database,Java|Python|PostgreSQL,Medium,6.0,29.5,Kolkata,2026-04-18T17:00,2026-04-19T22:30
T03911,Support,AWS,High,6.3,15.2,Remote,2026-03-08T10:00,2026-03-09T01:12
T03912,Data Engineering,PostgreSQL|Azure,Low,7.5,42.1,Delhi,2026-07-05T09:00,2026-07-07T03:06
T03913,Bug Fix,Node.js,Medium,9.6,43.1,Delhi,2026-02-17T16:00,2026-02-19T11:06
T03914,Cybersecurity,Azure|Linux,Medium,15.7,57.0,Remote,2026-03-06T14:00,2026-03-08T23:00
T03915,Software Development,React,High,6.2,9.9,Bangalore,2026-05-13T13:00,2026-05-13T22:54
T03916,Software Development,Spring Boot|Python,Medium,6.3,18.7,Chennai,2026-06-16T09:00,2026-06-17T03:42
T03917,Support,Azure,Medium,2.8,12.0,Remote,2026-05-25T12:00,2026-05-26T00:00
T03918,Database,Python|SQL|Java,Low,6.6,28.5,Chennai,2026-07-28T11:00,2026-07-29T15:30
T03919,Support,Azure|Java,Medium,6.3,23.4,Pune,2026-07-31T06:00,2026-08-01T05:24
T03920,Machine Learning,Deep Learning,Medium,9.9,47.1,Kolkata,2026-07-02T15:00,2026-07-04T14:06
T03921,Data Engineering,Python|SQL,Low,7.7,39.4,Delhi,2026-08-05T22:00,2026-08-07T13:24
T03922,Software Development,Spring Boot|Node.js,High,5.7,10.5,Chennai,2026-04-12T23:00,2026-04-13T09:30
T03923,Database,Java|SQL|MongoDB,Medium,7.6,29.8,Mumbai,2026-07-01T16:00,2026-07-02T21:48
T03924,Database,PostgreSQL,Medium,11.1,38.7,Pune,2026-03-24T16:00,2026-03-26T06:42
T03925,Cloud/DevOps,Kubernetes|Linux,Critical,2.6,3.7,Coimbatore,2026-01-28T18:00,2026-01-28T21:42
T03926,Data Engineering,PostgreSQL,High,5.4,12.0,Remote,2026-04-08T05:00,2026-04-08T17:00
T03927,Testing,Java,High,6.0,13.0,Chennai,2026-04-05T10:00,2026-04-05T23:00
T03928,Database,Python|PostgreSQL,Low,11.6,76.3,Delhi,2026-05-01T11:00,2026-05-04T15:18
T03929,Software Development,JavaScript,Medium,3.0,12.3,Remote,2026-03-28T18:00,2026-03-29T06:18
T03930,Cloud/DevOps,Docker|Azure,Medium,2.6,12.0,Mumbai,2026-08-15T09:00,2026-08-15T21:00
T03931,Cybersecurity,AWS|Linux,High,6.4,14.0,Bangalore,2026-07-12T06:00,2026-07-12T20:00
T03932,Database,MongoDB|SQL|PostgreSQL,High,4.7,8.2,Hyderabad,2026-05-24T17:00,2026-05-25T01:12
T03933,Cybersecurity,Azure|Linux|Cybersecurity,High,8.3,17.3,Bangalore,2026-07-10T12:00,2026-07-11T05:18
T03934,Testing,JavaScript|SQL,Medium,5.3,12.0,Hyderabad,2026-05-03T14:00,2026-05-04T02:00
T03935,Cybersecurity,AWS|Python,High,3.1,6.0,Pune,2026-05-04T09:00,2026-05-04T15:00
T03936,Data Engineering,SQL|PostgreSQL,Medium,4.5,12.0,Coimbatore,2026-07-18T05:00,2026-07-18T17:00
T03937,Cybersecurity,Python|AWS,High,2.6,6.0,Coimbatore,2026-02-21T02:00,2026-02-21T08:00
T03938,Software Development,Java|React|Spring Boot,Medium,16.5,48.3,Pune,2026-01-03T13:00,2026-01-05T13:18
T03939,Software Development,Java,Medium,6.1,19.5,Kolkata,2026-03-27T05:00,2026-03-28T00:30
T03940,Data Engineering,Azure,Medium,8.0,32.0,Remote,2026-04-13T03:00,2026-04-14T11:00
T03941,Support,Azure|Linux,Low,7.8,27.7,Delhi,2026-07-15T03:00,2026-07-16T06:42
T03942,Cybersecurity,Cybersecurity|Azure|Python,Medium,8.1,26.0,Coimbatore,2026-05-08T20:00,2026-05-09T22:00
T03943,Database,PostgreSQL,High,3.5,7.1,Chennai,2026-02-10T15:00,2026-02-10T22:06
T03944,Testing,Java,Critical,4.6,6.9,Pune,2026-05-20T08:00,2026-05-20T14:54
T03945,Cybersecurity,Linux|AWS,High,5.1,11.5,Kolkata,2026-08-18T13:00,2026-08-19T00:30
T03946,Testing,Selenium,Critical,21.2,24.0,Remote,2026-08-18T17:00,2026-08-19T17:00
T03947,Database,MongoDB|Python,Critical,7.2,8.2,Coimbatore,2026-07-03T20:00,2026-07-04T04:12
T03948,Cloud/DevOps,Azure|Linux,High,8.2,15.1,Coimbatore,2026-08-19T03:00,2026-08-19T18:06
T03949,Testing,Java|Selenium|Python,Medium,11.5,32.6,Pune,2026-05-17T16:00,2026-05-19T00:36
T03950,Machine Learning,Machine Learning|PyTorch|Deep Learning,Medium,5.7,27.1,Kolkata,2026-03-19T22:00,2026-03-21T01:06
T03951,Testing,Selenium|Python|Java,Critical,2.7,4.4,Pune,2026-08-25T23:00,2026-08-26T03:24
T03952,Database,Java,Medium,7.6,33.3,Delhi,2026-08-01T02:00,2026-08-02T11:18
T03953,Bug Fix,Java,Medium,5.6,27.7,Remote,2026-06-04T04:00,2026-06-05T07:42
T03954,Data Engineering,AWS|SQL|Python,Medium,4.9,17.2,Delhi,2026-06-23T17:00,2026-06-24T10:12
T03955,Support,AWS|Python,Critical,8.0,12.1,Chennai,2026-05-02T17:00,2026-05-03T05:06
T03956,Cloud/DevOps,Linux|Python,Medium,3.0,12.0,Pune,2026-04-28T05:00,2026-04-28T17:00
T03957,Testing,Python|SQL|Java,Critical,4.6,5.9,Chennai,2026-03-20T09:00,2026-03-20T14:54
T03958,Software Development,C++|Java|React,High,4.4,10.9,Hyderabad,2026-06-09T21:00,2026-06-10T07:54
T03959,Database,MongoDB|Java|Python,Low,7.3,41.0,Coimbatore,2026-04-21T12:00,2026-04-23T05:00
T03960,Bug Fix,Python,Medium,6.7,26.7,Coimbatore,2026-08-06T20:00,2026-08-07T22:42
T03961,Testing,SQL|Java,High,7.3,16.3,Mumbai,2026-04-20T09:00,2026-04-21T01:18
T03962,Database,Java,Medium,6.7,21.5,Bangalore,2026-01-11T00:00,2026-01-11T21:30
T03963,Machine Learning,TensorFlow,Medium,4.0,13.4,Chennai,2026-05-12T17:00,2026-05-13T06:24
T03964,Support,Java,High,2.9,8.7,Hyderabad,2026-06-19T16:00,2026-06-20T00:42
T03965,Support,Python|Java,Medium,6.8,30.6,Delhi,2026-05-31T21:00,2026-06-02T03:36
T03966,Bug Fix,JavaScript|SQL|C++,Medium,6.3,22.2,Mumbai,2026-07-13T11:00,2026-07-14T09:12
T03967,Data Engineering,SQL|PostgreSQL|Azure,High,3.2,9.2,Coimbatore,2026-06-04T18:00,2026-06-05T03:12
T03968,Cloud/DevOps,Kubernetes,Critical,4.9,8.2,Kolkata,2026-04-19T03:00,2026-04-19T11:12
T03969,Cloud/DevOps,Docker|Azure|Linux,Critical,7.7,8.9,Hyderabad,2026-02-04T02:00,2026-02-04T10:54
T03970,Testing,Python|SQL,High,7.0,11.5,Kolkata,2026-08-08T05:00,2026-08-08T16:30
T03971,Cloud/DevOps,AWS|Azure|Python,High,17.8,31.3,Remote,2026-05-10T21:00,2026-05-12T04:18
T03972,Testing,JavaScript|Python|SQL,High,4.6,11.4,Delhi,2026-05-26T03:00,2026-05-26T14:24
T03973,Bug Fix,C++|Java|JavaScript,Critical,4.8,5.9,Remote,2026-03-08T08:00,2026-03-08T13:54
T03974,Data Engineering,PostgreSQL|Spark|Azure,High,7.8,14.0,Coimbatore,2026-06-10T00:00,2026-06-10T14:00
T03975,Data Engineering,Spark|SQL|PostgreSQL,Low,7.5,39.2,Hyderabad,2026-04-30T03:00,2026-05-01T18:12
T03976,Testing,Python|JavaScript|SQL,High,7.1,17.7,Mumbai,2026-02-03T11:00,2026-02-04T04:42
T03977,Cybersecurity,Python,High,6.3,14.9,Bangalore,2026-08-20T23:00,2026-08-21T13:54
T03978,Database,SQL|MongoDB|PostgreSQL,High,3.4,7.8,Chennai,2026-06-18T16:00,2026-06-18T23:48
T03979,Database,MongoDB,High,8.6,14.0,Coimbatore,2026-08-10T05:00,2026-08-10T19:00
T03980,Machine Learning,SQL,Medium,5.8,16.4,Mumbai,2026-01-11T19:00,2026-01-12T11:24
T03981,Cybersecurity,Azure,Medium,5.2,16.3,Chennai,2026-05-22T18:00,2026-05-23T10:18
T03982,Cloud/DevOps,Python,Medium,5.3,17.8,Pune,2026-02-01T20:00,2026-02-02T13:48
T03983,Cloud/DevOps,Python|Kubernetes,Medium,5.8,14.0,Kolkata,2026-06-07T21:00,2026-06-08T11:00
T03984,Testing,Selenium,Medium,5.6,12.0,Bangalore,2026-06-14T02:00,2026-06-14T14:00
T03985,Machine Learning,PyTorch,High,10.2,26.1,Coimbatore,2026-03-24T17:00,2026-03-25T19:06
T03986,Database,SQL|Python|Java,High,10.1,28.0,Kolkata,2026-04-17T09:00,2026-04-18T13:00
T03987,Software Development,Python|JavaScript,Medium,27.4,96.0,Coimbatore,2026-03-17T09:00,2026-03-21T09:00
T03988,Cybersecurity,Azure,Medium,5.2,12.0,Coimbatore,2026-08-06T02:00,2026-08-06T14:00
T03989,Cybersecurity,Cybersecurity|AWS,High,5.7,9.1,Coimbatore,2026-01-18T14:00,2026-01-18T23:06
T03990,Database,Java|Python|PostgreSQL,High,7.0,16.5,Pune,2026-02-11T04:00,2026-02-11T20:30
T03991,Database,Java,Critical,5.5,7.8,Remote,2026-05-22T03:00,2026-05-22T10:48
T03992,Bug Fix,Python,High,9.2,20.9,Kolkata,2026-05-24T19:00,2026-05-25T15:54
T03993,Support,Azure|Python,Medium,6.6,23.2,Pune,2026-07-05T01:00,2026-07-06T00:12
T03994,Database,Java|Python,Critical,9.0,12.6,Bangalore,2026-03-16T08:00,2026-03-16T20:36
T03995,Testing,Java|JavaScript|Selenium,High,13.3,28.7,Mumbai,2026-06-02T22:00,2026-06-04T02:42
T03996,Database,Java|MongoDB,Low,8.1,55.1,Hyderabad,2026-03-30T05:00,2026-04-01T12:06
T03997,Database,SQL,Low,4.7,31.3,Coimbatore,2026-05-12T16:00,2026-05-13T23:18
T03998,Software Development,Python|Node.js|C++,Critical,8.3,14.6,Coimbatore,2026-04-05T22:00,2026-04-06T12:36
T03999,Machine Learning,Python|TensorFlow,High,3.7,9.1,Hyderabad,2026-08-08T01:00,2026-08-08T10:06
T04000,Bug Fix,Node.js|Spring Boot,High,5.7,15.4,Coimbatore,2026-08-14T21:00,2026-08-15T12:24
T04001,Bug Fix,Java|Node.js,High,7.8,18.5,Chennai,2026-08-12T11:00,2026-08-13T05:30
T04002,Testing,JavaScript|Selenium,Medium,7.7,21.4,Mumbai,2026-01-10T08:00,2026-01-11T05:24
T04003,Support,Java,Low,10.1,76.1,Kolkata,2026-08-22T06:00,2026-08-25T10:06
T04004,Bug Fix,C++|Java|Node.js,Critical,6.2,9.5,Delhi,2026-07-11T10:00,2026-07-11T19:30
T04005,Software Development,React|Node.js|Java,High,8.7,14.1,Delhi,2026-08-20T20:00,2026-08-21T10:06
T04006,Bug Fix,Spring Boot,High,14.3,27.4,Chennai,2026-05-14T01:00,2026-05-15T04:24
T04007,Database,Java,Critical,4.7,8.4,Remote,2026-05-21T01:00,2026-05-21T09:24
T04008,Testing,Selenium|Python|SQL,High,5.8,17.2,Mumbai,2026-02-22T19:00,2026-02-23T12:12
T04009,Database,MongoDB,Critical,3.7,5.5,Delhi,2026-08-28T21:00,2026-08-29T02:30
T04010,Data Engineering,Spark|AWS|Azure,High,5.8,17.0,Remote,2026-03-03T03:00,2026-03-03T20:00
T04011,Cloud/DevOps,Azure|Python|Docker,Low,6.4,24.0,Delhi,2026-04-03T16:00,2026-04-04T16:00
T04012,Machine Learning,PyTorch|Machine Learning,Critical,5.0,7.9,Kolkata,2026-03-21T16:00,2026-03-21T23:54
T04013,Support,AWS|Java,High,3.6,6.7,Mumbai,2026-01-20T02:00,2026-01-20T08:42
T04014,Testing,Python,Medium,7.7,27.5,Chennai,2026-05-07T22:00,2026-05-09T01:30
T04015,Bug Fix,C++|JavaScript,Medium,8.6,34.5,Mumbai,2026-02-10T09:00,2026-02-11T19:30
T04016,Machine Learning,PyTorch|Deep Learning|SQL,High,4.2,9.5,Hyderabad,2026-02-05T09:00,2026-02-05T18:30
T04017,Database,SQL,Medium,4.4,12.1,Bangalore,2026-07-28T12:00,2026-07-29T00:06
T04018,Machine Learning,Deep Learning|TensorFlow|PyTorch,Medium,5.4,18.8,Hyderabad,2026-02-03T03:00,2026-02-03T21:48
T04019,Software Development,React,High,9.0,17.9,Remote,2026-05-08T23:00,2026-05-09T16:54
T04020,Testing,Java|Python|Selenium,Medium,7.1,22.3,Mumbai,2026-01-16T11:00,2026-01-17T09:18
T04021,Support,Azure|Linux,Medium,3.2,13.6,Mumbai,2026-04-29T22:00,2026-04-30T11:36
T04022,Database,PostgreSQL|Python|SQL,Medium,4.8,21.5,Bangalore,2026-06-23T07:00,2026-06-24T04:30
T04023,Data Engineering,Azure,High,5.4,8.8,Hyderabad,2026-05-24T01:00,2026-05-24T09:48
T04024,Database,SQL|PostgreSQL|Python,High,11.0,31.8,Delhi,2026-02-16T16:00,2026-02-17T23:48
T04025,Support,Azure|Python|Linux,High,5.7,15.9,Mumbai,2026-08-27T14:00,2026-08-28T05:54
T04026,Support,AWS,Critical,13.1,20.4,Hyderabad,2026-03-27T02:00,2026-03-27T22:24
T04027,Cybersecurity,AWS|Python,High,8.9,23.5,Pune,2026-08-14T07:00,2026-08-15T06:30
T04028,Cloud/DevOps,Azure,High,15.7,43.1,Pune,2026-04-09T17:00,2026-04-11T12:06
T04029,Cybersecurity,Linux,Medium,5.5,25.6,Delhi,2026-02-15T06:00,2026-02-16T07:36
T04030,Cybersecurity,Azure|Linux|Python,Medium,5.3,16.7,Remote,2026-01-16T12:00,2026-01-17T04:42
T04031,Support,Linux|AWS|Azure,Low,3.1,24.8,Delhi,2026-03-10T12:00,2026-03-11T12:48
T04032,Testing,Java|SQL|Python,Medium,5.9,25.1,Hyderabad,2026-01-06T09:00,2026-01-07T10:06
T04033,Machine Learning,Python|Deep Learning|TensorFlow,Medium,8.4,27.3,Bangalore,2026-05-25T06:00,2026-05-26T09:18
T04034,Software Development,Node.js|React|C++,Medium,4.0,14.6,Remote,2026-04-19T05:00,2026-04-19T19:36
T04035,Software Development,Node.js|C++|Spring Boot,Critical,9.2,10.7,Chennai,2026-07-30T02:00,2026-07-30T12:42
T04036,Bug Fix,Node.js|C++,Medium,5.6,22.1,Remote,2026-06-07T12:00,2026-06-08T10:06
T04037,Support,Java|Azure,Medium,8.1,18.9,Hyderabad,2026-08-15T10:00,2026-08-16T04:54
T04038,Cybersecurity,AWS|Azure|Linux,Medium,15.8,68.4,Coimbatore,2026-03-01T16:00,2026-03-04T12:24
T04039,Bug Fix,Node.js|Java|JavaScript,Medium,2.8,12.0,Delhi,2026-07-20T20:00,2026-07-21T08:00
T04040,Testing,Selenium,Medium,18.1,39.8,Remote,2026-06-25T08:00,2026-06-26T23:48
T04041,Testing,Java|Selenium,High,7.3,12.3,Delhi,2026-06-11T15:00,2026-06-12T03:18
T04042,Database,Python|SQL,Medium,4.2,12.0,Kolkata,2026-05-03T03:00,2026-05-03T15:00
T04043,Bug Fix,SQL|Java,Medium,19.8,68.9,Mumbai,2026-06-30T12:00,2026-07-03T08:54
T04044,Support,SQL|Azure|Java,High,3.9,6.0,Pune,2026-06-29T21:00,2026-06-30T03:00
T04045,Cybersecurity,Linux|AWS,Medium,5.0,18.5,Chennai,2026-02-10T02:00,2026-02-10T20:30
T04046,Cloud/DevOps,AWS,Critical,2.6,4.4,Mumbai,2026-07-16T13:00,2026-07-16T17:24
T04047,Machine Learning,SQL|Machine Learning,Medium,6.2,16.4,Kolkata,2026-01-23T08:00,2026-01-24T00:24
T04048,Data Engineering,AWS,High,8.1,22.3,Pune,2026-01-12T07:00,2026-01-13T05:18
T04049,Bug Fix,Spring Boot|Node.js,Medium,8.7,27.9,Kolkata,2026-01-03T01:00,2026-01-04T04:54
T04050,Data Engineering,SQL|Python,High,5.0,12.8,Remote,2026-06-19T10:00,2026-06-19T22:48
T04051,Cybersecurity,Linux|Python|Cybersecurity,Medium,5.5,12.1,Pune,2026-01-03T19:00,2026-01-04T07:06
T04052,Testing,Selenium|SQL,Medium,9.5,21.1,Mumbai,2026-07-17T01:00,2026-07-17T22:06
T04053,Machine Learning,SQL,Low,6.8,24.0,Remote,2026-02-04T16:00,2026-02-05T16:00
T04054,Testing,SQL,Medium,6.9,25.5,Delhi,2026-02-21T12:00,2026-02-22T13:30
T04055,Cloud/DevOps,Azure,Medium,4.2,16.7,Remote,2026-05-22T23:00,2026-05-23T15:42
T04056,Database,PostgreSQL|Java,High,10.3,15.8,Chennai,2026-05-04T21:00,2026-05-05T12:48
T04057,Support,SQL|Python,Low,5.2,24.0,Pune,2026-01-10T19:00,2026-01-11T19:00
T04058,Support,Azure,Low,7.8,58.7,Mumbai,2026-05-28T07:00,2026-05-30T17:42
T04059,Support,Azure|Java|Python,High,4.9,8.1,Coimbatore,2026-05-04T12:00,2026-05-04T20:06
T04060,Software Development,Python,Medium,3.2,15.3,Chennai,2026-08-09T17:00,2026-08-10T08:18
T04061,Software Development,Java|React|JavaScript,Low,5.5,38.6,Pune,2026-05-19T22:00,2026-05-21T12:36
T04062,Bug Fix,C++|Python,High,6.9,12.4,Remote,2026-05-18T07:00,2026-05-18T19:24
T04063,Cybersecurity,AWS|Azure,High,4.4,6.6,Remote,2026-08-19T09:00,2026-08-19T15:36
T04064,Bug Fix,SQL,Medium,8.4,24.0,Delhi,2026-06-16T07:00,2026-06-17T07:00
T04065,Bug Fix,JavaScript|Python,High,11.4,19.1,Remote,2026-04-12T04:00,2026-04-12T23:06
T04066,Testing,Java|Selenium,High,5.1,7.8,Remote,2026-05-30T19:00,2026-05-31T02:48
T04067,Software Development,Spring Boot,High,3.1,7.4,Pune,2026-01-18T18:00,2026-01-19T01:24
T04068,Machine Learning,TensorFlow|Deep Learning,Low,5.7,24.3,Delhi,2026-06-10T23:00,2026-06-11T23:18
T04069,Bug Fix,SQL,High,14.0,26.5,Chennai,2026-08-04T03:00,2026-08-05T05:30
T04070,Support,Java,High,7.5,12.9,Hyderabad,2026-08-09T12:00,2026-08-10T00:54
T04071,Software Development,JavaScript|Java,Medium,4.4,13.1,Hyderabad,2026-05-24T04:00,2026-05-24T17:06
T04072,Bug Fix,JavaScript,High,5.7,10.1,Chennai,2026-08-14T21:00,2026-08-15T07:06
T04073,Cloud/DevOps,AWS|Kubernetes,Medium,7.0,19.2,Kolkata,2026-07-16T23:00,2026-07-17T18:12
T04074,Software Development,C++|Node.js,Medium,4.5,12.0,Hyderabad,2026-07-29T23:00,2026-07-30T11:00
T04075,Cybersecurity,Cybersecurity|Azure|Python,Medium,7.2,35.5,Delhi,2026-03-14T11:00,2026-03-15T22:30
T04076,Data Engineering,PostgreSQL,Medium,4.5,21.7,Kolkata,2026-02-07T14:00,2026-02-08T11:42
T04077,Testing,JavaScript|Python,Medium,5.2,14.5,Mumbai,2026-05-09T17:00,2026-05-10T07:30
T04078,Bug Fix,SQL|JavaScript|Python,High,10.9,25.6,Mumbai,2026-01-21T03:00,2026-01-22T04:36
T04079,Software Development,Node.js|Python|C++,Medium,9.2,21.4,Hyderabad,2026-06-10T07:00,2026-06-11T04:24
T04080,Data Engineering,Azure|Spark,Low,9.7,66.0,Mumbai,2026-06-30T20:00,2026-07-03T14:00
T04081,Bug Fix,SQL|Java|Node.js,High,6.6,11.7,Hyderabad,2026-07-13T00:00,2026-07-13T11:42
T04082,Software Development,Python|Java,Critical,5.6,9.0,Remote,2026-07-26T18:00,2026-07-27T03:00
T04083,Software Development,Node.js,Critical,5.0,7.0,Kolkata,2026-03-19T04:00,2026-03-19T11:00
T04084,Cybersecurity,Linux|Cybersecurity|Python,High,2.9,6.0,Kolkata,2026-06-08T17:00,2026-06-08T23:00
T04085,Cloud/DevOps,Docker|Python,Medium,2.5,12.5,Pune,2026-01-13T07:00,2026-01-13T19:30
T04086,Support,Python|Azure,Medium,6.9,29.8,Mumbai,2026-03-26T18:00,2026-03-27T23:48
T04087,Cybersecurity,AWS|Python,Medium,5.8,18.2,Delhi,2026-05-08T13:00,2026-05-09T07:12
T04088,Data Engineering,PostgreSQL|SQL|AWS,Critical,11.8,13.3,Remote,2026-03-19T17:00,2026-03-20T06:18
T04089,Software Development,React|C++,High,9.4,23.8,Pune,2026-01-28T06:00,2026-01-29T05:48
T04090,Software Development,React|Node.js,High,8.9,24.2,Remote,2026-03-07T15:00,2026-03-08T15:12
T04091,Cybersecurity,Python,High,7.6,16.8,Chennai,2026-01-30T16:00,2026-01-31T08:48
T04092,Testing,Java,Medium,4.6,18.3,Kolkata,2026-02-25T00:00,2026-02-25T18:18
T04093,Support,SQL,Medium,4.2,17.4,Delhi,2026-03-27T11:00,2026-03-28T04:24
T04094,Data Engineering,Python|Azure,Low,5.7,32.5,Hyderabad,2026-07-12T01:00,2026-07-13T09:30
T04095,Testing,Python,High,4.9,14.2,Pune,2026-04-28T17:00,2026-04-29T07:12
T04096,Machine Learning,SQL,Low,5.1,30.4,Delhi,2026-06-04T16:00,2026-06-05T22:24
T04097,Machine Learning,SQL|Python,Low,10.9,65.6,Hyderabad,2026-05-18T17:00,2026-05-21T10:36
T04098,Machine Learning,Python,Medium,7.7,32.4,Coimbatore,2026-07-07T16:00,2026-07-09T00:24
T04099,Cloud/DevOps,AWS|Linux,Medium,6.1,25.9,Bangalore,2026-05-19T11:00,2026-05-20T12:54
T04100,Testing,Java|JavaScript,Medium,5.8,18.2,Remote,2026-04-07T09:00,2026-04-08T03:12
T04101,Machine Learning,Machine Learning|Python,Medium,4.6,12.0,Kolkata,2026-06-06T12:00,2026-06-07T00:00
T04102,Data Engineering,Azure|SQL|Python,Medium,10.9,47.5,Hyderabad,2026-02-16T00:00,2026-02-17T23:30
T04103,Bug Fix,Java|Spring Boot|JavaScript,Medium,4.8,16.5,Remote,2026-04-05T23:00,2026-04-06T15:30
T04104,Cybersecurity,Cybersecurity|Linux|Azure,Critical,5.9,9.4,Kolkata,2026-08-25T01:00,2026-08-25T10:24
T04105,Support,AWS,Low,5.2,30.7,Mumbai,2026-08-26T19:00,2026-08-28T01:42
T04106,Support,Linux|SQL|Azure,Low,5.5,24.0,Hyderabad,2026-08-24T08:00,2026-08-25T08:00
T04107,Support,SQL|Python,High,5.8,13.1,Pune,2026-03-25T18:00,2026-03-26T07:06
T04108,Software Development,Python|React,Critical,8.1,9.3,Mumbai,2026-07-24T10:00,2026-07-24T19:18
T04109,Software Development,Node.js,Low,5.9,33.4,Hyderabad,2026-08-26T13:00,2026-08-27T22:24
T04110,Machine Learning,SQL|PyTorch|Deep Learning,Critical,14.6,24.0,Remote,2026-06-02T00:00,2026-06-03T00:00
T04111,Data Engineering,Azure|AWS,Low,5.5,32.8,Hyderabad,2026-02-23T08:00,2026-02-24T16:48
T04112,Support,Linux|Azure|AWS,Low,4.2,24.0,Coimbatore,2026-05-25T07:00,2026-05-26T07:00
T04113,Bug Fix,Spring Boot|C++,High,7.8,23.3,Delhi,2026-08-21T04:00,2026-08-22T03:18
T04114,Support,SQL,High,4.3,12.9,Pune,2026-06-20T11:00,2026-06-20T23:54
T04115,Data Engineering,Python|Spark|AWS,Medium,4.0,12.0,Kolkata,2026-01-27T19:00,2026-01-28T07:00
T04116,Support,Python|Linux,Medium,5.4,19.8,Coimbatore,2026-04-16T08:00,2026-04-17T03:48
T04117,Machine Learning,TensorFlow,Medium,4.7,23.1,Hyderabad,2026-06-14T02:00,2026-06-15T01:06
T04118,Cloud/DevOps,AWS|Azure|Kubernetes,Medium,4.9,12.0,Delhi,2026-07-29T00:00,2026-07-29T12:00
T04119,Support,Azure|Linux,Critical,2.3,2.9,Hyderabad,2026-07-23T00:00,2026-07-23T02:54
T04120,Cloud/DevOps,AWS|Linux,Medium,4.0,13.8,Kolkata,2026-06-12T17:00,2026-06-13T06:48
T04121,Cloud/DevOps,Azure|Linux|Docker,Critical,6.0,8.9,Remote,2026-06-29T10:00,2026-06-29T18:54
T04122,Machine Learning,Deep Learning|SQL,Medium,6.4,27.4,Delhi,2026-08-27T13:00,2026-08-28T16:24
T04123,Testing,Python,Medium,3.3,15.0,Kolkata,2026-01-14T04:00,2026-01-14T19:00
T04124,Software Development,Java,Critical,8.0,10.7,Remote,2026-08-07T23:00,2026-08-08T09:42
T04125,Support,Python,High,5.5,14.6,Remote,2026-07-09T22:00,2026-07-10T12:36
T04126,Software Development,C++,High,3.6,7.8,Remote,2026-04-10T23:00,2026-04-11T06:48
T04127,Support,Python|Java|AWS,High,3.2,8.9,Remote,2026-01-04T15:00,2026-01-04T23:54
T04128,Database,Python,High,7.6,20.4,Coimbatore,2026-07-22T23:00,2026-07-23T19:24
T04129,Data Engineering,Spark|Python|SQL,High,10.4,18.4,Chennai,2026-03-22T13:00,2026-03-23T07:24
T04130,Cybersecurity,AWS|Python,Medium,5.8,15.3,Bangalore,2026-01-23T21:00,2026-01-24T12:18
T04131,Bug Fix,C++,Critical,5.9,6.5,Mumbai,2026-07-09T21:00,2026-07-10T03:30
T04132,Software Development,JavaScript|React,Medium,12.2,55.1,Coimbatore,2026-05-15T23:00,2026-05-18T06:06
T04133,Cybersecurity,Cybersecurity,High,6.9,13.9,Coimbatore,2026-01-18T17:00,2026-01-19T06:54
T04134,Cybersecurity,Cybersecurity|Linux,Medium,7.6,25.8,Remote,2026-05-31T17:00,2026-06-01T18:48
T04135,Support,Java,Medium,10.4,31.2,Mumbai,2026-02-01T13:00,2026-02-02T20:12
T04136,Cybersecurity,AWS,Medium,5.4,14.6,Remote,2026-04-01T02:00,2026-04-01T16:36
T04137,Data Engineering,Spark|AWS|PostgreSQL,Medium,5.4,22.2,Coimbatore,2026-07-06T22:00,2026-07-07T20:12
T04138,Database,Java|SQL,Medium,5.5,16.0,Kolkata,2026-06-25T18:00,2026-06-26T10:00
T04139,Cloud/DevOps,Azure,High,2.4,6.8,Kolkata,2026-03-31T03:00,2026-03-31T09:48
T04140,Software Development,Python,High,8.8,13.5,Pune,2026-07-29T10:00,2026-07-29T23:30
T04141,Machine Learning,SQL,Medium,8.2,37.3,Mumbai,2026-04-11T19:00,2026-04-13T08:18
T04142,Database,Java|SQL|Python,Medium,4.9,22.3,Remote,2026-04-24T03:00,2026-04-25T01:18
T04143,Data Engineering,Python,Medium,4.1,13.7,Remote,2026-06-15T23:00,2026-06-16T12:42
T04144,Database,SQL|MongoDB|Java,Critical,5.2,9.2,Kolkata,2026-03-09T23:00,2026-03-10T08:12
T04145,Cloud/DevOps,Python|Azure|Linux,High,5.3,8.6,Delhi,2026-07-27T07:00,2026-07-27T15:36
T04146,Cloud/DevOps,Kubernetes|Linux,Critical,6.8,10.7,Bangalore,2026-06-11T08:00,2026-06-11T18:42
T04147,Testing,Java|JavaScript,Medium,6.7,19.0,Coimbatore,2026-07-04T01:00,2026-07-04T20:00
T04148,Cybersecurity,AWS|Python,High,6.6,15.9,Remote,2026-03-22T18:00,2026-03-23T09:54
T04149,Software Development,C++|React|Node.js,Medium,6.3,30.6,Coimbatore,2026-05-14T18:00,2026-05-16T00:36
T04150,Machine Learning,PyTorch|Python,High,9.2,14.5,Pune,2026-07-04T10:00,2026-07-05T00:30
T04151,Testing,Python|Java,Medium,5.7,16.1,Bangalore,2026-04-10T17:00,2026-04-11T09:06
T04152,Support,SQL|Azure,High,2.0,6.0,Kolkata,2026-06-14T08:00,2026-06-14T14:00
T04153,Software Development,JavaScript|Java,High,4.8,9.0,Chennai,2026-04-06T00:00,2026-04-06T09:00
T04154,Database,PostgreSQL|SQL|Python,Medium,6.3,25.6,Chennai,2026-03-24T00:00,2026-03-25T01:36
T04155,Cloud/DevOps,Kubernetes|Python|Linux,Low,7.8,27.5,Remote,2026-07-11T11:00,2026-07-12T14:30
T04156,Machine Learning,SQL|Machine Learning|Deep Learning,Medium,5.6,24.2,Delhi,2026-08-12T14:00,2026-08-13T14:12
T04157,Bug Fix,SQL|Spring Boot,Low,5.3,35.3,Remote,2026-03-25T22:00,2026-03-27T09:18
T04158,Bug Fix,Python|SQL,High,4.0,6.7,Chennai,2026-05-21T17:00,2026-05-21T23:42
T04159,Data Engineering,PostgreSQL|SQL|Spark,High,7.0,10.8,Pune,2026-03-09T22:00,2026-03-10T08:48
T04160,Cybersecurity,Python|AWS,Medium,7.9,22.8,Hyderabad,2026-05-18T17:00,2026-05-19T15:48
T04161,Cloud/DevOps,AWS|Azure,Low,5.8,43.6,Chennai,2026-03-29T23:00,2026-03-31T18:36
T04162,Data Engineering,AWS|SQL|Spark,Critical,4.4,4.9,Mumbai,2026-01-27T09:00,2026-01-27T13:54
T04163,Support,AWS|Python,Medium,4.3,12.0,Mumbai,2026-05-17T16:00,2026-05-18T04:00
T04164,Testing,Python,High,3.9,8.5,Remote,2026-02-15T18:00,2026-02-16T02:30
T04165,Testing,Java|SQL|JavaScript,Medium,9.5,42.2,Remote,2026-08-24T17:00,2026-08-26T11:12
T04166,Machine Learning,Machine Learning,High,4.4,8.7,Bangalore,2026-03-09T17:00,2026-03-10T01:42
T04167,Bug Fix,JavaScript|SQL|C++,Medium,16.4,79.3,Remote,2026-01-08T04:00,2026-01-11T11:18
T04168,Software Development,React|JavaScript|Java,Low,3.7,24.0,Kolkata,2026-05-05T14:00,2026-05-06T14:00
T04169,Data Engineering,PostgreSQL|Spark|SQL,Medium,7.2,29.5,Mumbai,2026-03-26T05:00,2026-03-27T10:30
T04170,Cybersecurity,Cybersecurity|Linux|Python,High,2.4,6.0,Delhi,2026-04-07T10:00,2026-04-07T16:00
T04171,Data Engineering,Spark|Azure,High,2.6,7.1,Remote,2026-06-05T16:00,2026-06-05T23:06
T04172,Data Engineering,AWS|Azure|Python,High,13.4,39.8,Mumbai,2026-07-31T04:00,2026-08-01T19:48
T04173,Testing,Python,High,11.2,30.7,Remote,2026-08-08T00:00,2026-08-09T06:42
T04174,Cybersecurity,Cybersecurity|AWS|Python,Critical,3.4,5.6,Coimbatore,2026-08-17T12:00,2026-08-17T17:36
T04175,Testing,SQL,High,7.2,18.7,Chennai,2026-03-25T22:00,2026-03-26T16:42
T04176,Support,Azure,Medium,11.0,32.4,Pune,2026-05-09T03:00,2026-05-10T11:24
T04177,Cloud/DevOps,Azure,Low,7.8,48.5,Coimbatore,2026-05-23T22:00,2026-05-25T22:30
T04178,Cloud/DevOps,Kubernetes|Azure|Python,Medium,3.2,12.0,Hyderabad,2026-02-03T01:00,2026-02-03T13:00
T04179,Testing,Java|Selenium,High,6.5,18.6,Hyderabad,2026-07-23T18:00,2026-07-24T12:36
T04180,Cloud/DevOps,Kubernetes,Medium,5.2,12.0,Chennai,2026-02-07T01:00,2026-02-07T13:00
T04181,Testing,Java|JavaScript|Python,High,8.4,23.9,Mumbai,2026-03-24T06:00,2026-03-25T05:54
T04182,Cloud/DevOps,Kubernetes|Azure|Docker,High,3.7,9.6,Kolkata,2026-05-06T21:00,2026-05-07T06:36
T04183,Machine Learning,PyTorch,Medium,6.5,14.4,Remote,2026-07-06T20:00,2026-07-07T10:24
T04184,Cloud/DevOps,Linux,Medium,4.9,16.3,Bangalore,2026-08-22T04:00,2026-08-22T20:18
T04185,Software Development,C++|Node.js|JavaScript,Medium,16.8,45.8,Kolkata,2026-07-01T01:00,2026-07-02T22:48
T04186,Machine Learning,SQL,High,6.7,18.2,Remote,2026-06-27T07:00,2026-06-28T01:12
T04187,Support,Python|SQL,High,8.1,17.2,Mumbai,2026-08-21T14:00,2026-08-22T07:12
T04188,Cybersecurity,AWS|Cybersecurity|Azure,Critical,3.1,5.2,Remote,2026-08-21T02:00,2026-08-21T07:12
T04189,Cloud/DevOps,Kubernetes|Docker|AWS,High,6.3,10.7,Kolkata,2026-06-03T00:00,2026-06-03T10:42
T04190,Data Engineering,Spark,Medium,5.4,19.4,Kolkata,2026-04-27T21:00,2026-04-28T16:24
T04191,Machine Learning,Machine Learning|Python|SQL,Medium,5.7,21.2,Coimbatore,2026-06-19T07:00,2026-06-20T04:12
T04192,Software Development,Java,Medium,13.6,47.1,Bangalore,2026-07-05T04:00,2026-07-07T03:06
T04193,Bug Fix,Spring Boot|Node.js|JavaScript,Critical,5.4,7.8,Chennai,2026-07-28T17:00,2026-07-29T00:48
T04194,Machine Learning,Machine Learning|TensorFlow,Medium,8.5,19.7,Hyderabad,2026-06-17T04:00,2026-06-17T23:42
T04195,Software Development,Spring Boot,Medium,7.5,19.0,Mumbai,2026-01-05T06:00,2026-01-06T01:00
T04196,Software Development,C++,Critical,2.6,3.6,Delhi,2026-02-24T10:00,2026-02-24T13:36
T04197,Testing,Selenium,Medium,3.6,13.2,Hyderabad,2026-08-26T20:00,2026-08-27T09:12
T04198,Cybersecurity,Linux|Azure,Low,11.1,74.3,Pune,2026-02-03T06:00,2026-02-06T08:18
T04199,Bug Fix,Spring Boot,Low,5.2,40.5,Hyderabad,2026-06-12T05:00,2026-06-13T21:30
T04200,Database,Java|PostgreSQL|SQL,Medium,6.2,20.9,Remote,2026-06-18T02:00,2026-06-18T22:54
T04201,Support,Java|Python|SQL,High,7.5,19.5,Delhi,2026-01-10T01:00,2026-01-10T20:30
T04202,Database,Python|MongoDB|Java,High,5.7,13.6,Hyderabad,2026-04-04T00:00,2026-04-04T13:36
T04203,Cybersecurity,AWS|Python|Azure,Medium,7.7,26.7,Remote,2026-03-19T03:00,2026-03-20T05:42
T04204,Software Development,C++|Node.js|Spring Boot,Medium,8.7,42.0,Remote,2026-01-29T17:00,2026-01-31T11:00
T04205,Support,Python|Java|Linux,Medium,5.0,14.0,Hyderabad,2026-04-07T18:00,2026-04-08T08:00
T04206,Testing,JavaScript|Java|Selenium,High,5.8,12.6,Hyderabad,2026-01-09T20:00,2026-01-10T08:36
T04207,Cybersecurity,Cybersecurity|AWS,Medium,5.3,23.6,Hyderabad,2026-07-30T15:00,2026-07-31T14:36
T04208,Machine Learning,PyTorch|Machine Learning,Low,8.0,39.5,Hyderabad,2026-01-19T08:00,2026-01-20T23:30
T04209,Machine Learning,PyTorch,High,12.4,36.7,Chennai,2026-08-23T05:00,2026-08-24T17:42
T04210,Support,Python|SQL|AWS,Medium,5.4,15.7,Hyderabad,2026-07-03T01:00,2026-07-03T16:42
T04211,Cybersecurity,AWS|Azure,Low,3.4,24.0,Remote,2026-01-21T21:00,2026-01-22T21:00
T04212,Software Development,Node.js|Java|React,Critical,5.6,7.9,Coimbatore,2026-02-06T10:00,2026-02-06T17:54
T04213,Database,Python,Medium,6.2,20.2,Pune,2026-01-05T15:00,2026-01-06T11:12
T04214,Testing,Java|Python,High,9.5,22.4,Hyderabad,2026-02-04T19:00,2026-02-05T17:24
T04215,Database,PostgreSQL|MongoDB,Medium,3.9,14.1,Remote,2026-08-06T09:00,2026-08-06T23:06
T04216,Database,Python|PostgreSQL|MongoDB,High,5.1,14.5,Chennai,2026-08-07T20:00,2026-08-08T10:30
T04217,Data Engineering,Azure|SQL|PostgreSQL,High,3.7,9.6,Remote,2026-03-19T00:00,2026-03-19T09:36
T04218,Software Development,React|Spring Boot|Java,Medium,6.9,27.6,Hyderabad,2026-05-01T20:00,2026-05-02T23:36
T04219,Machine Learning,SQL,Medium,8.0,32.8,Mumbai,2026-02-18T10:00,2026-02-19T18:48
T04220,Cloud/DevOps,Python|Azure|Linux,High,6.0,12.5,Remote,2026-08-07T08:00,2026-08-07T20:30
T04221,Software Development,Python|Node.js,High,6.1,15.5,Delhi,2026-08-22T16:00,2026-08-23T07:30
T04222,Software Development,C++|Python|Java,Critical,6.4,11.3,Remote,2026-05-17T02:00,2026-05-17T13:18
T04223,Testing,Python,High,4.4,9.5,Chennai,2026-03-15T22:00,2026-03-16T07:30
T04224,Support,Python|AWS,High,4.9,14.0,Pune,2026-08-25T17:00,2026-08-26T07:00
T04225,Cybersecurity,AWS|Linux,Low,6.7,28.2,Remote,2026-02-02T11:00,2026-02-03T15:12
T04226,Testing,Python|Java,High,4.1,7.6,Pune,2026-05-20T07:00,2026-05-20T14:36
T04227,Database,Java,High,7.8,15.6,Delhi,2026-06-28T17:00,2026-06-29T08:36
T04228,Data Engineering,Azure|AWS|Python,Medium,4.7,12.0,Bangalore,2026-08-18T18:00,2026-08-19T06:00
T04229,Database,PostgreSQL,Low,9.8,34.1,Remote,2026-05-30T21:00,2026-06-01T07:06
T04230,Cybersecurity,Linux|Python,Low,11.0,86.6,Pune,2026-06-09T01:00,2026-06-12T15:36
T04231,Database,MongoDB|PostgreSQL,High,3.7,8.9,Remote,2026-03-31T13:00,2026-03-31T21:54
T04232,Bug Fix,Node.js|Python,Low,5.0,24.0,Bangalore,2026-04-24T09:00,2026-04-25T09:00
T04233,Support,Java|Azure,High,4.2,8.5,Kolkata,2026-08-04T01:00,2026-08-04T09:30
T04234,Cloud/DevOps,Linux|AWS|Kubernetes,Medium,4.6,13.3,Hyderabad,2026-03-31T01:00,2026-03-31T14:18
T04235,Machine Learning,Machine Learning,Medium,2.8,12.0,Mumbai,2026-07-06T14:00,2026-07-07T02:00
T04236,Testing,Java|JavaScript|SQL,Medium,9.2,29.1,Chennai,2026-07-27T10:00,2026-07-28T15:06
T04237,Machine Learning,Machine Learning|Deep Learning,Low,4.2,24.0,Coimbatore,2026-08-15T19:00,2026-08-16T19:00
T04238,Bug Fix,C++,High,6.8,11.2,Kolkata,2026-03-31T19:00,2026-04-01T06:12
T04239,Bug Fix,Python|Node.js|C++,High,2.1,6.0,Pune,2026-03-18T06:00,2026-03-18T12:00
T04240,Software Development,Java|Python|React,Medium,3.6,12.5,Coimbatore,2026-07-11T12:00,2026-07-12T00:30
T04241,Cybersecurity,Azure|Python|Cybersecurity,High,9.6,15.8,Kolkata,2026-04-21T04:00,2026-04-21T19:48
T04242,Testing,JavaScript|Python,Low,6.4,24.0,Remote,2026-04-07T13:00,2026-04-08T13:00
T04243,Data Engineering,AWS,High,8.8,14.5,Remote,2026-07-23T12:00,2026-07-24T02:30
T04244,Cloud/DevOps,Python|Docker|AWS,Medium,6.6,18.2,Bangalore,2026-05-14T04:00,2026-05-14T22:12
T04245,Cloud/DevOps,Kubernetes|Azure|AWS,Critical,5.1,7.1,Chennai,2026-05-23T08:00,2026-05-23T15:06
T04246,Software Development,Node.js|C++,Low,9.2,27.9,Hyderabad,2026-07-09T14:00,2026-07-10T17:54
T04247,Software Development,Python|React,Medium,6.4,22.9,Kolkata,2026-01-01T09:00,2026-01-02T07:54
T04248,Data Engineering,Azure|SQL|Python,Critical,8.3,11.6,Bangalore,2026-08-04T06:00,2026-08-04T17:36
T04249,Machine Learning,PyTorch|TensorFlow|SQL,Critical,5.5,7.1,Mumbai,2026-02-27T03:00,2026-02-27T10:06
T04250,Bug Fix,Node.js|Java|Spring Boot,Low,5.8,36.6,Remote,2026-08-27T05:00,2026-08-28T17:36
T04251,Data Engineering,AWS|PostgreSQL|SQL,Medium,7.9,29.6,Delhi,2026-04-16T14:00,2026-04-17T19:36
T04252,Support,Azure|AWS|Python,High,4.6,11.1,Chennai,2026-03-10T17:00,2026-03-11T04:06
T04253,Data Engineering,SQL|Azure|Spark,Medium,6.2,28.1,Bangalore,2026-07-28T09:00,2026-07-29T13:06
T04254,Machine Learning,TensorFlow|Machine Learning,High,7.9,17.0,Remote,2026-06-26T07:00,2026-06-27T00:00
T04255,Cloud/DevOps,Linux|Kubernetes,Medium,6.5,27.0,Remote,2026-01-10T12:00,2026-01-11T15:00
T04256,Software Development,C++|Node.js|JavaScript,Low,5.8,36.5,Chennai,2026-08-17T19:00,2026-08-19T07:30
T04257,Database,Java|SQL|PostgreSQL,Medium,4.0,17.7,Remote,2026-03-06T05:00,2026-03-06T22:42
T04258,Bug Fix,C++|Python,Medium,4.6,16.6,Kolkata,2026-07-30T15:00,2026-07-31T07:36
T04259,Testing,Selenium,Medium,4.4,20.8,Remote,2026-04-03T16:00,2026-04-04T12:48
T04260,Cloud/DevOps,Linux|AWS|Kubernetes,High,6.8,13.8,Chennai,2026-05-17T04:00,2026-05-17T17:48
T04261,Database,PostgreSQL|MongoDB,Medium,9.1,35.0,Mumbai,2026-01-28T19:00,2026-01-30T06:00
T04262,Cloud/DevOps,Kubernetes|Linux|AWS,High,6.4,15.4,Chennai,2026-04-28T17:00,2026-04-29T08:24
T04263,Bug Fix,C++|SQL,Medium,4.2,19.2,Pune,2026-01-01T20:00,2026-01-02T15:12
T04264,Testing,Python|SQL|JavaScript,Low,2.3,24.0,Kolkata,2026-03-06T06:00,2026-03-07T06:00
T04265,Testing,Python|SQL|Selenium,High,10.5,23.4,Kolkata,2026-02-17T19:00,2026-02-18T18:24
T04266,Machine Learning,SQL,Medium,5.2,18.8,Chennai,2026-05-13T05:00,2026-05-13T23:48
T04267,Bug Fix,Java|SQL|Spring Boot,Medium,7.0,30.2,Coimbatore,2026-07-31T07:00,2026-08-01T13:12
T04268,Software Development,C++|Python,Low,4.3,24.0,Remote,2026-06-22T17:00,2026-06-23T17:00
T04269,Cloud/DevOps,Azure|Python,Critical,14.1,24.0,Kolkata,2026-06-13T02:00,2026-06-14T02:00
T04270,Cloud/DevOps,Docker|Python,Medium,4.8,14.3,Delhi,2026-05-10T10:00,2026-05-11T00:18
T04271,Cloud/DevOps,Python,Critical,7.9,14.0,Kolkata,2026-07-04T21:00,2026-07-05T11:00
T04272,Data Engineering,PostgreSQL|Spark|Azure,Low,5.1,31.6,Mumbai,2026-06-29T14:00,2026-06-30T21:36
T04273,Machine Learning,TensorFlow|PyTorch,Medium,4.1,15.9,Remote,2026-03-27T11:00,2026-03-28T02:54
T04274,Testing,Selenium|Python,High,7.4,11.5,Delhi,2026-04-09T01:00,2026-04-09T12:30
T04275,Machine Learning,Python|TensorFlow,High,5.2,8.3,Coimbatore,2026-03-14T17:00,2026-03-15T01:18
T04276,Cybersecurity,Cybersecurity|Linux|Python,High,9.2,22.3,Mumbai,2026-07-21T22:00,2026-07-22T20:18
T04277,Testing,Java,Medium,7.6,37.1,Kolkata,2026-07-12T20:00,2026-07-14T09:06
T04278,Bug Fix,Java|SQL|Spring Boot,Medium,8.2,36.5,Delhi,2026-01-31T02:00,2026-02-01T14:30
T04279,Testing,JavaScript|Selenium|Python,Medium,6.9,34.4,Hyderabad,2026-01-18T23:00,2026-01-20T09:24
T04280,Cybersecurity,Python|AWS|Linux,Critical,3.2,5.3,Delhi,2026-08-23T00:00,2026-08-23T05:18
T04281,Support,AWS|Linux|Python,Low,6.7,51.0,Kolkata,2026-08-27T08:00,2026-08-29T11:00
T04282,Cybersecurity,Python|Cybersecurity,Medium,5.4,22.6,Kolkata,2026-06-07T04:00,2026-06-08T02:36
T04283,Software Development,C++|Java|JavaScript,Medium,3.5,15.9,Pune,2026-07-13T00:00,2026-07-13T15:54
T04284,Data Engineering,AWS|Spark|Azure,High,15.1,32.7,Remote,2026-01-22T13:00,2026-01-23T21:42
T04285,Cloud/DevOps,AWS|Azure|Kubernetes,Medium,4.0,12.0,Hyderabad,2026-04-20T22:00,2026-04-21T10:00
T04286,Support,Azure|Linux|Java,Medium,5.0,13.5,Pune,2026-02-07T15:00,2026-02-08T04:30
T04287,Data Engineering,SQL,High,7.0,18.4,Pune,2026-04-23T06:00,2026-04-24T00:24
T04288,Cloud/DevOps,AWS|Python,High,5.3,10.6,Pune,2026-04-29T23:00,2026-04-30T09:36
T04289,Data Engineering,PostgreSQL|SQL|AWS,Medium,5.6,27.3,Bangalore,2026-07-24T03:00,2026-07-25T06:18
T04290,Bug Fix,Spring Boot,Low,7.3,30.4,Pune,2026-06-29T11:00,2026-06-30T17:24
T04291,Machine Learning,Deep Learning,High,8.0,12.9,Delhi,2026-04-04T19:00,2026-04-05T07:54
T04292,Data Engineering,AWS|PostgreSQL|Python,High,5.2,13.4,Coimbatore,2026-08-07T06:00,2026-08-07T19:24
T04293,Machine Learning,Python|TensorFlow,Low,4.1,24.0,Chennai,2026-04-03T04:00,2026-04-04T04:00
T04294,Testing,Python|Java|SQL,Low,8.5,56.2,Hyderabad,2026-04-01T05:00,2026-04-03T13:12
T04295,Testing,SQL|Java|Selenium,Medium,5.5,12.9,Hyderabad,2026-04-25T07:00,2026-04-25T19:54
T04296,Software Development,JavaScript,Medium,6.4,21.9,Bangalore,2026-07-29T13:00,2026-07-30T10:54
T04297,Testing,JavaScript,Medium,8.4,36.8,Hyderabad,2026-03-09T09:00,2026-03-10T21:48
T04298,Cloud/DevOps,Docker|Kubernetes,Medium,4.8,17.2,Bangalore,2026-03-17T02:00,2026-03-17T19:12
T04299,Testing,JavaScript,Medium,5.4,17.1,Remote,2026-07-10T08:00,2026-07-11T01:06
T04300,Software Development,Spring Boot|JavaScript,Medium,7.4,28.8,Chennai,2026-01-15T19:00,2026-01-16T23:48
T04301,Testing,Python,Medium,9.6,22.2,Mumbai,2026-07-17T16:00,2026-07-18T14:12
T04302,Cloud/DevOps,Python|Kubernetes,Medium,4.3,16.5,Chennai,2026-01-06T16:00,2026-01-07T08:30
T04303,Cybersecurity,Azure|AWS,High,5.9,15.1,Bangalore,2026-08-09T17:00,2026-08-10T08:06
T04304,Machine Learning,Deep Learning,Medium,4.7,17.5,Chennai,2026-02-26T06:00,2026-02-26T23:30
T04305,Database,PostgreSQL,Medium,3.7,15.9,Coimbatore,2026-05-28T00:00,2026-05-28T15:54
T04306,Data Engineering,SQL,Medium,3.7,14.9,Coimbatore,2026-04-14T04:00,2026-04-14T18:54
T04307,Software Development,C++|Python|JavaScript,Critical,5.0,8.1,Bangalore,2026-04-03T09:00,2026-04-03T17:06
T04308,Testing,Selenium,Low,11.5,37.7,Chennai,2026-02-28T16:00,2026-03-02T05:42
T04309,Machine Learning,TensorFlow,Medium,7.2,28.9,Pune,2026-02-03T07:00,2026-02-04T11:54
T04310,Machine Learning,Python|PyTorch,High,7.2,13.3,Hyderabad,2026-08-15T10:00,2026-08-15T23:18
T04311,Cloud/DevOps,AWS|Kubernetes,Critical,4.3,6.9,Remote,2026-02-25T14:00,2026-02-25T20:54
T04312,Cybersecurity,AWS|Azure|Linux,Low,13.9,104.1,Remote,2026-04-05T04:00,2026-04-09T12:06
T04313,Database,MongoDB|PostgreSQL|Python,Low,4.1,24.0,Kolkata,2026-06-05T10:00,2026-06-06T10:00
T04314,Software Development,Python|C++,Medium,4.7,19.6,Delhi,2026-01-14T22:00,2026-01-15T17:36
T04315,Database,PostgreSQL|Python|SQL,Medium,2.6,12.0,Remote,2026-01-24T21:00,2026-01-25T09:00
T04316,Database,PostgreSQL|Java,High,3.7,6.0,Delhi,2026-06-11T00:00,2026-06-11T06:00
T04317,Data Engineering,SQL,Critical,2.6,3.0,Remote,2026-02-27T02:00,2026-02-27T05:00
T04318,Data Engineering,SQL|Azure|Spark,High,11.1,31.0,Pune,2026-04-22T10:00,2026-04-23T17:00
T04319,Bug Fix,JavaScript|Java,Medium,5.2,19.6,Bangalore,2026-01-15T20:00,2026-01-16T15:36
T04320,Cloud/DevOps,Kubernetes|AWS,Medium,10.7,39.9,Hyderabad,2026-03-28T06:00,2026-03-29T21:54
T04321,Cloud/DevOps,Docker,Medium,7.2,35.0,Pune,2026-08-27T09:00,2026-08-28T20:00
T04322,Cloud/DevOps,Docker,Medium,8.6,30.7,Remote,2026-02-08T22:00,2026-02-10T04:42
T04323,Cloud/DevOps,AWS|Linux|Python,Medium,9.7,41.1,Mumbai,2026-08-09T04:00,2026-08-10T21:06
T04324,Database,Java|MongoDB,Low,7.2,50.7,Kolkata,2026-07-11T23:00,2026-07-14T01:42
T04325,Machine Learning,SQL,High,3.1,8.8,Remote,2026-02-14T10:00,2026-02-14T18:48
T04326,Testing,Python|SQL|JavaScript,Medium,5.6,17.1,Remote,2026-05-30T02:00,2026-05-30T19:06
T04327,Testing,Java|Python|SQL,Medium,4.7,20.3,Remote,2026-02-03T19:00,2026-02-04T15:18
T04328,Data Engineering,Azure|Python,High,5.2,13.1,Pune,2026-02-16T22:00,2026-02-17T11:06
T04329,Bug Fix,C++,High,5.0,12.4,Coimbatore,2026-08-03T00:00,2026-08-03T12:24
T04330,Cybersecurity,AWS|Azure|Linux,High,6.2,18.0,Pune,2026-02-19T03:00,2026-02-19T21:00
T04331,Cloud/DevOps,Kubernetes|Docker|Python,Low,4.2,28.7,Hyderabad,2026-01-18T05:00,2026-01-19T09:42
T04332,Software Development,JavaScript|C++,High,7.4,15.6,Coimbatore,2026-02-23T13:00,2026-02-24T04:36
T04333,Machine Learning,Python|Machine Learning,Medium,2.0,12.0,Hyderabad,2026-04-12T01:00,2026-04-12T13:00
T04334,Software Development,Java|JavaScript|React,Medium,6.8,32.2,Mumbai,2026-02-11T06:00,2026-02-12T14:12
T04335,Bug Fix,Python|SQL|JavaScript,Medium,9.5,35.7,Pune,2026-03-24T13:00,2026-03-26T00:42
T04336,Support,SQL|Python,Medium,7.0,19.9,Remote,2026-05-30T21:00,2026-05-31T16:54
T04337,Machine Learning,TensorFlow,Critical,8.4,9.7,Chennai,2026-05-22T13:00,2026-05-22T22:42
T04338,Software Development,Python,Medium,8.7,37.5,Mumbai,2026-01-24T23:00,2026-01-26T12:30
T04339,Testing,Selenium,Low,6.1,36.2,Chennai,2026-05-15T02:00,2026-05-16T14:12
T04340,Testing,JavaScript|Selenium,High,10.4,16.6,Bangalore,2026-01-10T02:00,2026-01-10T18:36
T04341,Machine Learning,Python|Deep Learning|Machine Learning,Critical,3.9,4.3,Delhi,2026-08-27T20:00,2026-08-28T00:18
T04342,Software Development,Java|Python,Low,5.4,24.0,Hyderabad,2026-04-10T01:00,2026-04-11T01:00
T04343,Software Development,JavaScript|Java,Medium,4.8,16.2,Mumbai,2026-01-26T23:00,2026-01-27T15:12
T04344,Cybersecurity,Cybersecurity|AWS,Medium,11.8,33.1,Pune,2026-01-14T15:00,2026-01-16T00:06
T04345,Machine Learning,Python|Deep Learning,Medium,6.4,26.6,Kolkata,2026-06-28T16:00,2026-06-29T18:36
T04346,Software Development,Python|Java|JavaScript,High,6.2,18.3,Coimbatore,2026-06-12T05:00,2026-06-12T23:18
T04347,Bug Fix,Spring Boot|Python|SQL,High,2.8,6.8,Pune,2026-02-10T11:00,2026-02-10T17:48
T04348,Software Development,Java|Spring Boot,High,3.2,7.2,Mumbai,2026-02-08T13:00,2026-02-08T20:12
T04349,Machine Learning,SQL,Low,2.1,24.0,Pune,2026-04-30T01:00,2026-05-01T01:00
T04350,Data Engineering,Python|AWS,Medium,7.8,18.6,Hyderabad,2026-04-20T21:00,2026-04-21T15:36
T04351,Cybersecurity,Cybersecurity,High,13.1,32.5,Remote,2026-03-22T12:00,2026-03-23T20:30
T04352,Bug Fix,Java|C++|JavaScript,High,7.0,19.3,Remote,2026-03-23T11:00,2026-03-24T06:18
T04353,Bug Fix,Python|C++|SQL,Medium,4.0,16.8,Mumbai,2026-06-04T13:00,2026-06-05T05:48
T04354,Testing,Java|Python|JavaScript,High,4.8,7.5,Delhi,2026-07-22T03:00,2026-07-22T10:30
T04355,Testing,Java|SQL|Selenium,Medium,9.2,42.0,Delhi,2026-05-26T21:00,2026-05-28T15:00
T04356,Support,SQL,Low,7.2,46.8,Kolkata,2026-04-06T10:00,2026-04-08T08:48
T04357,Testing,Selenium,High,5.9,13.4,Delhi,2026-02-21T00:00,2026-02-21T13:24
T04358,Database,SQL|Java|PostgreSQL,Low,7.1,55.4,Remote,2026-06-05T20:00,2026-06-08T03:24
T04359,Machine Learning,Deep Learning|Python|Machine Learning,Medium,5.7,21.0,Hyderabad,2026-07-28T11:00,2026-07-29T08:00
T04360,Cybersecurity,AWS,High,3.1,9.2,Bangalore,2026-05-28T22:00,2026-05-29T07:12
T04361,Cloud/DevOps,AWS|Azure|Kubernetes,High,5.2,13.9,Coimbatore,2026-07-21T15:00,2026-07-22T04:54
T04362,Support,SQL|Linux,High,7.5,18.6,Kolkata,2026-01-08T04:00,2026-01-08T22:36
T04363,Database,Python,Low,6.2,43.5,Hyderabad,2026-05-14T20:00,2026-05-16T15:30
T04364,Cloud/DevOps,Kubernetes,Medium,4.6,13.9,Chennai,2026-07-19T10:00,2026-07-19T23:54
T04365,Software Development,Java|JavaScript|C++,High,3.9,8.3,Remote,2026-06-29T23:00,2026-06-30T07:18
T04366,Cloud/DevOps,Python,High,19.6,39.7,Mumbai,2026-03-06T03:00,2026-03-07T18:42
T04367,Testing,Selenium|Python,High,8.6,18.3,Delhi,2026-05-28T12:00,2026-05-29T06:18
T04368,Cloud/DevOps,Python,Medium,6.6,21.1,Remote,2026-01-17T19:00,2026-01-18T16:06
T04369,Support,Azure,High,1.8,6.0,Kolkata,2026-02-10T12:00,2026-02-10T18:00
T04370,Testing,Selenium|Java|JavaScript,High,3.4,8.0,Coimbatore,2026-06-28T12:00,2026-06-28T20:00
T04371,Database,Python|MongoDB,Medium,8.2,36.7,Mumbai,2026-02-10T23:00,2026-02-12T11:42
T04372,Machine Learning,Python|Deep Learning|TensorFlow,Medium,13.4,28.9,Remote,2026-08-08T09:00,2026-08-09T13:54
T04373,Support,SQL|Linux,Critical,3.3,4.3,Delhi,2026-03-26T22:00,2026-03-27T02:18
T04374,Cloud/DevOps,Kubernetes|Docker,High,8.2,13.2,Mumbai,2026-06-01T06:00,2026-06-01T19:12
T04375,Testing,SQL|Python|Selenium,Medium,7.0,29.0,Hyderabad,2026-03-27T03:00,2026-03-28T08:00
T04376,Support,SQL,Low,4.8,35.2,Remote,2026-06-18T12:00,2026-06-19T23:12
T04377,Machine Learning,Python|TensorFlow,Low,5.7,31.9,Mumbai,2026-02-22T08:00,2026-02-23T15:54
T04378,Cybersecurity,Cybersecurity|Azure,Medium,5.3,24.8,Chennai,2026-02-09T05:00,2026-02-10T05:48
T04379,Machine Learning,Deep Learning|TensorFlow|Python,Medium,6.8,17.0,Kolkata,2026-04-07T04:00,2026-04-07T21:00
T04380,Database,Python,Low,3.4,24.0,Chennai,2026-08-24T19:00,2026-08-25T19:00
T04381,Cybersecurity,Linux,Medium,2.8,12.0,Mumbai,2026-02-28T04:00,2026-02-28T16:00
T04382,Data Engineering,Azure,Medium,4.4,19.5,Pune,2026-07-19T23:00,2026-07-20T18:30
T04383,Machine Learning,SQL,Medium,10.6,49.1,Coimbatore,2026-08-02T15:00,2026-08-04T16:06
T04384,Software Development,Python,Medium,6.5,28.3,Pune,2026-07-02T01:00,2026-07-03T05:18
T04385,Testing,Java,High,4.6,7.2,Chennai,2026-04-15T00:00,2026-04-15T07:12
T04386,Cloud/DevOps,Docker|Azure,High,5.8,12.1,Hyderabad,2026-06-25T04:00,2026-06-25T16:06
T04387,Support,Linux|Java|Azure,High,5.1,10.3,Hyderabad,2026-02-06T02:00,2026-02-06T12:18
T04388,Cybersecurity,Cybersecurity|Python|Azure,High,8.6,22.6,Delhi,2026-04-12T04:00,2026-04-13T02:36
T04389,Cybersecurity,Cybersecurity|AWS|Azure,Low,2.5,24.0,Remote,2026-06-18T06:00,2026-06-19T06:00
T04390,Database,PostgreSQL|MongoDB|SQL,High,9.1,15.4,Remote,2026-08-01T13:00,2026-08-02T04:24
T04391,Support,Java|SQL,High,4.8,9.6,Hyderabad,2026-03-16T23:00,2026-03-17T08:36
T04392,Support,Linux|AWS,High,4.4,13.1,Delhi,2026-07-16T09:00,2026-07-16T22:06
T04393,Software Development,Java|JavaScript|Spring Boot,High,5.5,13.2,Delhi,2026-07-26T02:00,2026-07-26T15:12
T04394,Machine Learning,SQL,Medium,4.3,15.0,Delhi,2026-04-24T06:00,2026-04-24T21:00
T04395,Bug Fix,Java|Node.js,High,6.9,20.3,Pune,2026-01-09T04:00,2026-01-10T00:18
T04396,Bug Fix,Node.js,Medium,7.5,20.7,Pune,2026-04-20T04:00,2026-04-21T00:42
T04397,Support,Linux,High,6.3,15.6,Pune,2026-01-31T01:00,2026-01-31T16:36
T04398,Cloud/DevOps,Kubernetes,High,4.4,7.5,Hyderabad,2026-02-19T18:00,2026-02-20T01:30
T04399,Cloud/DevOps,AWS|Python|Kubernetes,Medium,4.4,13.2,Chennai,2026-07-23T09:00,2026-07-23T22:12
T04400,Machine Learning,Deep Learning|TensorFlow|PyTorch,High,7.3,15.9,Hyderabad,2026-04-20T21:00,2026-04-21T12:54
T04401,Bug Fix,Python|JavaScript,Medium,3.6,16.1,Delhi,2026-05-14T04:00,2026-05-14T20:06
T04402,Data Engineering,Spark|PostgreSQL|AWS,High,7.5,19.9,Bangalore,2026-03-18T19:00,2026-03-19T14:54
T04403,Testing,Java|SQL|JavaScript,Medium,3.0,12.3,Mumbai,2026-08-28T02:00,2026-08-28T14:18
T04404,Database,SQL,High,5.5,13.8,Coimbatore,2026-06-19T11:00,2026-06-20T00:48
T04405,Cybersecurity,Cybersecurity|Azure,Low,7.4,37.5,Remote,2026-07-23T15:00,2026-07-25T04:30
T04406,Cloud/DevOps,Python|Kubernetes|Azure,Medium,2.2,12.0,Kolkata,2026-03-11T09:00,2026-03-11T21:00
T04407,Cybersecurity,Python|Cybersecurity,Low,8.0,28.6,Hyderabad,2026-06-13T17:00,2026-06-14T21:36
T04408,Testing,Selenium|Java|Python,High,11.5,24.7,Mumbai,2026-06-04T13:00,2026-06-05T13:42
T04409,Machine Learning,TensorFlow|SQL|Deep Learning,Medium,5.2,15.7,Pune,2026-03-04T02:00,2026-03-04T17:42
T04410,Machine Learning,PyTorch|SQL,High,5.4,10.8,Delhi,2026-01-06T02:00,2026-01-06T12:48
T04411,Testing,Java|JavaScript|Python,Low,6.7,31.2,Pune,2026-08-13T12:00,2026-08-14T19:12
T04412,Cybersecurity,Azure|Linux,High,6.9,14.3,Remote,2026-06-19T07:00,2026-06-19T21:18
T04413,Database,MongoDB,High,6.1,15.8,Remote,2026-02-26T11:00,2026-02-27T02:48
T04414,Bug Fix,SQL|C++,Medium,7.9,18.9,Remote,2026-06-04T05:00,2026-06-04T23:54
T04415,Database,PostgreSQL|MongoDB|Java,Medium,4.6,16.4,Remote,2026-07-31T23:00,2026-08-01T15:24
T04416,Software Development,Spring Boot|React|C++,Medium,9.1,36.1,Kolkata,2026-07-10T19:00,2026-07-12T07:06
T04417,Testing,SQL|Selenium,Low,5.6,30.3,Remote,2026-02-26T21:00,2026-02-28T03:18
T04418,Cloud/DevOps,AWS|Kubernetes,Medium,7.6,36.5,Coimbatore,2026-01-30T09:00,2026-01-31T21:30
T04419,Support,Python|Linux|SQL,Medium,12.4,56.2,Delhi,2026-03-22T10:00,2026-03-24T18:12
T04420,Cybersecurity,Cybersecurity|AWS|Azure,Medium,7.5,31.3,Remote,2026-05-26T11:00,2026-05-27T18:18
T04421,Cybersecurity,AWS|Linux,Critical,4.3,6.6,Bangalore,2026-07-17T09:00,2026-07-17T15:36
T04422,Testing,SQL|JavaScript,Medium,12.0,38.1,Kolkata,2026-02-13T08:00,2026-02-14T22:06
T04423,Testing,JavaScript|Python|Java,High,4.5,11.4,Hyderabad,2026-02-01T18:00,2026-02-02T05:24
T04424,Data Engineering,AWS|Python|Azure,High,2.2,6.0,Kolkata,2026-04-19T01:00,2026-04-19T07:00
T04425,Testing,Python|Java,Critical,5.3,8.6,Coimbatore,2026-03-24T00:00,2026-03-24T08:36
T04426,Cloud/DevOps,Azure|Python|AWS,Medium,8.8,29.3,Remote,2026-04-29T10:00,2026-04-30T15:18
T04427,Database,Python,Medium,9.6,22.6,Coimbatore,2026-01-02T00:00,2026-01-02T22:36
T04428,Testing,Java|JavaScript,Medium,8.6,25.5,Chennai,2026-05-14T21:00,2026-05-15T22:30
T04429,Cloud/DevOps,Azure,High,11.7,20.6,Coimbatore,2026-03-18T11:00,2026-03-19T07:36
T04430,Bug Fix,JavaScript,Critical,7.9,12.9,Remote,2026-01-12T15:00,2026-01-13T03:54
T04431,Testing,JavaScript|Python|SQL,High,8.7,16.1,Kolkata,2026-01-24T22:00,2026-01-25T14:06
T04432,Cloud/DevOps,Linux|Azure,Medium,4.4,13.9,Hyderabad,2026-01-02T00:00,2026-01-02T13:54
T04433,Database,Java|PostgreSQL|Python,Medium,3.4,15.3,Pune,2026-05-16T13:00,2026-05-17T04:18
T04434,Support,SQL,High,9.1,15.5,Delhi,2026-04-16T23:00,2026-04-17T14:30
T04435,Machine Learning,Machine Learning|Python|TensorFlow,High,8.1,22.7,Remote,2026-06-03T10:00,2026-06-04T08:42
T04436,Data Engineering,AWS|SQL|Python,Low,8.5,36.7,Hyderabad,2026-04-11T21:00,2026-04-13T09:42
T04437,Cloud/DevOps,Kubernetes,High,5.3,8.4,Remote,2026-08-08T14:00,2026-08-08T22:24
T04438,Support,Linux|SQL,Low,9.2,34.5,Remote,2026-03-13T01:00,2026-03-14T11:30
T04439,Support,AWS,High,5.1,9.9,Delhi,2026-07-30T08:00,2026-07-30T17:54
T04440,Cybersecurity,Cybersecurity|AWS|Python,Low,4.5,35.3,Chennai,2026-01-28T05:00,2026-01-29T16:18
T04441,Cloud/DevOps,Python|Docker|Kubernetes,Medium,8.9,24.2,Chennai,2026-01-03T11:00,2026-01-04T11:12
T04442,Database,PostgreSQL|Java,Low,4.2,26.4,Remote,2026-05-03T11:00,2026-05-04T13:24
T04443,Bug Fix,Spring Boot|Node.js|Java,Medium,7.9,30.1,Coimbatore,2026-02-14T18:00,2026-02-16T00:06
T04444,Cybersecurity,Cybersecurity|AWS,High,3.8,6.4,Mumbai,2026-03-22T13:00,2026-03-22T19:24
T04445,Testing,Java|SQL|Selenium,Critical,11.5,16.8,Coimbatore,2026-07-16T06:00,2026-07-16T22:48
T04446,Cloud/DevOps,Azure|Kubernetes|AWS,High,4.0,8.2,Hyderabad,2026-01-29T09:00,2026-01-29T17:12
T04447,Testing,SQL|Java|Selenium,Low,9.5,73.4,Mumbai,2026-08-13T00:00,2026-08-16T01:24
T04448,Cloud/DevOps,Python,Critical,8.5,10.4,Mumbai,2026-03-09T10:00,2026-03-09T20:24
T04449,Data Engineering,Azure|AWS,Medium,13.1,53.3,Remote,2026-05-28T20:00,2026-05-31T01:18
T04450,Testing,SQL|Selenium|Java,Medium,6.9,20.5,Coimbatore,2026-01-07T07:00,2026-01-08T03:30
T04451,Cybersecurity,Linux|Azure|Python,Medium,7.3,32.0,Pune,2026-08-22T13:00,2026-08-23T21:00
T04452,Bug Fix,Node.js|Python|JavaScript,Medium,6.3,14.0,Delhi,2026-02-04T10:00,2026-02-05T00:00
T04453,Database,SQL|MongoDB,Medium,4.6,22.7,Remote,2026-05-18T00:00,2026-05-18T22:42
T04454,Testing,Java|Python|Selenium,Medium,8.0,39.7,Mumbai,2026-01-15T23:00,2026-01-17T14:42
T04455,Cloud/DevOps,Linux|Azure,High,10.3,18.4,Chennai,2026-07-04T15:00,2026-07-05T09:24
T04456,Database,PostgreSQL|SQL,Medium,4.8,17.6,Remote,2026-03-15T12:00,2026-03-16T05:36
T04457,Testing,Python|Java|JavaScript,Low,4.2,24.2,Hyderabad,2026-08-08T16:00,2026-08-09T16:12
T04458,Software Development,Node.js|JavaScript|Java,Critical,10.5,12.1,Chennai,2026-03-29T20:00,2026-03-30T08:06
T04459,Software Development,Node.js|JavaScript,Medium,9.3,40.1,Bangalore,2026-01-02T04:00,2026-01-03T20:06
T04460,Machine Learning,Deep Learning|PyTorch|Python,Low,7.6,35.2,Mumbai,2026-08-22T04:00,2026-08-23T15:12
T04461,Machine Learning,PyTorch|TensorFlow|Machine Learning,Medium,5.3,14.9,Bangalore,2026-04-22T22:00,2026-04-23T12:54
T04462,Support,SQL|Azure,Critical,3.9,5.9,Coimbatore,2026-08-15T17:00,2026-08-15T22:54
T04463,Cybersecurity,Cybersecurity,Low,10.5,43.8,Pune,2026-06-19T18:00,2026-06-21T13:48
T04464,Cybersecurity,Python|Linux|Azure,Medium,9.1,37.7,Pune,2026-01-14T06:00,2026-01-15T19:42
T04465,Bug Fix,SQL|C++|Java,Low,2.9,24.0,Kolkata,2026-06-26T14:00,2026-06-27T14:00
T04466,Cybersecurity,Python|AWS,High,8.8,20.4,Hyderabad,2026-07-18T05:00,2026-07-19T01:24
T04467,Support,SQL|Java,Medium,3.6,15.3,Pune,2026-05-13T21:00,2026-05-14T12:18
T04468,Software Development,Python|Node.js,High,11.5,28.3,Mumbai,2026-08-15T11:00,2026-08-16T15:18
T04469,Cloud/DevOps,Linux,High,2.9,6.2,Hyderabad,2026-07-29T20:00,2026-07-30T02:12
T04470,Data Engineering,PostgreSQL|Azure,Medium,2.9,12.0,Pune,2026-05-16T23:00,2026-05-17T11:00
T04471,Software Development,Node.js|Java,Critical,12.5,20.3,Coimbatore,2026-02-12T02:00,2026-02-12T22:18
T04472,Cloud/DevOps,AWS|Linux,Medium,4.6,12.7,Mumbai,2026-05-08T17:00,2026-05-09T05:42
T04473,Data Engineering,PostgreSQL,Medium,6.3,27.3,Kolkata,2026-02-18T08:00,2026-02-19T11:18
T04474,Data Engineering,AWS|Python|SQL,Low,4.0,25.1,Hyderabad,2026-08-08T21:00,2026-08-09T22:06
T04475,Data Engineering,Spark,High,10.3,17.2,Hyderabad,2026-04-01T01:00,2026-04-01T18:12
T04476,Testing,SQL|Java,High,4.6,13.0,Pune,2026-02-06T19:00,2026-02-07T08:00
T04477,Machine Learning,Python,Low,4.4,24.0,Pune,2026-01-23T16:00,2026-01-24T16:00
T04478,Bug Fix,Python|Spring Boot,High,6.1,9.4,Mumbai,2026-03-05T11:00,2026-03-05T20:24
T04479,Data Engineering,SQL|PostgreSQL|AWS,Low,7.5,50.3,Remote,2026-04-26T00:00,2026-04-28T02:18
T04480,Cybersecurity,AWS|Azure|Python,Medium,5.0,19.7,Pune,2026-06-09T13:00,2026-06-10T08:42
T04481,Bug Fix,JavaScript,Low,5.6,24.9,Remote,2026-01-27T22:00,2026-01-28T22:54
T04482,Database,Python,High,3.5,7.9,Chennai,2026-05-11T04:00,2026-05-11T11:54
T04483,Bug Fix,Node.js,High,6.0,17.5,Mumbai,2026-06-01T13:00,2026-06-02T06:30
T04484,Data Engineering,Python,Low,4.7,24.0,Bangalore,2026-08-06T02:00,2026-08-07T02:00
T04485,Support,Java,Medium,11.1,35.7,Remote,2026-03-14T03:00,2026-03-15T14:42
T04486,Database,MongoDB|Python,Medium,7.1,29.5,Mumbai,2026-08-16T04:00,2026-08-17T09:30
T04487,Bug Fix,JavaScript,Medium,12.6,43.9,Mumbai,2026-01-24T13:00,2026-01-26T08:54
T04488,Cloud/DevOps,Kubernetes|AWS|Azure,Medium,3.7,12.0,Pune,2026-08-10T06:00,2026-08-10T18:00
T04489,Support,Azure|Java|Python,High,9.8,26.6,Kolkata,2026-04-27T01:00,2026-04-28T03:36
T04490,Support,Java|SQL,Medium,5.8,27.1,Kolkata,2026-08-10T04:00,2026-08-11T07:06
T04491,Testing,Python|JavaScript|Selenium,Low,16.8,115.4,Remote,2026-06-30T19:00,2026-07-05T14:24
T04492,Data Engineering,Spark|SQL,Medium,9.2,30.2,Chennai,2026-03-29T13:00,2026-03-30T19:12
T04493,Testing,SQL|JavaScript|Selenium,Low,6.2,34.9,Kolkata,2026-04-09T04:00,2026-04-10T14:54
T04494,Machine Learning,TensorFlow|SQL,Medium,8.1,19.2,Hyderabad,2026-05-31T17:00,2026-06-01T12:12
T04495,Machine Learning,SQL|Python|PyTorch,Medium,5.9,13.9,Hyderabad,2026-08-25T10:00,2026-08-25T23:54
T04496,Testing,Python|JavaScript|SQL,Medium,5.0,20.9,Remote,2026-04-25T18:00,2026-04-26T14:54
T04497,Database,SQL|MongoDB,High,5.9,17.1,Coimbatore,2026-01-22T04:00,2026-01-22T21:06
T04498,Database,MongoDB,Medium,4.1,15.9,Mumbai,2026-02-22T00:00,2026-02-22T15:54
T04499,Database,PostgreSQL|MongoDB|SQL,Medium,4.3,16.7,Mumbai,2026-05-11T17:00,2026-05-12T09:42
T04500,Database,MongoDB|Java,Medium,2.8,12.0,Bangalore,2026-02-06T01:00,2026-02-06T13:00
T04501,Machine Learning,Deep Learning|Machine Learning,Medium,4.3,12.0,Chennai,2026-04-03T10:00,2026-04-03T22:00
T04502,Bug Fix,Spring Boot,Medium,6.4,15.9,Mumbai,2026-04-05T07:00,2026-04-05T22:54
T04503,Software Development,Java|Spring Boot|JavaScript,Medium,5.1,17.1,Hyderabad,2026-02-23T18:00,2026-02-24T11:06
T04504,Data Engineering,Python|Azure,Medium,7.9,32.9,Remote,2026-05-31T06:00,2026-06-01T14:54
T04505,Data Engineering,Spark,High,5.5,11.5,Remote,2026-03-08T23:00,2026-03-09T10:30
T04506,Bug Fix,C++|JavaScript|Node.js,Medium,4.6,12.2,Pune,2026-05-13T21:00,2026-05-14T09:12
T04507,Testing,Selenium,Critical,8.6,12.7,Delhi,2026-07-18T11:00,2026-07-18T23:42
T04508,Cybersecurity,Cybersecurity|Python|Azure,Critical,5.5,6.8,Mumbai,2026-06-18T04:00,2026-06-18T10:48
T04509,Database,SQL|Python,Medium,5.4,17.8,Hyderabad,2026-02-11T06:00,2026-02-11T23:48
T04510,Testing,Java|Python|Selenium,Medium,6.0,17.2,Coimbatore,2026-01-28T21:00,2026-01-29T14:12
T04511,Software Development,React|Python,Medium,6.4,30.7,Remote,2026-08-23T03:00,2026-08-24T09:42
T04512,Support,Linux|Python|AWS,Critical,2.3,2.6,Kolkata,2026-04-24T20:00,2026-04-24T22:36
T04513,Database,Java|Python|SQL,Critical,9.1,10.8,Coimbatore,2026-05-15T03:00,2026-05-15T13:48
T04514,Software Development,JavaScript|Python|Node.js,Medium,4.5,21.5,Bangalore,2026-03-12T21:00,2026-03-13T18:30
T04515,Machine Learning,TensorFlow|Deep Learning,Low,4.2,24.0,Hyderabad,2026-02-20T20:00,2026-02-21T20:00
T04516,Data Engineering,Spark|AWS,High,5.4,8.4,Coimbatore,2026-08-04T03:00,2026-08-04T11:24
T04517,Cybersecurity,AWS,High,4.5,7.6,Remote,2026-02-28T04:00,2026-02-28T11:36
T04518,Machine Learning,PyTorch|SQL|TensorFlow,Low,6.9,34.0,Chennai,2026-03-26T21:00,2026-03-28T07:00
T04519,Database,Python|SQL|Java,Low,7.0,47.5,Mumbai,2026-04-17T19:00,2026-04-19T18:30
T04520,Testing,JavaScript,High,7.9,17.6,Chennai,2026-04-01T07:00,2026-04-02T00:36
T04521,Cybersecurity,Cybersecurity|Python,Low,3.2,24.0,Hyderabad,2026-02-27T08:00,2026-02-28T08:00
T04522,Data Engineering,PostgreSQL|Spark,High,9.7,15.8,Remote,2026-06-04T08:00,2026-06-04T23:48
T04523,Software Development,JavaScript|React,High,4.4,9.3,Remote,2026-07-22T20:00,2026-07-23T05:18
T04524,Bug Fix,SQL,Medium,5.1,19.4,Bangalore,2026-01-25T16:00,2026-01-26T11:24
T04525,Database,Java,Low,22.9,156.0,Bangalore,2026-08-22T00:00,2026-08-28T12:00
T04526,Data Engineering,SQL|AWS,Medium,6.4,29.3,Delhi,2026-07-27T12:00,2026-07-28T17:18
T04527,Database,MongoDB|Python,Medium,15.6,74.7,Remote,2026-01-30T22:00,2026-02-03T00:42
T04528,Machine Learning,TensorFlow|Python,Medium,6.4,25.5,Chennai,2026-06-28T00:00,2026-06-29T01:30
T04529,Machine Learning,Machine Learning|TensorFlow|SQL,Medium,7.1,27.7,Bangalore,2026-06-25T17:00,2026-06-26T20:42
T04530,Cybersecurity,AWS|Azure|Python,Medium,6.2,23.4,Delhi,2026-05-14T04:00,2026-05-15T03:24
T04531,Machine Learning,Python,Low,9.6,46.3,Remote,2026-04-26T00:00,2026-04-27T22:18
T04532,Cybersecurity,Cybersecurity|Python|Linux,High,7.4,13.7,Hyderabad,2026-03-11T05:00,2026-03-11T18:42
T04533,Bug Fix,Python|C++,Low,8.3,59.1,Kolkata,2026-06-04T20:00,2026-06-07T07:06
T04534,Machine Learning,Machine Learning|SQL|TensorFlow,Critical,9.1,15.6,Mumbai,2026-07-14T12:00,2026-07-15T03:36
T04535,Data Engineering,PostgreSQL|SQL,High,12.6,36.7,Remote,2026-03-31T03:00,2026-04-01T15:42
T04536,Machine Learning,Deep Learning,Low,5.4,30.1,Remote,2026-06-24T17:00,2026-06-25T23:06
T04537,Support,Azure,Critical,5.6,8.1,Remote,2026-04-29T08:00,2026-04-29T16:06
T04538,Software Development,Node.js|C++|Java,Medium,6.8,28.4,Kolkata,2026-06-23T03:00,2026-06-24T07:24
T04539,Testing,Python|Java,Medium,5.2,16.5,Hyderabad,2026-02-20T09:00,2026-02-21T01:30
T04540,Database,PostgreSQL,High,3.8,7.7,Bangalore,2026-02-16T01:00,2026-02-16T08:42
T04541,Software Development,React,High,7.9,14.1,Kolkata,2026-04-20T15:00,2026-04-21T05:06
T04542,Cloud/DevOps,AWS,High,3.9,11.6,Coimbatore,2026-03-28T22:00,2026-03-29T09:36
T04543,Software Development,React|Python|JavaScript,High,3.6,7.7,Chennai,2026-05-25T10:00,2026-05-25T17:42
T04544,Database,PostgreSQL|Python,Medium,6.1,28.6,Chennai,2026-04-27T18:00,2026-04-28T22:36
T04545,Data Engineering,Azure,Medium,6.4,17.9,Delhi,2026-06-05T03:00,2026-06-05T20:54
T04546,Cloud/DevOps,Kubernetes,Critical,5.1,8.7,Mumbai,2026-04-23T21:00,2026-04-24T05:42
T04547,Cybersecurity,AWS|Python,Medium,8.7,19.4,Remote,2026-01-22T23:00,2026-01-23T18:24
T04548,Cybersecurity,AWS|Azure|Cybersecurity,High,3.8,11.3,Remote,2026-05-10T18:00,2026-05-11T05:18
T04549,Cloud/DevOps,AWS|Docker|Azure,Medium,8.9,21.9,Remote,2026-07-16T01:00,2026-07-16T22:54
T04550,Cybersecurity,AWS,Medium,6.0,16.9,Pune,2026-02-05T17:00,2026-02-06T09:54
T04551,Data Engineering,Python,High,7.0,17.3,Remote,2026-02-20T20:00,2026-02-21T13:18
T04552,Machine Learning,Python|PyTorch|SQL,Critical,4.7,6.7,Coimbatore,2026-06-14T01:00,2026-06-14T07:42
T04553,Data Engineering,Spark|AWS|SQL,High,4.6,8.3,Bangalore,2026-01-12T01:00,2026-01-12T09:18
T04554,Bug Fix,JavaScript,Medium,7.9,38.7,Mumbai,2026-06-12T03:00,2026-06-13T17:42
T04555,Cybersecurity,Linux|Python|Cybersecurity,Low,5.7,36.3,Coimbatore,2026-08-11T07:00,2026-08-12T19:18
T04556,Machine Learning,Deep Learning,Medium,8.4,38.8,Hyderabad,2026-05-11T07:00,2026-05-12T21:48
T04557,Support,Java,Medium,5.9,21.9,Bangalore,2026-03-25T08:00,2026-03-26T05:54
T04558,Data Engineering,PostgreSQL,Critical,7.8,10.4,Remote,2026-08-24T16:00,2026-08-25T02:24
T04559,Software Development,Node.js,Critical,5.2,7.7,Remote,2026-08-24T03:00,2026-08-24T10:42
T04560,Bug Fix,C++|SQL|Node.js,Critical,5.6,9.9,Remote,2026-08-23T18:00,2026-08-24T03:54
T04561,Machine Learning,Deep Learning,Medium,7.8,20.3,Remote,2026-07-26T21:00,2026-07-27T17:18
T04562,Bug Fix,Spring Boot,Medium,4.6,15.1,Delhi,2026-05-29T09:00,2026-05-30T00:06
T04563,Cloud/DevOps,Azure|Python,Medium,5.4,18.9,Pune,2026-01-05T01:00,2026-01-05T19:54
T04564,Software Development,Node.js|JavaScript,Critical,8.0,11.3,Remote,2026-06-15T12:00,2026-06-15T23:18
T04565,Testing,SQL,High,8.7,20.3,Bangalore,2026-07-23T09:00,2026-07-24T05:18
T04566,Machine Learning,PyTorch,High,3.7,8.0,Kolkata,2026-07-29T13:00,2026-07-29T21:00
T04567,Support,Azure|Java,Medium,12.8,31.1,Mumbai,2026-04-18T09:00,2026-04-19T16:06
T04568,Machine Learning,TensorFlow,Critical,5.5,6.5,Hyderabad,2026-04-28T23:00,2026-04-29T05:30
T04569,Testing,Java,High,5.1,11.3,Pune,2026-07-05T04:00,2026-07-05T15:18
T04570,Database,Java|SQL,Medium,7.0,22.6,Chennai,2026-04-29T08:00,2026-04-30T06:36
T04571,Support,Azure|Java,Medium,7.6,17.8,Hyderabad,2026-03-16T19:00,2026-03-17T12:48
T04572,Cybersecurity,Azure|Linux,High,8.5,17.3,Mumbai,2026-02-21T02:00,2026-02-21T19:18
T04573,Bug Fix,Spring Boot|SQL|C++,Medium,9.5,23.2,Mumbai,2026-07-31T04:00,2026-08-01T03:12
T04574,Testing,SQL,High,4.0,9.0,Coimbatore,2026-08-10T06:00,2026-08-10T15:00
T04575,Database,Python,Medium,3.3,12.5,Mumbai,2026-01-27T14:00,2026-01-28T02:30
T04576,Machine Learning,Deep Learning|SQL|Python,Medium,6.9,24.2,Bangalore,2026-04-29T20:00,2026-04-30T20:12
T04577,Testing,SQL|Java|Selenium,High,11.0,25.1,Mumbai,2026-07-27T12:00,2026-07-28T13:06
T04578,Testing,SQL,Medium,11.7,33.9,Hyderabad,2026-08-26T10:00,2026-08-27T19:54
T04579,Testing,Selenium|Python|JavaScript,Critical,5.1,8.7,Chennai,2026-01-30T10:00,2026-01-30T18:42
T04580,Cybersecurity,AWS|Linux,Medium,5.2,15.2,Mumbai,2026-07-18T06:00,2026-07-18T21:12
T04581,Database,Python|SQL|Java,Medium,10.6,50.9,Hyderabad,2026-02-24T14:00,2026-02-26T16:54
T04582,Database,Python|Java|PostgreSQL,Low,7.8,38.8,Mumbai,2026-01-18T10:00,2026-01-20T00:48
T04583,Testing,SQL,Medium,8.1,39.3,Delhi,2026-02-03T23:00,2026-02-05T14:18
T04584,Cloud/DevOps,AWS|Docker|Python,High,4.4,6.9,Bangalore,2026-02-05T09:00,2026-02-05T15:54
T04585,Bug Fix,Python|Node.js|Java,Low,6.6,24.0,Coimbatore,2026-04-19T19:00,2026-04-20T19:00
T04586,Database,Python|PostgreSQL,High,3.5,7.2,Bangalore,2026-04-15T02:00,2026-04-15T09:12
T04587,Database,PostgreSQL|SQL|Java,High,9.8,25.0,Pune,2026-03-24T12:00,2026-03-25T13:00
T04588,Cybersecurity,Python|Azure|Cybersecurity,High,4.6,13.4,Remote,2026-04-18T07:00,2026-04-18T20:24
T04589,Testing,SQL|Python|Selenium,Medium,7.5,27.6,Pune,2026-07-06T01:00,2026-07-07T04:36
T04590,Machine Learning,Python,Medium,11.6,48.9,Remote,2026-01-31T19:00,2026-02-02T19:54
T04591,Machine Learning,SQL|PyTorch,Medium,3.4,12.0,Hyderabad,2026-01-15T09:00,2026-01-15T21:00
T04592,Testing,Java|Selenium|Python,High,7.3,21.6,Remote,2026-03-11T23:00,2026-03-12T20:36
T04593,Bug Fix,C++|Java,High,8.1,23.8,Coimbatore,2026-02-24T20:00,2026-02-25T19:48
T04594,Cybersecurity,Azure|Cybersecurity,High,12.2,28.3,Chennai,2026-06-30T15:00,2026-07-01T19:18
T04595,Machine Learning,PyTorch|Machine Learning|TensorFlow,Critical,7.6,12.8,Mumbai,2026-02-23T00:00,2026-02-23T12:48
T04596,Cloud/DevOps,Docker,Medium,5.0,12.0,Hyderabad,2026-06-03T21:00,2026-06-04T09:00
T04597,Testing,Java|SQL,Medium,7.1,29.2,Remote,2026-04-30T09:00,2026-05-01T14:12
T04598,Software Development,Java,Medium,5.3,15.7,Remote,2026-02-19T11:00,2026-02-20T02:42
T04599,Software Development,Python|Node.js|JavaScript,High,7.6,14.1,Coimbatore,2026-01-16T12:00,2026-01-17T02:06
T04600,Cybersecurity,AWS|Linux|Cybersecurity,Medium,6.2,30.4,Mumbai,2026-01-09T18:00,2026-01-11T00:24
T04601,Testing,Selenium|Java|Python,Medium,5.0,18.6,Bangalore,2026-03-16T05:00,2026-03-16T23:36
T04602,Support,AWS|Java,High,9.2,18.0,Pune,2026-03-22T17:00,2026-03-23T11:00
T04603,Testing,JavaScript|Java,Low,4.5,31.5,Remote,2026-07-08T07:00,2026-07-09T14:30
T04604,Software Development,Spring Boot,Low,2.5,24.0,Remote,2026-06-09T12:00,2026-06-10T12:00
T04605,Software Development,JavaScript,High,10.0,29.1,Remote,2026-07-29T08:00,2026-07-30T13:06
T04606,Bug Fix,Python,Medium,7.1,15.3,Kolkata,2026-03-24T16:00,2026-03-25T07:18
T04607,Support,SQL,Critical,5.5,9.2,Kolkata,2026-02-15T04:00,2026-02-15T13:12
T04608,Cloud/DevOps,Azure,Medium,5.5,19.1,Remote,2026-04-22T21:00,2026-04-23T16:06
T04609,Machine Learning,SQL,Low,4.1,24.0,Delhi,2026-05-26T21:00,2026-05-27T21:00
T04610,Support,AWS|Linux|SQL,Critical,5.9,6.9,Hyderabad,2026-05-30T12:00,2026-05-30T18:54
T04611,Testing,JavaScript|Python,Medium,5.5,26.7,Remote,2026-03-15T10:00,2026-03-16T12:42
T04612,Software Development,Spring Boot|Node.js|JavaScript,High,3.8,7.8,Hyderabad,2026-04-22T16:00,2026-04-22T23:48
T04613,Cybersecurity,AWS,High,4.9,9.6,Kolkata,2026-05-31T05:00,2026-05-31T14:36
T04614,Cybersecurity,Python|Azure|AWS,Medium,7.7,28.4,Mumbai,2026-05-30T12:00,2026-05-31T16:24
T04615,Cybersecurity,Azure|AWS,Critical,4.6,6.1,Bangalore,2026-01-19T05:00,2026-01-19T11:06
T04616,Cybersecurity,AWS|Cybersecurity|Linux,High,5.5,13.3,Remote,2026-04-24T11:00,2026-04-25T00:18
T04617,Software Development,Node.js|Java|JavaScript,High,5.6,16.4,Delhi,2026-05-03T06:00,2026-05-03T22:24
T04618,Support,Linux|AWS|Java,Low,4.6,31.3,Mumbai,2026-03-17T14:00,2026-03-18T21:18
T04619,Data Engineering,Azure,High,4.4,7.8,Hyderabad,2026-01-01T09:00,2026-01-01T16:48
T04620,Software Development,Node.js,High,7.6,20.7,Bangalore,2026-07-11T21:00,2026-07-12T17:42
T04621,Cybersecurity,Python,Critical,6.1,10.4,Coimbatore,2026-06-18T12:00,2026-06-18T22:24
T04622,Bug Fix,C++,Medium,4.9,21.6,Remote,2026-04-18T22:00,2026-04-19T19:36
T04623,Support,Linux|Azure,Medium,8.9,34.1,Remote,2026-03-24T10:00,2026-03-25T20:06
T04624,Bug Fix,Node.js|JavaScript,Medium,3.7,14.6,Mumbai,2026-08-22T08:00,2026-08-22T22:36
T04625,Data Engineering,Azure|PostgreSQL|Spark,Low,2.8,24.0,Pune,2026-02-19T05:00,2026-02-20T05:00
T04626,Database,SQL,Low,3.9,24.0,Delhi,2026-07-16T16:00,2026-07-17T16:00
T04627,Support,Azure|SQL|AWS,Medium,9.8,31.1,Coimbatore,2026-01-10T01:00,2026-01-11T08:06
T04628,Database,MongoDB|SQL|Python,High,4.9,13.1,Hyderabad,2026-07-31T11:00,2026-08-01T00:06
T04629,Testing,JavaScript|Python,Medium,3.5,12.0,Remote,2026-03-31T17:00,2026-04-01T05:00
T04630,Bug Fix,Python|Node.js|Spring Boot,Medium,8.3,30.2,Bangalore,2026-04-11T20:00,2026-04-13T02:12
T04631,Cloud/DevOps,Python,Medium,4.2,14.0,Kolkata,2026-04-22T02:00,2026-04-22T16:00
T04632,Database,Python|SQL|MongoDB,Medium,10.4,29.4,Hyderabad,2026-01-02T03:00,2026-01-03T08:24
T04633,Bug Fix,SQL,Medium,9.9,31.1,Remote,2026-05-05T23:00,2026-05-07T06:06
T04634,Cloud/DevOps,Docker|Linux|Azure,Medium,10.9,40.9,Bangalore,2026-04-18T06:00,2026-04-19T22:54
T04635,Cybersecurity,Cybersecurity|Python|Linux,Medium,7.2,15.0,Chennai,2026-02-16T22:00,2026-02-17T13:00
T04636,Data Engineering,PostgreSQL|Python,Low,4.3,30.4,Bangalore,2026-06-29T03:00,2026-06-30T09:24
T04637,Testing,JavaScript|SQL,Medium,3.3,12.0,Pune,2026-01-10T15:00,2026-01-11T03:00
T04638,Testing,JavaScript,Medium,7.2,18.8,Mumbai,2026-07-25T11:00,2026-07-26T05:48
T04639,Support,Azure|Java|SQL,Medium,6.4,26.4,Kolkata,2026-07-13T22:00,2026-07-15T00:24
T04640,Bug Fix,Node.js|Java|C++,Low,2.2,24.0,Bangalore,2026-01-02T07:00,2026-01-03T07:00
T04641,Machine Learning,Deep Learning,Medium,3.8,12.6,Kolkata,2026-03-13T12:00,2026-03-14T00:36
T04642,Data Engineering,AWS|PostgreSQL,High,5.5,12.5,Remote,2026-02-03T22:00,2026-02-04T10:30
T04643,Software Development,Spring Boot|Java|Python,High,2.3,6.3,Bangalore,2026-08-09T20:00,2026-08-10T02:18
T04644,Software Development,JavaScript|Node.js,Medium,8.3,24.5,Remote,2026-03-04T04:00,2026-03-05T04:30
T04645,Support,SQL|Python|Java,Medium,5.5,12.0,Pune,2026-06-17T21:00,2026-06-18T09:00
T04646,Cloud/DevOps,Linux|AWS|Python,High,8.5,16.5,Bangalore,2026-02-18T13:00,2026-02-19T05:30
T04647,Bug Fix,Java|C++,Low,11.7,90.5,Hyderabad,2026-04-05T05:00,2026-04-08T23:30
T04648,Bug Fix,Spring Boot,Medium,4.8,12.8,Chennai,2026-08-03T07:00,2026-08-03T19:48
T04649,Database,PostgreSQL|MongoDB|Python,High,4.0,7.5,Mumbai,2026-04-27T21:00,2026-04-28T04:30
T04650,Bug Fix,Spring Boot,Medium,7.0,17.3,Kolkata,2026-06-28T01:00,2026-06-28T18:18
T04651,Cybersecurity,Python|Azure|Linux,Medium,3.5,16.9,Bangalore,2026-07-30T17:00,2026-07-31T09:54
T04652,Software Development,C++|Spring Boot,Medium,3.8,12.0,Hyderabad,2026-04-02T19:00,2026-04-03T07:00
T04653,Data Engineering,SQL|Python|Azure,High,4.2,6.9,Hyderabad,2026-05-14T02:00,2026-05-14T08:54
T04654,Testing,SQL|Python|Selenium,Medium,8.5,41.0,Remote,2026-04-03T19:00,2026-04-05T12:00
T04655,Cloud/DevOps,Python|Linux,Medium,6.5,18.7,Bangalore,2026-03-29T22:00,2026-03-30T16:42
T04656,Software Development,React|JavaScript,High,5.1,8.5,Mumbai,2026-08-14T05:00,2026-08-14T13:30
T04657,Machine Learning,Deep Learning|PyTorch|Python,Critical,8.6,14.7,Pune,2026-05-21T23:00,2026-05-22T13:42
T04658,Testing,Python|SQL,Medium,3.7,12.0,Mumbai,2026-03-30T15:00,2026-03-31T03:00
T04659,Support,AWS|Python|Java,Medium,13.5,37.1,Coimbatore,2026-02-16T07:00,2026-02-17T20:06
T04660,Support,Linux|SQL,Medium,6.6,21.8,Remote,2026-06-12T17:00,2026-06-13T14:48
T04661,Database,MongoDB|PostgreSQL,High,5.9,17.7,Kolkata,2026-07-31T03:00,2026-07-31T20:42
T04662,Cloud/DevOps,Azure|Python,Medium,4.1,17.6,Chennai,2026-02-12T00:00,2026-02-12T17:36
T04663,Support,Linux|Java|SQL,Medium,5.9,29.1,Kolkata,2026-03-11T20:00,2026-03-13T01:06
T04664,Software Development,JavaScript|Java,Medium,3.1,12.0,Chennai,2026-02-20T06:00,2026-02-20T18:00
T04665,Machine Learning,Machine Learning,Medium,12.6,48.9,Kolkata,2026-05-28T00:00,2026-05-30T00:54
T04666,Machine Learning,Deep Learning,Medium,8.9,34.9,Mumbai,2026-06-06T00:00,2026-06-07T10:54
T04667,Support,Python,Critical,9.0,14.8,Mumbai,2026-05-03T00:00,2026-05-03T14:48
T04668,Software Development,Node.js|JavaScript|C++,Medium,8.1,33.5,Coimbatore,2026-02-04T12:00,2026-02-05T21:30
T04669,Bug Fix,SQL,Critical,6.7,7.9,Remote,2026-06-30T12:00,2026-06-30T19:54
T04670,Testing,Selenium,Medium,3.0,12.0,Mumbai,2026-03-22T15:00,2026-03-23T03:00
T04671,Machine Learning,Machine Learning|SQL,Medium,9.7,41.8,Kolkata,2026-04-27T05:00,2026-04-28T22:48
T04672,Software Development,Java|Node.js,High,4.4,8.4,Hyderabad,2026-02-13T22:00,2026-02-14T06:24
T04673,Software Development,Node.js,High,5.8,10.4,Bangalore,2026-08-03T06:00,2026-08-03T16:24
T04674,Machine Learning,SQL,Medium,9.5,46.4,Pune,2026-04-11T12:00,2026-04-13T10:24
T04675,Database,PostgreSQL|SQL|Java,Low,3.6,25.4,Remote,2026-03-29T05:00,2026-03-30T06:24
T04676,Bug Fix,Python,Medium,12.8,43.7,Bangalore,2026-05-28T17:00,2026-05-30T12:42
T04677,Testing,JavaScript|Python|Selenium,Critical,5.4,8.3,Coimbatore,2026-04-07T06:00,2026-04-07T14:18
T04678,Data Engineering,SQL|Python|AWS,Critical,6.6,9.9,Coimbatore,2026-05-02T18:00,2026-05-03T03:54
T04679,Cybersecurity,Cybersecurity|Azure,High,3.4,6.6,Chennai,2026-05-26T20:00,2026-05-27T02:36
T04680,Database,Python|SQL,Low,8.6,42.5,Mumbai,2026-02-19T12:00,2026-02-21T06:30
T04681,Cloud/DevOps,AWS,Critical,3.3,4.6,Remote,2026-06-11T06:00,2026-06-11T10:36
T04682,Database,PostgreSQL|Python,Critical,4.5,7.5,Coimbatore,2026-04-30T10:00,2026-04-30T17:30
T04683,Support,Java|AWS,Low,3.2,24.4,Coimbatore,2026-08-25T23:00,2026-08-26T23:24
T04684,Bug Fix,Python|SQL|Spring Boot,Medium,5.2,12.6,Remote,2026-03-01T18:00,2026-03-02T06:36
T04685,Machine Learning,Python|SQL|Machine Learning,Medium,8.1,38.9,Mumbai,2026-01-12T01:00,2026-01-13T15:54
T04686,Data Engineering,SQL|Spark|AWS,High,8.5,23.2,Pune,2026-02-25T00:00,2026-02-25T23:12
T04687,Cybersecurity,Cybersecurity,Medium,3.6,16.9,Chennai,2026-06-19T02:00,2026-06-19T18:54
T04688,Cybersecurity,Linux|Python,Critical,4.3,7.3,Bangalore,2026-03-12T19:00,2026-03-13T02:18
T04689,Cybersecurity,AWS|Azure|Cybersecurity,Medium,7.9,22.4,Mumbai,2026-02-27T12:00,2026-02-28T10:24
T04690,Data Engineering,Spark,High,6.8,20.1,Bangalore,2026-04-25T20:00,2026-04-26T16:06
T04691,Testing,SQL|Selenium|Java,Medium,5.8,28.0,Delhi,2026-05-06T09:00,2026-05-07T13:00
T04692,Machine Learning,PyTorch|SQL,Medium,5.6,17.6,Mumbai,2026-01-15T00:00,2026-01-15T17:36
T04693,Cloud/DevOps,AWS,Low,12.0,76.9,Pune,2026-03-22T10:00,2026-03-25T14:54
T04694,Testing,Selenium,Medium,7.2,32.6,Kolkata,2026-03-05T00:00,2026-03-06T08:36
T04695,Software Development,Node.js|React|C++,Low,8.2,46.2,Mumbai,2026-07-28T22:00,2026-07-30T20:12
T04696,Support,Linux|Python|Java,Medium,7.2,30.9,Kolkata,2026-05-01T14:00,2026-05-02T20:54
T04697,Database,PostgreSQL|MongoDB,High,14.5,35.8,Chennai,2026-07-16T10:00,2026-07-17T21:48
T04698,Machine Learning,PyTorch|Machine Learning,High,4.6,10.9,Kolkata,2026-04-14T21:00,2026-04-15T07:54
T04699,Support,SQL|Python,Medium,7.3,32.2,Bangalore,2026-08-18T17:00,2026-08-20T01:12
T04700,Machine Learning,PyTorch,Low,6.3,31.6,Kolkata,2026-04-19T17:00,2026-04-21T00:36
T04701,Testing,Selenium|JavaScript,High,15.7,42.5,Delhi,2026-06-28T16:00,2026-06-30T10:30
T04702,Bug Fix,C++|SQL|Node.js,High,4.0,7.3,Coimbatore,2026-06-15T00:00,2026-06-15T07:18
T04703,Software Development,Python|Spring Boot|Node.js,Critical,4.6,6.3,Mumbai,2026-01-08T07:00,2026-01-08T13:18
T04704,Support,Java|Python,Low,4.5,26.2,Hyderabad,2026-01-26T13:00,2026-01-27T15:12
T04705,Bug Fix,C++,High,3.7,7.8,Coimbatore,2026-05-09T19:00,2026-05-10T02:48
T04706,Database,Java,High,6.8,10.8,Delhi,2026-08-01T14:00,2026-08-02T00:48
T04707,Cloud/DevOps,AWS|Kubernetes|Azure,Medium,13.1,46.8,Remote,2026-06-18T16:00,2026-06-20T14:48
T04708,Software Development,Java,Medium,5.8,13.4,Pune,2026-04-02T05:00,2026-04-02T18:24
T04709,Database,SQL|Python|PostgreSQL,High,4.6,11.3,Delhi,2026-05-22T00:00,2026-05-22T11:18
T04710,Data Engineering,Spark|AWS,Medium,4.9,19.4,Kolkata,2026-07-15T07:00,2026-07-16T02:24
T04711,Testing,Selenium,Medium,5.8,15.3,Mumbai,2026-06-11T00:00,2026-06-11T15:18
T04712,Cybersecurity,Cybersecurity|Azure,Medium,3.0,13.5,Coimbatore,2026-08-04T07:00,2026-08-04T20:30
T04713,Data Engineering,SQL,High,3.9,10.7,Remote,2026-01-03T11:00,2026-01-03T21:42
T04714,Cloud/DevOps,Python,Low,7.7,51.1,Coimbatore,2026-01-15T15:00,2026-01-17T18:06
T04715,Cybersecurity,AWS|Azure,High,4.7,7.6,Delhi,2026-01-03T03:00,2026-01-03T10:36
T04716,Data Engineering,SQL|Azure|Spark,Low,4.0,30.2,Remote,2026-03-20T16:00,2026-03-21T22:12
T04717,Support,Python|SQL|Azure,Medium,5.5,13.6,Mumbai,2026-04-23T19:00,2026-04-24T08:36
T04718,Testing,SQL|Python|Java,Low,4.2,28.1,Coimbatore,2026-03-28T19:00,2026-03-29T23:06
T04719,Data Engineering,Spark|AWS,Low,6.9,28.1,Mumbai,2026-06-27T06:00,2026-06-28T10:06
T04720,Machine Learning,SQL,Medium,4.5,15.7,Coimbatore,2026-03-03T14:00,2026-03-04T05:42
T04721,Machine Learning,Python,Medium,4.7,18.1,Bangalore,2026-08-23T15:00,2026-08-24T09:06
T04722,Machine Learning,PyTorch,Medium,4.8,21.4,Pune,2026-01-06T06:00,2026-01-07T03:24
T04723,Support,Linux,Medium,5.9,27.9,Remote,2026-04-16T05:00,2026-04-17T08:54
T04724,Software Development,Node.js|React,Medium,3.7,15.8,Delhi,2026-01-22T11:00,2026-01-23T02:48
T04725,Cybersecurity,Linux,Critical,17.5,24.0,Pune,2026-03-01T23:00,2026-03-02T23:00
T04726,Bug Fix,Java|JavaScript|Spring Boot,Low,4.2,25.1,Pune,2026-07-28T13:00,2026-07-29T14:06
T04727,Support,Azure|Java,Critical,4.8,8.5,Hyderabad,2026-04-20T20:00,2026-04-21T04:30
T04728,Database,MongoDB,Medium,3.6,13.5,Bangalore,2026-08-24T04:00,2026-08-24T17:30
T04729,Database,PostgreSQL,Critical,18.0,24.0,Delhi,2026-06-28T06:00,2026-06-29T06:00
T04730,Testing,JavaScript|Python|Selenium,Medium,4.1,18.0,Delhi,2026-04-20T17:00,2026-04-21T11:00
T04731,Testing,Python|Selenium,Medium,11.3,27.9,Coimbatore,2026-08-24T09:00,2026-08-25T12:54
T04732,Machine Learning,TensorFlow|Deep Learning,High,12.0,24.5,Hyderabad,2026-04-13T20:00,2026-04-14T20:30
T04733,Support,Linux,Low,2.4,24.0,Hyderabad,2026-07-09T12:00,2026-07-10T12:00
T04734,Cloud/DevOps,Kubernetes|Linux,High,9.9,26.2,Mumbai,2026-03-16T21:00,2026-03-17T23:12
T04735,Cloud/DevOps,Linux|Azure,High,11.9,17.9,Hyderabad,2026-06-15T16:00,2026-06-16T09:54
T04736,Database,Python|SQL|MongoDB,Low,5.0,39.3,Coimbatore,2026-03-21T19:00,2026-03-23T10:18
T04737,Bug Fix,Java,Medium,7.6,23.9,Bangalore,2026-04-17T10:00,2026-04-18T09:54
T04738,Bug Fix,Python|Node.js,Medium,6.3,22.9,Delhi,2026-03-14T16:00,2026-03-15T14:54
T04739,Software Development,C++|Java|React,Medium,11.5,35.6,Mumbai,2026-04-26T16:00,2026-04-28T03:36
T04740,Data Engineering,Spark,Low,8.1,57.9,Chennai,2026-05-31T06:00,2026-06-02T15:54
T04741,Testing,Java|Selenium,Low,5.8,39.2,Delhi,2026-01-11T18:00,2026-01-13T09:12
T04742,Cybersecurity,Python|Linux|AWS,High,7.5,20.6,Remote,2026-04-26T00:00,2026-04-26T20:36
T04743,Cybersecurity,Linux,High,9.0,16.6,Coimbatore,2026-03-01T11:00,2026-03-02T03:36
T04744,Testing,Selenium,High,5.8,13.9,Kolkata,2026-01-31T07:00,2026-01-31T20:54
T04745,Testing,Python,High,11.3,32.1,Bangalore,2026-01-28T03:00,2026-01-29T11:06
T04746,Machine Learning,TensorFlow,High,14.2,40.2,Pune,2026-07-22T10:00,2026-07-24T02:12
T04747,Support,Linux|AWS|SQL,Medium,3.4,13.8,Remote,2026-03-10T05:00,2026-03-10T18:48
T04748,Testing,Python,Medium,7.1,26.1,Remote,2026-04-18T04:00,2026-04-19T06:06
T04749,Database,PostgreSQL|Python,High,4.1,11.2,Kolkata,2026-04-11T07:00,2026-04-11T18:12
T04750,Support,AWS|Linux|Azure,Critical,4.7,6.1,Pune,2026-07-12T20:00,2026-07-13T02:06
T04751,Bug Fix,Java,Low,7.9,28.4,Kolkata,2026-02-22T01:00,2026-02-23T05:24
T04752,Support,Java|Azure,Medium,10.1,42.1,Kolkata,2026-06-02T10:00,2026-06-04T04:06
T04753,Support,Python|Linux,Critical,5.6,9.2,Hyderabad,2026-07-31T23:00,2026-08-01T08:12
T04754,Cloud/DevOps,Python,High,14.5,37.8,Hyderabad,2026-07-13T17:00,2026-07-15T06:48
T04755,Cloud/DevOps,Azure|Docker|Kubernetes,High,4.9,12.3,Hyderabad,2026-07-23T09:00,2026-07-23T21:18
T04756,Data Engineering,SQL|Spark,Medium,8.4,17.6,Hyderabad,2026-02-06T09:00,2026-02-07T02:36
T04757,Bug Fix,Spring Boot,Medium,5.9,18.3,Hyderabad,2026-02-02T19:00,2026-02-03T13:18
T04758,Data Engineering,AWS|SQL,Low,3.4,24.0,Hyderabad,2026-05-21T18:00,2026-05-22T18:00
T04759,Database,Python|SQL|PostgreSQL,Critical,8.8,15.2,Remote,2026-07-09T04:00,2026-07-09T19:12
T04760,Bug Fix,JavaScript,High,7.8,16.8,Kolkata,2026-08-21T18:00,2026-08-22T10:48
T04761,Cybersecurity,Linux|Azure,High,4.8,7.2,Remote,2026-03-15T01:00,2026-03-15T08:12
T04762,Data Engineering,PostgreSQL|AWS|Azure,Medium,2.5,12.0,Coimbatore,2026-07-30T18:00,2026-07-31T06:00
T04763,Machine Learning,SQL|TensorFlow,High,3.1,6.4,Remote,2026-04-18T17:00,2026-04-18T23:24
T04764,Data Engineering,AWS|Spark|PostgreSQL,Medium,6.4,14.3,Pune,2026-02-05T19:00,2026-02-06T09:18
T04765,Machine Learning,Python,High,3.7,9.8,Remote,2026-07-15T13:00,2026-07-15T22:48
T04766,Testing,Java,Medium,4.7,14.6,Coimbatore,2026-04-19T19:00,2026-04-20T09:36
T04767,Cloud/DevOps,Azure,Medium,5.4,25.3,Kolkata,2026-07-08T01:00,2026-07-09T02:18
T04768,Support,SQL|Java,Medium,1.9,12.0,Kolkata,2026-03-24T10:00,2026-03-24T22:00
T04769,Testing,SQL|JavaScript,Medium,3.8,12.0,Delhi,2026-08-09T18:00,2026-08-10T06:00
T04770,Bug Fix,Python|Java|Spring Boot,Medium,2.2,12.0,Delhi,2026-04-29T14:00,2026-04-30T02:00
T04771,Software Development,React|Spring Boot,Medium,13.0,41.8,Chennai,2026-03-09T13:00,2026-03-11T06:48
T04772,Software Development,C++,Critical,4.8,8.6,Delhi,2026-06-05T01:00,2026-06-05T09:36
T04773,Software Development,Node.js|Spring Boot,High,8.0,23.4,Delhi,2026-05-27T00:00,2026-05-27T23:24
T04774,Cybersecurity,Python|Linux,Low,7.9,34.4,Coimbatore,2026-06-25T10:00,2026-06-26T20:24
T04775,Testing,Java,High,3.9,8.9,Remote,2026-08-10T17:00,2026-08-11T01:54
T04776,Cloud/DevOps,Kubernetes|AWS|Linux,Low,5.9,24.1,Remote,2026-03-14T04:00,2026-03-15T04:06
T04777,Machine Learning,SQL|PyTorch|Machine Learning,Medium,6.7,25.0,Hyderabad,2026-02-11T22:00,2026-02-12T23:00
T04778,Bug Fix,Node.js|Spring Boot|SQL,Low,5.8,29.6,Chennai,2026-07-11T04:00,2026-07-12T09:36
T04779,Support,AWS,Medium,4.5,19.1,Bangalore,2026-02-05T09:00,2026-02-06T04:06
T04780,Data Engineering,AWS|Python,Medium,8.7,21.8,Coimbatore,2026-05-21T19:00,2026-05-22T16:48
T04781,Cybersecurity,Cybersecurity|AWS,Critical,4.5,7.6,Kolkata,2026-05-19T04:00,2026-05-19T11:36
T04782,Machine Learning,Machine Learning,Medium,13.3,46.1,Delhi,2026-04-10T05:00,2026-04-12T03:06
T04783,Cloud/DevOps,Linux|Azure,Critical,5.5,6.4,Remote,2026-03-04T14:00,2026-03-04T20:24
T04784,Cloud/DevOps,Kubernetes|Docker,Low,4.7,24.0,Coimbatore,2026-02-13T21:00,2026-02-14T21:00
T04785,Testing,Java|SQL|Selenium,Medium,4.6,20.0,Chennai,2026-04-23T22:00,2026-04-24T18:00
T04786,Machine Learning,TensorFlow|Python,High,4.2,11.6,Remote,2026-03-06T11:00,2026-03-06T22:36
T04787,Cloud/DevOps,Docker|Python,Medium,3.7,13.4,Coimbatore,2026-05-31T21:00,2026-06-01T10:24
T04788,Database,Java,Critical,6.9,8.2,Mumbai,2026-06-26T06:00,2026-06-26T14:12
T04789,Support,Python|Azure|Java,High,9.7,17.7,Coimbatore,2026-04-22T15:00,2026-04-23T08:42
T04790,Bug Fix,JavaScript,High,5.4,13.8,Delhi,2026-04-27T13:00,2026-04-28T02:48
T04791,Cybersecurity,Azure|AWS|Python,High,7.1,13.8,Kolkata,2026-04-21T16:00,2026-04-22T05:48
T04792,Machine Learning,Python|Machine Learning,Medium,2.2,12.0,Hyderabad,2026-01-28T01:00,2026-01-28T13:00
T04793,Bug Fix,Spring Boot,Medium,4.4,16.9,Remote,2026-04-01T08:00,2026-04-02T00:54
T04794,Cybersecurity,Python|AWS,High,12.9,36.6,Hyderabad,2026-06-02T10:00,2026-06-03T22:36
T04795,Cybersecurity,AWS|Azure,Medium,6.4,21.8,Coimbatore,2026-03-15T10:00,2026-03-16T07:48
T04796,Support,Azure,Low,7.9,53.5,Bangalore,2026-02-08T14:00,2026-02-10T19:30
T04797,Bug Fix,Python|C++,High,3.2,6.2,Delhi,2026-06-13T07:00,2026-06-13T13:12
T04798,Cloud/DevOps,Linux,Critical,5.5,8.0,Remote,2026-08-29T02:00,2026-08-29T10:00
T04799,Support,AWS|Java|Azure,High,8.5,20.6,Mumbai,2026-06-09T18:00,2026-06-10T14:36
T04800,Database,SQL,Medium,6.9,33.7,Pune,2026-06-09T04:00,2026-06-10T13:42
T04801,Bug Fix,SQL|Node.js|Java,Critical,12.6,15.4,Hyderabad,2026-05-23T14:00,2026-05-24T05:24
T04802,Cloud/DevOps,AWS,Medium,13.3,57.8,Hyderabad,2026-08-07T08:00,2026-08-09T17:48
T04803,Database,Java|Python|PostgreSQL,Medium,10.0,39.2,Chennai,2026-02-15T17:00,2026-02-17T08:12
T04804,Data Engineering,Python|Azure,Medium,2.3,12.0,Mumbai,2026-04-19T12:00,2026-04-20T00:00
T04805,Machine Learning,Deep Learning,Medium,6.8,23.3,Chennai,2026-02-02T20:00,2026-02-03T19:18
T04806,Cybersecurity,Cybersecurity|Azure|Python,Medium,7.4,27.9,Chennai,2026-03-27T06:00,2026-03-28T09:54
T04807,Cloud/DevOps,Linux,Critical,6.3,7.6,Remote,2026-04-14T02:00,2026-04-14T09:36
T04808,Cybersecurity,AWS|Linux,Low,12.6,58.9,Mumbai,2026-06-03T12:00,2026-06-05T22:54
T04809,Bug Fix,C++|Python,Critical,8.2,10.8,Remote,2026-05-19T06:00,2026-05-19T16:48
T04810,Cloud/DevOps,AWS,Medium,6.1,29.1,Pune,2026-07-20T09:00,2026-07-21T14:06
T04811,Software Development,JavaScript,Low,6.9,34.7,Pune,2026-01-17T16:00,2026-01-19T02:42
T04812,Machine Learning,SQL|Machine Learning,Medium,10.2,44.9,Remote,2026-03-04T22:00,2026-03-06T18:54
T04813,Cybersecurity,Cybersecurity,High,9.1,25.3,Pune,2026-06-15T00:00,2026-06-16T01:18
T04814,Data Engineering,Python,High,6.0,11.4,Bangalore,2026-02-18T12:00,2026-02-18T23:24
T04815,Cloud/DevOps,Kubernetes,High,5.9,10.9,Hyderabad,2026-01-28T23:00,2026-01-29T09:54
T04816,Testing,Selenium|Python|SQL,Medium,4.2,13.3,Kolkata,2026-02-19T10:00,2026-02-19T23:18
T04817,Testing,SQL|Selenium,Critical,3.8,6.6,Delhi,2026-02-01T17:00,2026-02-01T23:36
T04818,Cybersecurity,Linux,Medium,4.0,13.5,Kolkata,2026-06-23T13:00,2026-06-24T02:30
T04819,Data Engineering,AWS,Medium,8.1,18.3,Delhi,2026-02-12T08:00,2026-02-13T02:18
T04820,Software Development,C++|React|Java,Low,3.8,27.8,Bangalore,2026-06-13T15:00,2026-06-14T18:48
T04821,Testing,Java|SQL,Medium,3.7,13.0,Chennai,2026-04-05T19:00,2026-04-06T08:00
T04822,Testing,Python|JavaScript,High,6.4,16.6,Pune,2026-05-24T18:00,2026-05-25T10:36
T04823,Support,Azure|Java,High,4.5,8.2,Remote,2026-07-25T12:00,2026-07-25T20:12
T04824,Data Engineering,AWS|PostgreSQL,Medium,5.8,28.8,Kolkata,2026-02-18T13:00,2026-02-19T17:48
T04825,Cloud/DevOps,Docker|Kubernetes,High,3.5,6.6,Delhi,2026-07-01T17:00,2026-07-01T23:36
T04826,Machine Learning,PyTorch,Low,4.2,33.1,Mumbai,2026-04-09T15:00,2026-04-11T00:06
T04827,Testing,Java,Medium,4.3,17.5,Mumbai,2026-01-07T21:00,2026-01-08T14:30
T04828,Testing,Python|SQL,Medium,4.1,16.3,Delhi,2026-01-02T09:00,2026-01-03T01:18
T04829,Data Engineering,Azure,Medium,7.9,27.2,Coimbatore,2026-05-25T09:00,2026-05-26T12:12
T04830,Software Development,JavaScript,Medium,12.6,50.8,Delhi,2026-01-22T03:00,2026-01-24T05:48
T04831,Bug Fix,Spring Boot|C++|Node.js,Medium,6.8,23.4,Hyderabad,2026-04-04T12:00,2026-04-05T11:24
T04832,Machine Learning,Machine Learning|SQL|PyTorch,High,6.7,15.6,Hyderabad,2026-08-13T23:00,2026-08-14T14:36
T04833,Cybersecurity,Azure|Linux|AWS,Medium,9.9,35.8,Delhi,2026-07-08T16:00,2026-07-10T03:48
T04834,Data Engineering,SQL|Azure|Spark,Low,11.5,82.4,Remote,2026-04-30T08:00,2026-05-03T18:24
T04835,Database,Python|PostgreSQL|MongoDB,High,3.1,7.1,Delhi,2026-03-22T19:00,2026-03-23T02:06
T04836,Testing,SQL|Selenium|Python,Medium,4.4,16.6,Remote,2026-06-26T15:00,2026-06-27T07:36
T04837,Software Development,React|C++|Python,Critical,2.7,3.8,Remote,2026-05-01T03:00,2026-05-01T06:48
T04838,Software Development,React|C++,Medium,6.3,21.0,Hyderabad,2026-01-31T11:00,2026-02-01T08:00
T04839,Database,Java,Critical,7.4,12.8,Remote,2026-08-28T17:00,2026-08-29T05:48
T04840,Machine Learning,Python,Medium,7.4,29.6,Bangalore,2026-07-16T08:00,2026-07-17T13:36
T04841,Data Engineering,Python|Azure,High,4.5,10.5,Kolkata,2026-03-29T20:00,2026-03-30T06:30
T04842,Machine Learning,Deep Learning|Python,Medium,3.9,15.0,Delhi,2026-06-20T09:00,2026-06-21T00:00
T04843,Bug Fix,Python,Medium,4.9,13.7,Delhi,2026-05-15T16:00,2026-05-16T05:42
T04844,Support,Python|Linux,High,7.8,12.1,Kolkata,2026-03-11T23:00,2026-03-12T11:06
T04845,Support,Azure|Java|Linux,Medium,7.7,33.3,Chennai,2026-02-18T02:00,2026-02-19T11:18
T04846,Support,Python|AWS,Medium,7.4,32.5,Mumbai,2026-01-10T14:00,2026-01-11T22:30
T04847,Software Development,Java|JavaScript,High,3.3,8.7,Mumbai,2026-08-24T22:00,2026-08-25T06:42
T04848,Database,MongoDB|PostgreSQL,High,10.0,29.9,Pune,2026-07-27T16:00,2026-07-28T21:54
T04849,Cybersecurity,Cybersecurity,Medium,9.0,35.2,Kolkata,2026-07-31T12:00,2026-08-01T23:12
T04850,Data Engineering,SQL,High,7.3,21.8,Hyderabad,2026-02-18T23:00,2026-02-19T20:48
T04851,Software Development,Python,Medium,5.8,26.8,Remote,2026-03-23T06:00,2026-03-24T08:48
T04852,Cybersecurity,Azure|Linux|Python,High,2.6,6.0,Remote,2026-06-10T22:00,2026-06-11T04:00
T04853,Software Development,React,Medium,8.4,40.9,Chennai,2026-08-20T15:00,2026-08-22T07:54
T04854,Cloud/DevOps,AWS,Low,8.7,53.0,Coimbatore,2026-06-20T08:00,2026-06-22T13:00
T04855,Cloud/DevOps,Docker|Linux|Azure,High,8.6,14.8,Pune,2026-04-30T03:00,2026-04-30T17:48
T04856,Cloud/DevOps,Kubernetes|Docker,Medium,4.6,19.5,Remote,2026-03-29T19:00,2026-03-30T14:30
T04857,Testing,Selenium|Java,High,9.9,24.6,Kolkata,2026-07-30T07:00,2026-07-31T07:36
T04858,Machine Learning,Python,Medium,3.4,12.0,Chennai,2026-05-18T14:00,2026-05-19T02:00
T04859,Software Development,Spring Boot|C++,High,5.5,8.8,Delhi,2026-06-14T18:00,2026-06-15T02:48
T04860,Cybersecurity,Cybersecurity,High,6.2,9.7,Remote,2026-03-13T14:00,2026-03-13T23:42
T04861,Bug Fix,Spring Boot,High,7.0,19.2,Bangalore,2026-08-10T14:00,2026-08-11T09:12
T04862,Testing,Java|SQL,High,10.6,27.9,Remote,2026-01-25T00:00,2026-01-26T03:54
T04863,Data Engineering,AWS|SQL|Python,High,4.3,8.8,Coimbatore,2026-05-16T17:00,2026-05-17T01:48
T04864,Cloud/DevOps,Docker,Medium,9.3,22.8,Delhi,2026-06-21T21:00,2026-06-22T19:48
T04865,Testing,JavaScript|Python|SQL,Critical,6.5,9.9,Remote,2026-01-19T14:00,2026-01-19T23:54
T04866,Support,Java|SQL,Medium,8.9,26.0,Coimbatore,2026-01-24T13:00,2026-01-25T15:00
T04867,Data Engineering,Azure|Python,High,4.9,9.6,Kolkata,2026-08-01T18:00,2026-08-02T03:36
T04868,Cloud/DevOps,Kubernetes|Azure,Medium,3.4,17.0,Remote,2026-01-13T23:00,2026-01-14T16:00
T04869,Testing,SQL|Selenium,Medium,8.3,38.8,Hyderabad,2026-08-10T19:00,2026-08-12T09:48
T04870,Software Development,React|Spring Boot,Medium,3.3,15.0,Mumbai,2026-04-25T13:00,2026-04-26T04:00
T04871,Cloud/DevOps,AWS|Linux|Docker,High,7.8,17.4,Remote,2026-01-11T07:00,2026-01-12T00:24
T04872,Database,PostgreSQL|SQL|MongoDB,Medium,4.3,19.9,Remote,2026-03-14T23:00,2026-03-15T18:54
T04873,Machine Learning,Machine Learning|Python,High,9.7,28.1,Delhi,2026-01-15T14:00,2026-01-16T18:06
T04874,Bug Fix,Python,Medium,9.2,20.4,Pune,2026-01-07T14:00,2026-01-08T10:24
T04875,Testing,Java|JavaScript|Selenium,Low,10.7,39.1,Delhi,2026-03-06T07:00,2026-03-07T22:06
T04876,Data Engineering,PostgreSQL,Medium,4.1,18.7,Hyderabad,2026-08-19T08:00,2026-08-20T02:42
T04877,Support,SQL,Critical,5.3,7.7,Chennai,2026-01-03T21:00,2026-01-04T04:42
T04878,Testing,Java|JavaScript,High,3.9,9.6,Mumbai,2026-03-13T03:00,2026-03-13T12:36
T04879,Cloud/DevOps,Linux|Kubernetes,Medium,6.6,32.2,Remote,2026-05-23T15:00,2026-05-24T23:12
T04880,Software Development,Spring Boot,Medium,6.8,32.4,Hyderabad,2026-01-15T06:00,2026-01-16T14:24
T04881,Bug Fix,Spring Boot|JavaScript,High,5.0,11.6,Mumbai,2026-07-06T05:00,2026-07-06T16:36
T04882,Support,AWS,High,11.5,33.9,Pune,2026-06-05T08:00,2026-06-06T17:54
T04883,Bug Fix,Node.js|SQL,High,2.4,6.6,Coimbatore,2026-07-31T17:00,2026-07-31T23:36
T04884,Testing,SQL|Selenium,High,7.2,12.0,Coimbatore,2026-04-12T01:00,2026-04-12T13:00
T04885,Software Development,JavaScript|React,High,10.1,23.3,Mumbai,2026-01-13T12:00,2026-01-14T11:18
T04886,Cloud/DevOps,Docker|Azure|Kubernetes,Medium,11.6,38.3,Remote,2026-04-10T12:00,2026-04-12T02:18
T04887,Cloud/DevOps,Linux|AWS|Azure,High,8.1,21.9,Coimbatore,2026-08-01T05:00,2026-08-02T02:54
T04888,Data Engineering,PostgreSQL,Medium,1.9,12.0,Coimbatore,2026-05-27T10:00,2026-05-27T22:00
T04889,Cybersecurity,Python,Medium,3.5,12.0,Mumbai,2026-06-30T02:00,2026-06-30T14:00
T04890,Software Development,JavaScript|Python|Spring Boot,Low,4.5,24.0,Hyderabad,2026-07-03T20:00,2026-07-04T20:00
T04891,Cybersecurity,Cybersecurity,Critical,8.7,12.7,Kolkata,2026-04-29T07:00,2026-04-29T19:42
T04892,Testing,SQL|Java,Medium,7.7,29.7,Coimbatore,2026-03-06T10:00,2026-03-07T15:42
T04893,Cybersecurity,Azure,High,11.4,32.2,Mumbai,2026-06-15T02:00,2026-06-16T10:12
T04894,Support,Azure|AWS,Critical,9.5,11.8,Hyderabad,2026-06-28T15:00,2026-06-29T02:48
T04895,Cloud/DevOps,Python|Kubernetes|Docker,Low,5.6,24.0,Kolkata,2026-08-05T23:00,2026-08-06T23:00
T04896,Database,Java,High,3.3,7.0,Kolkata,2026-03-09T00:00,2026-03-09T07:00
T04897,Software Development,Java|Node.js,High,7.7,15.3,Coimbatore,2026-06-15T22:00,2026-06-16T13:18
T04898,Software Development,JavaScript|C++|Spring Boot,Medium,21.8,51.8,Coimbatore,2026-06-23T02:00,2026-06-25T05:48
T04899,Data Engineering,PostgreSQL|SQL|Spark,Medium,4.3,17.0,Delhi,2026-05-07T08:00,2026-05-08T01:00
T04900,Bug Fix,JavaScript|SQL,Medium,3.2,12.0,Bangalore,2026-03-28T08:00,2026-03-28T20:00
T04901,Bug Fix,Spring Boot|Node.js,Low,5.2,25.5,Pune,2026-01-08T05:00,2026-01-09T06:30
T04902,Cloud/DevOps,Azure|Python,Medium,11.3,22.8,Remote,2026-01-27T12:00,2026-01-28T10:48
T04903,Machine Learning,Python|TensorFlow,Medium,3.7,14.5,Pune,2026-01-31T15:00,2026-02-01T05:30
T04904,Bug Fix,Node.js|JavaScript,Low,7.4,35.5,Remote,2026-04-29T01:00,2026-04-30T12:30
T04905,Support,Linux|Python,Medium,11.6,43.9,Delhi,2026-03-07T00:00,2026-03-08T19:54
T04906,Support,AWS,Medium,11.3,24.9,Remote,2026-01-27T23:00,2026-01-28T23:54
T04907,Support,Python,High,13.4,27.8,Pune,2026-04-17T12:00,2026-04-18T15:48
T04908,Software Development,Java,High,4.0,10.0,Remote,2026-04-27T13:00,2026-04-27T23:00
T04909,Support,AWS,Medium,5.8,15.8,Bangalore,2026-01-17T14:00,2026-01-18T05:48
T04910,Data Engineering,SQL,High,4.1,11.4,Chennai,2026-06-06T08:00,2026-06-06T19:24
T04911,Machine Learning,SQL,Medium,4.7,12.4,Bangalore,2026-03-31T17:00,2026-04-01T05:24
T04912,Cybersecurity,Python|Azure|AWS,Medium,5.2,25.3,Kolkata,2026-02-26T10:00,2026-02-27T11:18
T04913,Testing,Selenium|Java,High,4.4,9.5,Bangalore,2026-03-07T04:00,2026-03-07T13:30
T04914,Software Development,React|Java|Spring Boot,High,7.1,15.6,Chennai,2026-05-25T00:00,2026-05-25T15:36
T04915,Cloud/DevOps,Docker,High,5.4,8.7,Remote,2026-08-28T12:00,2026-08-28T20:42
T04916,Machine Learning,Deep Learning|TensorFlow,Medium,11.7,55.8,Bangalore,2026-01-31T18:00,2026-02-03T01:48
T04917,Software Development,React,Low,9.5,37.2,Hyderabad,2026-05-27T11:00,2026-05-29T00:12
T04918,Testing,Python,High,7.5,17.3,Remote,2026-06-28T02:00,2026-06-28T19:18
T04919,Testing,JavaScript|Java,Medium,3.1,14.3,Mumbai,2026-04-20T07:00,2026-04-20T21:18
T04920,Testing,SQL|JavaScript|Java,Medium,5.1,23.1,Remote,2026-03-02T10:00,2026-03-03T09:06
T04921,Cloud/DevOps,Azure|Linux,Medium,5.9,25.5,Chennai,2026-08-19T03:00,2026-08-20T04:30
T04922,Bug Fix,Java|SQL|Python,Low,3.9,26.5,Remote,2026-03-14T02:00,2026-03-15T04:30
T04923,Cloud/DevOps,Python,High,7.8,15.2,Remote,2026-06-18T15:00,2026-06-19T06:12
T04924,Cloud/DevOps,Python|Docker,High,5.5,12.6,Hyderabad,2026-03-15T14:00,2026-03-16T02:36
T04925,Cybersecurity,Linux|Azure|AWS,Medium,8.6,33.3,Hyderabad,2026-07-31T11:00,2026-08-01T20:18
T04926,Machine Learning,Machine Learning|Python,Medium,5.9,16.9,Delhi,2026-04-27T23:00,2026-04-28T15:54
T04927,Software Development,Node.js|Spring Boot,Medium,7.1,35.1,Pune,2026-05-24T17:00,2026-05-26T04:06
T04928,Bug Fix,Spring Boot|JavaScript,Medium,3.1,12.4,Coimbatore,2026-06-10T21:00,2026-06-11T09:24
T04929,Machine Learning,Machine Learning,Medium,10.9,29.1,Hyderabad,2026-01-14T15:00,2026-01-15T20:06
T04930,Support,Java|SQL,Medium,4.2,18.7,Bangalore,2026-02-22T16:00,2026-02-23T10:42
T04931,Data Engineering,Spark,Medium,3.9,12.0,Chennai,2026-05-22T03:00,2026-05-22T15:00
T04932,Cloud/DevOps,Linux,Medium,6.4,23.4,Chennai,2026-04-02T09:00,2026-04-03T08:24
T04933,Bug Fix,JavaScript|Node.js|Java,Medium,5.5,14.2,Bangalore,2026-01-28T03:00,2026-01-28T17:12
T04934,Cybersecurity,Python,Medium,3.8,12.0,Hyderabad,2026-08-23T13:00,2026-08-24T01:00
T04935,Machine Learning,Python,High,9.8,23.0,Hyderabad,2026-05-13T10:00,2026-05-14T09:00
T04936,Machine Learning,PyTorch|Python|Deep Learning,Medium,4.8,23.8,Remote,2026-03-02T10:00,2026-03-03T09:48
T04937,Cybersecurity,Linux|AWS|Cybersecurity,High,9.3,17.9,Remote,2026-06-10T13:00,2026-06-11T06:54
T04938,Software Development,Node.js|C++|Spring Boot,Medium,6.6,27.5,Chennai,2026-03-21T19:00,2026-03-22T22:30
T04939,Support,Python|AWS,Critical,6.9,8.6,Remote,2026-06-14T19:00,2026-06-15T03:36
T04940,Bug Fix,Node.js|JavaScript|SQL,Critical,10.8,14.8,Bangalore,2026-02-07T07:00,2026-02-07T21:48
T04941,Bug Fix,C++|SQL|Java,Low,4.6,24.0,Mumbai,2026-03-22T09:00,2026-03-23T09:00
T04942,Cybersecurity,AWS,Medium,4.6,15.7,Bangalore,2026-06-27T18:00,2026-06-28T09:42
T04943,Cybersecurity,AWS|Azure,High,10.2,23.6,Pune,2026-06-22T15:00,2026-06-23T14:36
T04944,Bug Fix,Spring Boot,Medium,7.6,34.5,Coimbatore,2026-03-14T22:00,2026-03-16T08:30
T04945,Testing,Java|SQL,High,7.3,13.2,Chennai,2026-04-15T09:00,2026-04-15T22:12
T04946,Cloud/DevOps,Kubernetes|AWS,High,5.6,8.7,Remote,2026-04-27T09:00,2026-04-27T17:42
T04947,Cloud/DevOps,Kubernetes|Linux|Python,High,4.9,8.5,Coimbatore,2026-07-17T17:00,2026-07-18T01:30
T04948,Testing,Java|Selenium,Medium,6.2,15.0,Chennai,2026-03-31T17:00,2026-04-01T08:00
T04949,Support,AWS,Low,3.6,26.5,Remote,2026-08-02T13:00,2026-08-03T15:30
T04950,Bug Fix,Java|JavaScript,High,4.7,7.5,Mumbai,2026-07-19T23:00,2026-07-20T06:30
T04951,Bug Fix,Python|C++|JavaScript,Medium,4.9,18.6,Delhi,2026-01-06T05:00,2026-01-06T23:36
T04952,Cybersecurity,Cybersecurity|Linux,Medium,5.3,15.7,Pune,2026-03-17T04:00,2026-03-17T19:42
T04953,Machine Learning,PyTorch|Machine Learning|Deep Learning,Medium,7.9,16.1,Pune,2026-08-24T15:00,2026-08-25T07:06
T04954,Testing,JavaScript,Critical,5.3,6.9,Mumbai,2026-02-13T13:00,2026-02-13T19:54
T04955,Machine Learning,SQL|TensorFlow|Deep Learning,High,11.0,30.6,Chennai,2026-08-18T23:00,2026-08-20T05:36
T04956,Bug Fix,C++|Node.js|Java,Medium,5.4,15.0,Bangalore,2026-07-14T09:00,2026-07-15T00:00
T04957,Software Development,C++|React|Java,Medium,10.2,38.4,Chennai,2026-07-03T15:00,2026-07-05T05:24
T04958,Cybersecurity,Linux|Python|Cybersecurity,High,8.8,14.2,Mumbai,2026-07-27T16:00,2026-07-28T06:12
T04959,Machine Learning,Python,Medium,9.0,34.2,Chennai,2026-08-11T00:00,2026-08-12T10:12
T04960,Cybersecurity,Python,High,2.5,7.2,Remote,2026-07-01T18:00,2026-07-02T01:12
T04961,Data Engineering,SQL|PostgreSQL,Low,2.5,24.0,Hyderabad,2026-06-07T15:00,2026-06-08T15:00
T04962,Software Development,Python,Critical,8.1,10.5,Pune,2026-03-19T21:00,2026-03-20T07:30
T04963,Machine Learning,Python,Critical,4.6,6.7,Remote,2026-01-24T07:00,2026-01-24T13:42
T04964,Support,Java|Linux|AWS,Medium,5.7,16.6,Hyderabad,2026-04-10T14:00,2026-04-11T06:36
T04965,Software Development,Spring Boot,Critical,12.0,14.8,Delhi,2026-01-07T09:00,2026-01-07T23:48
T04966,Database,PostgreSQL,Medium,3.1,12.0,Coimbatore,2026-05-28T20:00,2026-05-29T08:00
T04967,Cloud/DevOps,Azure,Medium,6.9,32.0,Hyderabad,2026-04-14T06:00,2026-04-15T14:00
T04968,Support,Java|Linux|Python,High,7.2,17.2,Delhi,2026-04-16T18:00,2026-04-17T11:12
T04969,Database,MongoDB|PostgreSQL,Critical,4.6,7.2,Kolkata,2026-05-02T15:00,2026-05-02T22:12
T04970,Cybersecurity,Cybersecurity|AWS,Medium,3.8,12.0,Pune,2026-01-01T10:00,2026-01-01T22:00
T04971,Support,SQL,High,5.7,9.5,Hyderabad,2026-06-07T11:00,2026-06-07T20:30
T04972,Database,SQL|PostgreSQL|MongoDB,Medium,3.4,12.0,Remote,2026-02-18T18:00,2026-02-19T06:00
T04973,Cybersecurity,AWS,Critical,7.5,12.8,Pune,2026-08-03T21:00,2026-08-04T09:48
T04974,Cloud/DevOps,Azure|Kubernetes,Medium,6.9,23.8,Delhi,2026-08-22T22:00,2026-08-23T21:48
T04975,Testing,SQL|Java,Medium,6.2,12.5,Coimbatore,2026-06-13T19:00,2026-06-14T07:30
T04976,Machine Learning,Machine Learning,Low,7.3,51.2,Remote,2026-08-25T05:00,2026-08-27T08:12
T04977,Bug Fix,Java|Python,High,3.8,6.4,Remote,2026-02-16T09:00,2026-02-16T15:24
T04978,Bug Fix,SQL|Node.js,Medium,3.0,12.0,Kolkata,2026-05-12T17:00,2026-05-13T05:00
T04979,Cybersecurity,AWS,High,9.9,23.5,Mumbai,2026-05-02T10:00,2026-05-03T09:30
T04980,Data Engineering,Python|PostgreSQL,Medium,4.5,15.8,Remote,2026-08-25T06:00,2026-08-25T21:48
T04981,Cybersecurity,Python,High,9.4,19.5,Coimbatore,2026-04-18T08:00,2026-04-19T03:30
T04982,Cloud/DevOps,Azure|Linux|Python,Medium,6.1,22.2,Mumbai,2026-08-18T21:00,2026-08-19T19:12
T04983,Cybersecurity,Cybersecurity|Linux|Azure,High,8.7,22.7,Kolkata,2026-01-16T03:00,2026-01-17T01:42
T04984,Bug Fix,Java,Low,20.0,147.3,Mumbai,2026-01-25T16:00,2026-01-31T19:18
T04985,Cloud/DevOps,AWS|Azure|Linux,Critical,2.0,2.5,Remote,2026-08-07T07:00,2026-08-07T09:30
T04986,Machine Learning,PyTorch,Medium,6.9,28.3,Hyderabad,2026-02-21T14:00,2026-02-22T18:18
T04987,Database,Python|PostgreSQL|MongoDB,High,5.8,13.5,Kolkata,2026-08-03T05:00,2026-08-03T18:30
T04988,Database,PostgreSQL|Java|Python,Low,6.3,24.0,Delhi,2026-05-14T12:00,2026-05-15T12:00
T04989,Cloud/DevOps,Docker,Medium,4.1,12.4,Pune,2026-05-20T16:00,2026-05-21T04:24
T04990,Software Development,Python|Java,Medium,4.2,16.3,Remote,2026-03-09T22:00,2026-03-10T14:18
T04991,Database,SQL,Medium,6.5,17.1,Chennai,2026-06-23T00:00,2026-06-23T17:06
T04992,Testing,Java,Medium,6.9,29.4,Coimbatore,2026-06-27T02:00,2026-06-28T07:24
T04993,Database,Python|PostgreSQL|SQL,Low,2.9,24.0,Mumbai,2026-08-28T13:00,2026-08-29T13:00
T04994,Testing,Java|JavaScript,Medium,11.1,41.2,Chennai,2026-01-19T09:00,2026-01-21T02:12
T04995,Support,Azure|Java,High,3.6,6.6,Delhi,2026-02-18T20:00,2026-02-19T02:36
T04996,Testing,JavaScript,High,7.0,13.0,Coimbatore,2026-03-03T10:00,2026-03-03T23:00
T04997,Database,MongoDB,Medium,6.9,18.8,Delhi,2026-03-09T05:00,2026-03-09T23:48
T04998,Data Engineering,Azure|Spark,High,3.9,8.0,Remote,2026-02-24T13:00,2026-02-24T21:00
T04999,Support,SQL|Python,Medium,6.0,26.4,Delhi,2026-03-14T04:00,2026-03-15T06:24
T05000,Testing,SQL|JavaScript|Python,Medium,5.5,13.8,Remote,2026-04-07T22:00,2026-04-08T11:48
